feedback,sentiment,topic,split,feedback_sach,ten_cam_xuc,ten_chu_de,so_tu
slide giáo trình đầy đủ .,1,1,train,slide giáo trình đầy đủ,Tích cực,Chương trình,5
đi học đầy đủ full điểm chuyên cần .,0,1,train,đi học đầy đủ full điểm chuyên cần,Tiêu cực,Chương trình,8
"thời lượng học quá dài , không đảm bảo tiếp thu hiệu quả .",0,1,train,thời lượng học quá dài không đảm bảo tiếp thu hiệu quả,Tiêu cực,Chương trình,12
"nội dung môn học có phần thiếu trọng tâm , hầu như là chung chung , khái quát khiến sinh viên rất khó nắm được nội dung môn học .",0,1,train,nội dung môn học có phần thiếu trọng tâm hầu như là chung chung khái quát khiến sinh viên rất khó nắm được nội dung môn học,Tiêu cực,Chương trình,27
cần nói rõ hơn bằng cách trình bày lên bảng thay vì nhìn vào slide .,0,1,train,cần nói rõ hơn bằng cách trình bày lên bảng thay vì nhìn vào slide,Tiêu cực,Chương trình,15
môn học còn dễ cần nâng độ khó lên nữa .,0,1,train,môn học còn dễ cần nâng độ khó lên nữa,Tiêu cực,Chương trình,10
"có thể cho sinh viên đi thăm quan nhiều công ty xem quy mô và cách làm việc , để giúp hiểu rõ hơn vê ngành mình đang học .",0,1,train,có thể cho sinh viên đi thăm quan nhiều công ty xem quy mô và cách làm việc để giúp hiểu rõ hơn vê ngành mình đang học,Tiêu cực,Chương trình,28
cần tạo các buổi seminar để sinh viên có thể hiểu sâu thêm về các vấn đề trong chuyên ngành nhưng không có trong môn học .,0,1,train,cần tạo các buổi seminar để sinh viên có thể hiểu sâu thêm về các vấn đề trong chuyên ngành nhưng không có trong môn học,Tiêu cực,Chương trình,26
"chưa có nhiều tiết làm bài tập , chữa bài tập trên lớp .",0,1,train,chưa có nhiều tiết làm bài tập chữa bài tập trên lớp,Tiêu cực,Chương trình,12
tài liệu được bổ sung nhiều và đầy đủ trên moodle .,1,1,train,tài liệu được bổ sung nhiều và đầy đủ trên moodle,Tích cực,Chương trình,11
nên biên soạn một tài liệu của chính trường ta .,0,1,train,nên biên soạn một tài liệu của chính trường ta,Tiêu cực,Chương trình,10
"bài tập đa dạng , cụ thể .",1,1,train,bài tập đa dạng cụ thể,Tích cực,Chương trình,6
"nội dung giảng viên yêu câu seminar hầu như không có tài liệu tham khảo và rất ít ứng dụng trong thực tế , đề nghị có sự thay đổi trong những năm học tới .",0,1,train,nội dung giảng viên yêu câu seminar hầu như không có tài liệu tham khảo và rất ít ứng dụng trong thực tế đề nghị có sự thay đổi trong những năm học tới,Tiêu cực,Chương trình,34
slide up đầy đủ trước mỗi buổi học .,1,1,train,slide up đầy đủ trước mỗi buổi học,Tích cực,Chương trình,8
"nội dung giảng dạy quá nhàm chán , khô khan .",0,1,train,nội dung giảng dạy quá nhàm chán khô khan,Tiêu cực,Chương trình,9
lượng kiến thức quá nhiều trong một học kỳ .,0,1,train,lượng kiến thức quá nhiều trong một học kỳ,Tiêu cực,Chương trình,9
nhiều khi em lên lớp học môn đặc tả hình thức giống như lên lớp học mà không biết mình học cái gì .,0,1,train,nhiều khi em lên lớp học môn đặc tả hình thức giống như lên lớp học mà không biết mình học cái gì,Tiêu cực,Chương trình,23
thực hành khó hiểu .,0,1,train,thực hành khó hiểu,Tiêu cực,Chương trình,4
cô rất nhiệt tình và tận dụng tốt thời gian .,1,1,train,cô rất nhiệt tình và tận dụng tốt thời gian,Tích cực,Chương trình,10
bài tập và có code tham khảo .,1,1,train,bài tập và có code tham khảo,Tích cực,Chương trình,7
tài liệu không chi tiết lắm .,0,1,train,tài liệu không chi tiết lắm,Tiêu cực,Chương trình,6
nên kinh mong nội dung môn học được giảm tải cho phù hợp hơn với đặc thù của một trường công nghệ thông tin .,0,1,train,nên kinh mong nội dung môn học được giảm tải cho phù hợp hơn với đặc thù của một trường công nghệ thông tin,Tiêu cực,Chương trình,24
ôn tập đúng theo thầy nhưng không biết cuối kỳ được mấy điểm .,2,1,train,ôn tập đúng theo thầy nhưng không biết cuối kỳ được mấy điểm,Trung lập,Chương trình,13
giáo trình quá ít và nội dung không khác nhau là mấy .,0,1,train,giáo trình quá ít và nội dung không khác nhau là mấy,Tiêu cực,Chương trình,12
không đáp ứng được đề cương môn học đề ra .,0,1,train,không đáp ứng được đề cương môn học đề ra,Tiêu cực,Chương trình,10
"môn lập trình hướng đối tượng nên cập nhật thêm những nội dung mới , dễ hiểu và giảng giải cụ thể hơn .",0,1,train,môn lập trình hướng đối tượng nên cập nhật thêm những nội dung mới dễ hiểu và giảng giải cụ thể hơn,Tiêu cực,Chương trình,22
bài tập và hoạt động nhóm còn ít .,0,1,train,bài tập và hoạt động nhóm còn ít,Tiêu cực,Chương trình,8
hiện tại em chưa thấy tác dụng gì nhiều khi học môn này .,0,1,train,hiện tại em chưa thấy tác dụng gì nhiều khi học môn này,Tiêu cực,Chương trình,13
lớp học quá đông !,0,1,train,lớp học quá đông,Tiêu cực,Chương trình,4
"môn căn bản mà thầy không dạy cho sinh viên kỹ , gây không hiểu , mất căn bản .",0,1,train,môn căn bản mà thầy không dạy cho sinh viên kỹ gây không hiểu mất căn bản,Tiêu cực,Chương trình,17
"mà hiện tại trường ta chưa có , đây là thiệt thòi lớn đối với tụi em .",0,1,train,mà hiện tại trường ta chưa có đây là thiệt thòi lớn đối với tụi em,Tiêu cực,Chương trình,16
"môn học chưa thực tiễn , chưa thu hút sinh viên .",0,1,train,môn học chưa thực tiễn chưa thu hút sinh viên,Tiêu cực,Chương trình,10
ít làm bài tập .,0,1,train,ít làm bài tập,Tiêu cực,Chương trình,4
môn này khá trừu tượng nên mong thầy có nhiều liên tưởng tới thực tiễn hơn để chúng em có thể hiểu .,0,1,train,môn này khá trừu tượng nên mong thầy có nhiều liên tưởng tới thực tiễn hơn để chúng em có thể hiểu,Tiêu cực,Chương trình,22
cần thêm nhiều tài liệu cho sinh viên .,0,1,train,cần thêm nhiều tài liệu cho sinh viên,Tiêu cực,Chương trình,8
bài tập trên lớp .,2,1,train,bài tập trên lớp,Trung lập,Chương trình,4
tăng số tiết dạy lên để sinh viên có nhiều cơ hội hỏi đáp thắc mắc về môn học .,0,1,train,tăng số tiết dạy lên để sinh viên có nhiều cơ hội hỏi đáp thắc mắc về môn học,Tiêu cực,Chương trình,19
thực hành và lý thuyết nên dạy song song .,0,1,train,thực hành và lý thuyết nên dạy song song,Tiêu cực,Chương trình,9
bài tập trên lớp nên được giới thiệu ngay từ đầu tiết học để học sinh không tốn thời gian đọc đề cũng như có thể suy nghĩ cách giải cùng lúc với việc nghe giảng .,0,1,train,bài tập trên lớp nên được giới thiệu ngay từ đầu tiết học để học sinh không tốn thời gian đọc đề cũng như có thể suy nghĩ cách giải cùng lúc với việc nghe giảng,Tiêu cực,Chương trình,36
cập nhật bài tập mới .,0,1,train,cập nhật bài tập mới,Tiêu cực,Chương trình,5
môn này cần làm đề tài để áp dụng lý thuyết vào thực tiễn mà trên lớp chỉ học một đống lý thuyết và hiếm ai nhớ đa số khá buồn ngủ khi lên lớp .,0,1,train,môn này cần làm đề tài để áp dụng lý thuyết vào thực tiễn mà trên lớp chỉ học một đống lý thuyết và hiếm ai nhớ đa số khá buồn ngủ khi lên lớp,Tiêu cực,Chương trình,35
không đáp ứng được nhu cầu của sinh viên .,0,1,train,không đáp ứng được nhu cầu của sinh viên,Tiêu cực,Chương trình,9
em xin đề nghị nhà trường nên bổ sung tài liệu về môn học và cập nhật nội dung .,0,1,train,em xin đề nghị nhà trường nên bổ sung tài liệu về môn học và cập nhật nội dung,Tiêu cực,Chương trình,19
cần thêm nhiều tài liệu cho môn học .,0,1,train,cần thêm nhiều tài liệu cho môn học,Tiêu cực,Chương trình,8
cần xác định rõ mục đích môn học và cho sinh viên đề cương chi tiết môn học trước khi bắt đầu .,0,1,train,cần xác định rõ mục đích môn học và cho sinh viên đề cương chi tiết môn học trước khi bắt đầu,Tiêu cực,Chương trình,22
các yêu cầu về đồ án môn học nên đươc đưa ra chính xác trước khi sinh viên bắt đầu thực hiện chia nhóm và làm đồ án .,0,1,train,các yêu cầu về đồ án môn học nên đươc đưa ra chính xác trước khi sinh viên bắt đầu thực hiện chia nhóm và làm đồ án,Tiêu cực,Chương trình,28
"cần cải cách lại nội dung các bài thực hành , một số kiến nội dung trong bài thực hành đã trở nên lỗi thời .",0,1,train,cần cải cách lại nội dung các bài thực hành một số kiến nội dung trong bài thực hành đã trở nên lỗi thời,Tiêu cực,Chương trình,24
bài tập cần đa dạng hơn .,0,1,train,bài tập cần đa dạng hơn,Tiêu cực,Chương trình,6
em chưa hiểu rõ cách thức chấm điểm bài kiểm tra thực hành .,0,1,train,em chưa hiểu rõ cách thức chấm điểm bài kiểm tra thực hành,Tiêu cực,Chương trình,13
làm bài tập nhiều mặc dù không hiểu lắm .,0,1,train,làm bài tập nhiều mặc dù không hiểu lắm,Tiêu cực,Chương trình,9
cần đưa ra nhiều ví dụ minh họa hơn .,0,1,train,cần đưa ra nhiều ví dụ minh họa hơn,Tiêu cực,Chương trình,9
cần tăng cương trao đổi giữa sinh viên và giáo viên .,0,1,train,cần tăng cương trao đổi giữa sinh viên và giáo viên,Tiêu cực,Chương trình,11
"cấu trúc đề cương của thầy chưa rõ ràng , lý thuyết chưa được trình bày rõ trong các buổi học .",0,1,train,cấu trúc đề cương của thầy chưa rõ ràng lý thuyết chưa được trình bày rõ trong các buổi học,Tiêu cực,Chương trình,20
tài liệu hỗ trợ toàn tiếng anh rất khó học .,0,1,train,tài liệu hỗ trợ toàn tiếng anh rất khó học,Tiêu cực,Chương trình,10
bài tập mỗi tuần đều có và đầy đủ .,1,1,train,bài tập mỗi tuần đều có và đầy đủ,Tích cực,Chương trình,9
đề nghị tăng thời gian thưc hành .,0,1,train,đề nghị tăng thời gian thưc hành,Tiêu cực,Chương trình,7
"kiến thức được giảng viên trình bày rõ ràng , dễ hiểu cho sinh viên .",1,1,train,kiến thức được giảng viên trình bày rõ ràng dễ hiểu cho sinh viên,Tích cực,Chương trình,14
sắp xếp lịch học bù chưa hợp lý .,0,1,train,sắp xếp lịch học bù chưa hợp lý,Tiêu cực,Chương trình,8
"nhà trường nên đưa môn học này vào thời khóa biểu bắt buộc ở học kỳ 1 của các sinh viên năm nhất nhằm giúp các em nắm biết được mình nên học gì , mình có nên chuyển đổi ngành hay không .",0,1,train,nhà trường nên đưa môn học này vào thời khóa biểu bắt buộc ở học kỳ 1 của các sinh viên năm nhất nhằm giúp các em nắm biết được mình nên học gì mình có nên chuyển đổi ngành hay không,Tiêu cực,Chương trình,42
thời gian thực hành cần nhiều hơn .,0,1,train,thời gian thực hành cần nhiều hơn,Tiêu cực,Chương trình,7
slide chuẩn bị chưa tốt .,0,1,train,slide chuẩn bị chưa tốt,Tiêu cực,Chương trình,5
cần tăng cường nội dung nghe và nói để sinh viên giao tiếp tốt hơn bằng tiếng anh .,0,1,train,cần tăng cường nội dung nghe và nói để sinh viên giao tiếp tốt hơn bằng tiếng anh,Tiêu cực,Chương trình,18
chia sẻ .,2,1,train,chia sẻ,Trung lập,Chương trình,2
bám sát nội dung chính .,1,1,train,bám sát nội dung chính,Tích cực,Chương trình,5
cần thêm các đoạn code cho các giải thuật bổ sung các phương pháp để giải quyết các bài toán liệt kê .,0,1,train,cần thêm các đoạn code cho các giải thuật bổ sung các phương pháp để giải quyết các bài toán liệt kê,Tiêu cực,Chương trình,22
thông tin đầy đủ về bài tập và các nguồn tham khảo .,1,1,train,thông tin đầy đủ về bài tập và các nguồn tham khảo,Tích cực,Chương trình,12
"đến khi cuối kỳ , chỉ cần sinh viên mắc một sai sót nhỏ thì sẽ rớt môn .",0,1,train,đến khi cuối kỳ chỉ cần sinh viên mắc một sai sót nhỏ thì sẽ rớt môn,Tiêu cực,Chương trình,17
"cần thay đổi cách dạy và nội dung học của phần thực hành , các bài thực hành hiện tại của môn mạng máy tính chưa đảm bảo hiệu quả .",0,1,train,cần thay đổi cách dạy và nội dung học của phần thực hành các bài thực hành hiện tại của môn mạng máy tính chưa đảm bảo hiệu quả,Tiêu cực,Chương trình,29
"trên lớp lý thuyết giảng viên yêu cầu sinh viên phải thực hiện đồ án theo những gì mình hướng dẫn , những nhóm sinh viên bổ sung thêm những liên hệ thực tiễn đều bị cho là sai , không phù hợp với đồ án .",0,1,train,trên lớp lý thuyết giảng viên yêu cầu sinh viên phải thực hiện đồ án theo những gì mình hướng dẫn những nhóm sinh viên bổ sung thêm những liên hệ thực tiễn đều bị cho là sai không phù hợp với đồ án,Tiêu cực,Chương trình,44
"nội dung khảo sat quá dài , nhiều mục lặp đi lặp lại , nhiều bạn khảo sát mà không cần đọc , toàn tích chàn .",0,1,train,nội dung khảo sat quá dài nhiều mục lặp đi lặp lại nhiều bạn khảo sát mà không cần đọc toàn tích chàn,Tiêu cực,Chương trình,23
bài tập rất hay .,1,1,train,bài tập rất hay,Tích cực,Chương trình,4
cung cấp kiến thức trọng tâm .,1,1,train,cung cấp kiến thức trọng tâm,Tích cực,Chương trình,6
"dù phương pháp học tập này khá hiệu quả nhưng vẫn có chút nào đó nghi ngờ từ phần thuyết trình của các bạn , liệu các kiến thức đó có chuẩn xác và cập nhật chưa .",2,1,train,dù phương pháp học tập này khá hiệu quả nhưng vẫn có chút nào đó nghi ngờ từ phần thuyết trình của các bạn liệu các kiến thức đó có chuẩn xác và cập nhật chưa,Trung lập,Chương trình,36
thậm chí còn không có bài nào khó bằng các bài trong nội dung của lớp chuyên tin ở các trường cấp 3 .,0,1,train,thậm chí còn không có bài nào khó bằng các bài trong nội dung của lớp chuyên tin ở các trường cấp 3,Tiêu cực,Chương trình,23
lịch thi thực hành cần được thông báo sớm tới sinh viên và phù hợp với thời gian môn học .,0,1,train,lịch thi thực hành cần được thông báo sớm tới sinh viên và phù hợp với thời gian môn học,Tiêu cực,Chương trình,20
bài giảng thú vị .,1,1,train,bài giảng thú vị,Tích cực,Chương trình,4
em nghĩ nội dung thực hành nên gần với đồ án hơn .,0,1,train,em nghĩ nội dung thực hành nên gần với đồ án hơn,Tiêu cực,Chương trình,12
"hệ thống đồ án chấm điểm theo mức độ hoàn thành của sinh viên , tạo sự ganh đua không hề nhẹ với những nhóm làm chung đồ án , kích thích sáng tạo không ngừng tìm hiểu xây dựng thêm chức năng mới cho đồ án nếu muốn được điểm cao .",1,1,train,hệ thống đồ án chấm điểm theo mức độ hoàn thành của sinh viên tạo sự ganh đua không hề nhẹ với những nhóm làm chung đồ án kích thích sáng tạo không ngừng tìm hiểu xây dựng thêm chức năng mới cho đồ án nếu muốn được điểm cao,Tích cực,Chương trình,50
ít chú trọng phần ngữ pháp .,0,1,train,ít chú trọng phần ngữ pháp,Tiêu cực,Chương trình,6
nên có giáo trình thống nhất cho tất cả các lớp và học kỳ học .,0,1,train,nên có giáo trình thống nhất cho tất cả các lớp và học kỳ học,Tiêu cực,Chương trình,15
em nghĩ cần có các bài tập lớn để nâng cao khả năng lập trình của các sinh viên .,0,1,train,em nghĩ cần có các bài tập lớn để nâng cao khả năng lập trình của các sinh viên,Tiêu cực,Chương trình,19
"thời lượng môn học quá dài , sinh viên cảm thấy mệt mỏi .",0,1,train,thời lượng môn học quá dài sinh viên cảm thấy mệt mỏi,Tiêu cực,Chương trình,12
cô thật nhiệt tình .,1,1,train,cô thật nhiệt tình,Tích cực,Chương trình,4
phân bổ hợp lý thời gian học và nên cho xem nhiều video hơn là nghe .,0,1,train,phân bổ hợp lý thời gian học và nên cho xem nhiều video hơn là nghe,Tiêu cực,Chương trình,16
"nên đi sâu vào vấn đề , giúp sinh viên hiểu tốt môn học , và nên có những ứng dụng cụ thể mà môn học đem lại .",0,1,train,nên đi sâu vào vấn đề giúp sinh viên hiểu tốt môn học và nên có những ứng dụng cụ thể mà môn học đem lại,Tiêu cực,Chương trình,26
cứ ngỡ được 10 điểm là chắc chắn rồi .,0,1,train,cứ ngỡ được 10 điểm là chắc chắn rồi,Tiêu cực,Chương trình,9
"slide quá khó hiểu , nhiều chỗ không giải thích rõ ràng , đặc biệt là các bài hướng dẫn thực hành .",0,1,train,slide quá khó hiểu nhiều chỗ không giải thích rõ ràng đặc biệt là các bài hướng dẫn thực hành,Tiêu cực,Chương trình,20
bài tập không cho ví dụ về nhà để xem lại .,0,1,train,bài tập không cho ví dụ về nhà để xem lại,Tiêu cực,Chương trình,11
đầy đủ kiến thức .,1,1,train,đầy đủ kiến thức,Tích cực,Chương trình,4
tiết học chưa được thu hút .,0,1,train,tiết học chưa được thu hút,Tiêu cực,Chương trình,6
cần vào thẳng nội dung .,0,1,train,cần vào thẳng nội dung,Tiêu cực,Chương trình,5
cần giải bài tập nhiều hơn .,0,1,train,cần giải bài tập nhiều hơn,Tiêu cực,Chương trình,6
kiến thức giảng dạy môn tiếng anh hầu như không giúp ích nhiều cho sinh viên trong việc tìm hiểu các tài liệu chuyên ngành .,0,1,train,kiến thức giảng dạy môn tiếng anh hầu như không giúp ích nhiều cho sinh viên trong việc tìm hiểu các tài liệu chuyên ngành,Tiêu cực,Chương trình,25
"cách tìm kiếm chúng ở đâu , khai thác chúng ở đâu chứ không phải là phải nhớ mấy cái phương thức hay các hàm rồi viết lên giấy vào đề thi cuối kỳ .",0,1,train,cách tìm kiếm chúng ở đâu khai thác chúng ở đâu chứ không phải là phải nhớ mấy cái phương thức hay các hàm rồi viết lên giấy vào đề thi cuối kỳ,Tiêu cực,Chương trình,33
"những phần trọng tâm bài tập thì cũng không nói được "" đây là phần quan trọng có trong đề thi các em cần chú ý "" .",0,1,train,những phần trọng tâm bài tập thì cũng không nói được đây là phần quan trọng có trong đề thi các em cần chú ý,Tiêu cực,Chương trình,25
"nghe , nói luyện tập cao .",1,1,train,nghe nói luyện tập cao,Tích cực,Chương trình,5
sử dụng phần mềm crack .,0,1,train,sử dụng phần mềm crack,Tiêu cực,Chương trình,5
không nên tổ chức thực hành hình thức 2 .,0,1,train,không nên tổ chức thực hành hình thức 2,Tiêu cực,Chương trình,9
nên thay đổi hình thức khảo sát với môn học này thì môn học này không có lên lớp và chỉ có đến hạn thì báo cáo với giảng viên .,0,1,train,nên thay đổi hình thức khảo sát với môn học này thì môn học này không có lên lớp và chỉ có đến hạn thì báo cáo với giảng viên,Tiêu cực,Chương trình,30
"em nghĩ chỉ nên bắt buộc các bài tập có dạng căn bản , còn bài tập tương tự thì chỉ khuyến khích sinh viên làm thêm .",0,1,train,em nghĩ chỉ nên bắt buộc các bài tập có dạng căn bản còn bài tập tương tự thì chỉ khuyến khích sinh viên làm thêm,Tiêu cực,Chương trình,26
"không thống nhất trước về hình thức thi và làm bài tập , đến những tuần cuối cùng mới công bố .",0,1,train,không thống nhất trước về hình thức thi và làm bài tập đến những tuần cuối cùng mới công bố,Tiêu cực,Chương trình,20
"em thấy những nội dung như vậy rất mơ hồ , có tính áp đặt suy nghĩ cho người học .",0,1,train,em thấy những nội dung như vậy rất mơ hồ có tính áp đặt suy nghĩ cho người học,Tiêu cực,Chương trình,19
em thấy môn này nhiều lý thuyết không đáp ứng đủ trong việc làm đồ án .,0,1,train,em thấy môn này nhiều lý thuyết không đáp ứng đủ trong việc làm đồ án,Tiêu cực,Chương trình,16
"đề thi thực hành cần nêu yêu cầu cụ thể , rõ ràng hơn .",0,1,train,đề thi thực hành cần nêu yêu cầu cụ thể rõ ràng hơn,Tiêu cực,Chương trình,13
"môn học cần phân chia hợp lý giữa các phần , phần nào khó cần nhiều thời gian để học nó , phần nào đã học thì chỉ ra những điểm đặc biệt cũng như thời gian học phần đó rút ngắn lại để các phần chưa học khác sẽ có thời gian nhiều hơn .",0,1,train,môn học cần phân chia hợp lý giữa các phần phần nào khó cần nhiều thời gian để học nó phần nào đã học thì chỉ ra những điểm đặc biệt cũng như thời gian học phần đó rút ngắn lại để các phần chưa học khác sẽ có thời gian nhiều hơn,Tiêu cực,Chương trình,53
"thực hành đúng tiêu chí môn học , đi từ dễ đến khó cho sinh viên học tập từng bước dễ hiểu , giảng viên tích cực giải đáp thắc mắc và hỗ trợ sinh viên trong giờ thực hành .",0,1,train,thực hành đúng tiêu chí môn học đi từ dễ đến khó cho sinh viên học tập từng bước dễ hiểu giảng viên tích cực giải đáp thắc mắc và hỗ trợ sinh viên trong giờ thực hành,Tiêu cực,Chương trình,38
cảm thấy hứng thú khi lên lớp .,1,1,train,cảm thấy hứng thú khi lên lớp,Tích cực,Chương trình,7
"cùng một kiến thức nhưng cách truyền đạt của thầy dễ hiểu hơn , phù hợp với đại đa số sinh viên và tất nhiên là hữu dụng cho các môn khác chứ không hề lan man , thiếu trọng tâm như các giảng viên toán khác .",1,1,train,cùng một kiến thức nhưng cách truyền đạt của thầy dễ hiểu hơn phù hợp với đại đa số sinh viên và tất nhiên là hữu dụng cho các môn khác chứ không hề lan man thiếu trọng tâm như các giảng viên toán khác,Tích cực,Chương trình,45
"phần kiểm tra , thi cử đối với môn này nên đề cao tính tư duy logic của người học cũng như khả năng áp dụng kiến thức đã học vào thực tế thực nghiệm bằng cách chủ yếu đánh giá cao phần thực hành , viết code , làm project .",1,1,train,phần kiểm tra thi cử đối với môn này nên đề cao tính tư duy logic của người học cũng như khả năng áp dụng kiến thức đã học vào thực tế thực nghiệm bằng cách chủ yếu đánh giá cao phần thực hành viết code làm project,Tích cực,Chương trình,48
"do môn còn mới nên nhiều vấn đề trục trặc trong quá trình thực hành thầy vẫn chưa giải quyết được , nhưng vẫn rất ủng hộ thầy .",1,1,train,do môn còn mới nên nhiều vấn đề trục trặc trong quá trình thực hành thầy vẫn chưa giải quyết được nhưng vẫn rất ủng hộ thầy,Tích cực,Chương trình,27
"nội dung môn học còn khô , cứng !",0,1,train,nội dung môn học còn khô cứng,Tiêu cực,Chương trình,7
"sau khi đã học xong môn nhập môn điện tử , em thiết nghĩ môn học này cần có thêm những phần học về thực tế , để sinh viên chúng em có thêm động lực khi học những phần lý thuyết đôi khi "" khô khan "" và "" xa lạ "" đồng thời sẽ tạo được sự đam mê với bộ môn điện tử nói chung ngay từ những ngày đầu học "" nhập môn "" .",0,1,train,sau khi đã học xong môn nhập môn điện tử em thiết nghĩ môn học này cần có thêm những phần học về thực tế để sinh viên chúng em có thêm động lực khi học những phần lý thuyết đôi khi khô khan và xa lạ đồng thời sẽ tạo được sự đam mê với bộ môn điện tử nói chung ngay từ những ngày đầu học nhập môn,Tiêu cực,Chương trình,70
"cơ sở dữ liệu năm nay đã kết hợp với thiết kế cơ sở dữ liệu rồi , kiến thức nhiều mà thi có phần trắc nghiệm nữa thì đánh giá kiến thức học được chưa đảm bảo cho lắm ạ .",0,1,train,cơ sở dữ liệu năm nay đã kết hợp với thiết kế cơ sở dữ liệu rồi kiến thức nhiều mà thi có phần trắc nghiệm nữa thì đánh giá kiến thức học được chưa đảm bảo cho lắm ạ,Tiêu cực,Chương trình,40
nội dung có liên hệ nhiều với thực tế .,1,1,train,nội dung có liên hệ nhiều với thực tế,Tích cực,Chương trình,9
môn học chỉ nên thuyết trình tìm hiểu về egov không làm đồ án .,0,1,train,môn học chỉ nên thuyết trình tìm hiểu về egov không làm đồ án,Tiêu cực,Chương trình,14
thực hành hình thức 2 khó có thể tham gia học thường xuyên lắm ạ !,0,1,train,thực hành hình thức 2 khó có thể tham gia học thường xuyên lắm ạ,Tiêu cực,Chương trình,15
"em thấy rất hài lòng về môn học này , nên em không có ý kiến gì khác cả .",1,1,train,em thấy rất hài lòng về môn học này nên em không có ý kiến gì khác cả,Tích cực,Chương trình,18
cần học môn lập trình trực quan trước .,0,1,train,cần học môn lập trình trực quan trước,Tiêu cực,Chương trình,8
thêm phần anh văn chuyên ngành vào nội dung học .,0,1,train,thêm phần anh văn chuyên ngành vào nội dung học,Tiêu cực,Chương trình,10
"cập nhật điểm thi giữa kỳ chậm , nên sinh viên không biết mức độ phấn đấu như thế nào !",0,1,train,cập nhật điểm thi giữa kỳ chậm nên sinh viên không biết mức độ phấn đấu như thế nào,Tiêu cực,Chương trình,19
thời gian nộp bài tại lớp hơi ngắn .,0,1,train,thời gian nộp bài tại lớp hơi ngắn,Tiêu cực,Chương trình,8
"cần có sách học hay , chi tiết , hiệu quả colonsmilesmile .",0,1,train,cần có sách học hay chi tiết hiệu quả colonsmilesmile,Tiêu cực,Chương trình,10
nội dung lý thuyết và thực hành của môn học không có bất kỳ liên hệ gì với nhau nội dung lý thuyết không phù hợp với môn học và không tạo được sự quan tâm và mong muốn của sinh viên về kiến thức quản trị mạng như mong đợi .,0,1,train,nội dung lý thuyết và thực hành của môn học không có bất kỳ liên hệ gì với nhau nội dung lý thuyết không phù hợp với môn học và không tạo được sự quan tâm và mong muốn của sinh viên về kiến thức quản trị mạng như mong đợi,Tiêu cực,Chương trình,51
không có giáo trình .,0,1,train,không có giáo trình,Tiêu cực,Chương trình,4
cần thêm bài tập và rèn luyện kỹ năng giao tiếp .,0,1,train,cần thêm bài tập và rèn luyện kỹ năng giao tiếp,Tiêu cực,Chương trình,11
"mọi việc điều được sinh viên tự học , tự tìm hiểu thông qua các trang mạng , thông qua việc email trực tiếp với giảng viên .",2,1,train,mọi việc điều được sinh viên tự học tự tìm hiểu thông qua các trang mạng thông qua việc email trực tiếp với giảng viên,Trung lập,Chương trình,25
"slide bài giảng còn lẫn lộn anh việt , phần tiếng việt thì giảng viên lại dùng google dịch nên đọc không hiểu .",0,1,train,slide bài giảng còn lẫn lộn anh việt phần tiếng việt thì giảng viên lại dùng google dịch nên đọc không hiểu,Tiêu cực,Chương trình,22
cần cho nhiều thời gian để sinh viên có đủ thời gian hoàn thành đồ án môn học .,0,1,train,cần cho nhiều thời gian để sinh viên có đủ thời gian hoàn thành đồ án môn học,Tiêu cực,Chương trình,18
"quá nhàm chán , không nâng cao được kiến thức .",0,1,train,quá nhàm chán không nâng cao được kiến thức,Tiêu cực,Chương trình,9
bài tập khắt khe .,2,1,train,bài tập khắt khe,Trung lập,Chương trình,4
theo thời khóa biểu hiện nay thì học thực hành trước nên sinh viên lúc thực hành chưa hiểu vấn đề nên khó khăn trong việc làm bài .,0,1,train,theo thời khóa biểu hiện nay thì học thực hành trước nên sinh viên lúc thực hành chưa hiểu vấn đề nên khó khăn trong việc làm bài,Tiêu cực,Chương trình,28
tài liệu tiếng anh gây khó khăn cho ôn thi .,0,1,train,tài liệu tiếng anh gây khó khăn cho ôn thi,Tiêu cực,Chương trình,10
việc phân chia nhóm không hợp lý dẫn tới chất lượng học tập không tốt .,0,1,train,việc phân chia nhóm không hợp lý dẫn tới chất lượng học tập không tốt,Tiêu cực,Chương trình,15
"phần máy tính không hỗ trợ cho việc học nhiều , chỉ làm sinh viên phân tán .",0,1,train,phần máy tính không hỗ trợ cho việc học nhiều chỉ làm sinh viên phân tán,Tiêu cực,Chương trình,16
"các dạng bài tập rõ ràng , tài liệu cung cấp đầy đủ .",1,1,train,các dạng bài tập rõ ràng tài liệu cung cấp đầy đủ,Tích cực,Chương trình,12
cần tăng thời gian học .,0,1,train,cần tăng thời gian học,Tiêu cực,Chương trình,5
"nên cải tiến hệ thống chấm điểm online , update bài tập cho tất cả học sinh làm rồi có bảng xếp hạng , như bên codefun của miền bắc .",0,1,train,nên cải tiến hệ thống chấm điểm online update bài tập cho tất cả học sinh làm rồi có bảng xếp hạng như bên codefun của miền bắc,Tiêu cực,Chương trình,28
bài giảng thực tế .,1,1,train,bài giảng thực tế,Tích cực,Chương trình,4
cần tuân thủ đúng và đủ giờ .,0,1,train,cần tuân thủ đúng và đủ giờ,Tiêu cực,Chương trình,7
nội dung thực hành nên thay đổi doubledot mỗi tuần thực hành các phần lý thuyết trên lớp và giảng viên hướng dẫn làm đồ án cuối kỳ .,0,1,train,nội dung thực hành nên thay đổi doubledot mỗi tuần thực hành các phần lý thuyết trên lớp và giảng viên hướng dẫn làm đồ án cuối kỳ,Tiêu cực,Chương trình,28
thực sự em vẫn chưa hiểu ngoài việc để làm bài tập thì wireshark được dùng để làm việc gì khác .,0,1,train,thực sự em vẫn chưa hiểu ngoài việc để làm bài tập thì wireshark được dùng để làm việc gì khác,Tiêu cực,Chương trình,21
nên thống nhất lại nội dung môn học so với cách thi của phòng đào tạo .,0,1,train,nên thống nhất lại nội dung môn học so với cách thi của phòng đào tạo,Tiêu cực,Chương trình,16
"cần tăng chú ý về kỹ năng cần thiết trong toeic như nghe , đọc .",0,1,train,cần tăng chú ý về kỹ năng cần thiết trong toeic như nghe đọc,Tiêu cực,Chương trình,14
"kính mong giảng viên có thể cho thêm nhiều bài tập nhằm giúp sinh viên luyện tập , nắm bắt nội dung môn học và vận dụng nó hiệu quả hơn , giúp ích cho việc học các môn sau này .",0,1,train,kính mong giảng viên có thể cho thêm nhiều bài tập nhằm giúp sinh viên luyện tập nắm bắt nội dung môn học và vận dụng nó hiệu quả hơn giúp ích cho việc học các môn sau này,Tiêu cực,Chương trình,39
"kiến thức nhiều , khó tiếp thu , phân loại chưa rõ .",0,1,train,kiến thức nhiều khó tiếp thu phân loại chưa rõ,Tiêu cực,Chương trình,10
"những điều này nghe tưởng chừng không liên quan đến môn học , nhưng lại giúp cho sinh viên phần nào có định hướng được công việc tương lai của mình .",1,1,train,những điều này nghe tưởng chừng không liên quan đến môn học nhưng lại giúp cho sinh viên phần nào có định hướng được công việc tương lai của mình,Tích cực,Chương trình,30
"không dùng điểm để đánh giá , nó làm sinh viên không dám thực hiện .",0,1,train,không dùng điểm để đánh giá nó làm sinh viên không dám thực hiện,Tiêu cực,Chương trình,14
"bài tập thực hành mỗi tuần hơi khó , mong rằng ở mỗi bài tập giảng viên có thể cung cấp bài giải kỹ càng để sinh viên có thể nghiên cứu và hiểu được cách làm .",0,1,train,bài tập thực hành mỗi tuần hơi khó mong rằng ở mỗi bài tập giảng viên có thể cung cấp bài giải kỹ càng để sinh viên có thể nghiên cứu và hiểu được cách làm,Tiêu cực,Chương trình,36
kiến thức đơn giản .,2,1,train,kiến thức đơn giản,Trung lập,Chương trình,4
"phần lý thuyết lặp lại nên chán , không thu hút .",0,1,train,phần lý thuyết lặp lại nên chán không thu hút,Tiêu cực,Chương trình,10
"chấm điểm dựa trên mức độ thấu hiểu bài , hay đưa ra lời khuyên hữu ích .",1,1,train,chấm điểm dựa trên mức độ thấu hiểu bài hay đưa ra lời khuyên hữu ích,Tích cực,Chương trình,16
cần tăng thời gian thực hành nói lên .,0,1,train,cần tăng thời gian thực hành nói lên,Tiêu cực,Chương trình,8
"môn học này thật sự rất khó và chương trình học hơi nặng , lúc trước môn này dược chia ra làm 2 môn là cấu trúc dữ liệu 1 và cấu trúc dữ liệu 2 , năm nay lại gộp thành một nên sinh viên khó tải nổi kiến thức .",0,1,train,môn học này thật sự rất khó và chương trình học hơi nặng lúc trước môn này dược chia ra làm 2 môn là cấu trúc dữ liệu 1 và cấu trúc dữ liệu 2 năm nay lại gộp thành một nên sinh viên khó tải nổi kiến thức,Tiêu cực,Chương trình,49
luyện nghe nhiều hơn .,0,1,train,luyện nghe nhiều hơn,Tiêu cực,Chương trình,4
nên đưa môn wzjwz129 vào giảng dạy ngay sau môn wzjwz130 và trước khi học các môn chuyên ngành .,0,1,train,nên đưa môn wzjwz129 vào giảng dạy ngay sau môn wzjwz130 và trước khi học các môn chuyên ngành,Tiêu cực,Chương trình,19
trao dồi thêm về kỹ năng speaking và listening .,0,1,train,trao dồi thêm về kỹ năng speaking và listening,Tiêu cực,Chương trình,9
ít bài tập .,0,1,train,ít bài tập,Tiêu cực,Chương trình,3
"các phần tiếng việt trong slide được ghi một cách khó hiểu và không rõ ràng , nhiều chỗ trong slide bài giảng có vẻ như được dịch bằng google dịch từ năm 2009 .",0,1,train,các phần tiếng việt trong slide được ghi một cách khó hiểu và không rõ ràng nhiều chỗ trong slide bài giảng có vẻ như được dịch bằng google dịch từ năm 2009,Tiêu cực,Chương trình,33
"thang điểm đưa ra đầu khóa học không rõ ràng , nhất quán so với thang điểm cuối khóa .",0,1,train,thang điểm đưa ra đầu khóa học không rõ ràng nhất quán so với thang điểm cuối khóa,Tiêu cực,Chương trình,18
thực hành nhiều .,0,1,train,thực hành nhiều,Tiêu cực,Chương trình,3
cần cung cấp thêm tài liệu học tập môn học này .,0,1,train,cần cung cấp thêm tài liệu học tập môn học này,Tiêu cực,Chương trình,11
nên dành nhiều thời gian cho bài tập và hướng dẫn cụ thể phương pháp giải hơn .,0,1,train,nên dành nhiều thời gian cho bài tập và hướng dẫn cụ thể phương pháp giải hơn,Tiêu cực,Chương trình,17
nhiều lúc lớp chỉ có hai người đi học .,0,1,train,nhiều lúc lớp chỉ có hai người đi học,Tiêu cực,Chương trình,9
có thể chia nhóm ra làm thực hành !,2,1,train,có thể chia nhóm ra làm thực hành,Trung lập,Chương trình,8
lý thuyết và thực hành nên đi đôi với nhau .,0,1,train,lý thuyết và thực hành nên đi đôi với nhau,Tiêu cực,Chương trình,10
không có nhiều bài tập để làm thêm .,0,1,train,không có nhiều bài tập để làm thêm,Tiêu cực,Chương trình,8
cần cân bằng việc giảng dạy giữa sinh viên yếu và khá trở lên .,0,1,train,cần cân bằng việc giảng dạy giữa sinh viên yếu và khá trở lên,Tiêu cực,Chương trình,14
tài liệu cung cấp thiếu .,0,1,train,tài liệu cung cấp thiếu,Tiêu cực,Chương trình,5
"chưa cung cấp cách nhìn sâu hơn về môn học vào thực tế hiện nay , chỉ mới mang tính trừu tượng .",0,1,train,chưa cung cấp cách nhìn sâu hơn về môn học vào thực tế hiện nay chỉ mới mang tính trừu tượng,Tiêu cực,Chương trình,21
kiến thức môn học mang lại tương đối đầy đủ và thực tế giúp sinh viên nắm rõ phương pháp và cách thức để học tập các môn chuyên ngành sau này .,1,1,train,kiến thức môn học mang lại tương đối đầy đủ và thực tế giúp sinh viên nắm rõ phương pháp và cách thức để học tập các môn chuyên ngành sau này,Tích cực,Chương trình,32
nên cho thời gian học nhiều hơn 2 tiết .,0,1,train,nên cho thời gian học nhiều hơn 2 tiết,Tiêu cực,Chương trình,9
những gì quan trọng cần nắm bắt và tìm hiểu thêm .,0,1,train,những gì quan trọng cần nắm bắt và tìm hiểu thêm,Tiêu cực,Chương trình,11
"rèn luyện được kỹ năng giao tiếp , mạnh dạng đứng trước lớp nói tiếng anh .",1,1,train,rèn luyện được kỹ năng giao tiếp mạnh dạng đứng trước lớp nói tiếng anh,Tích cực,Chương trình,15
cập nhật kiến thức thực tế .,1,1,train,cập nhật kiến thức thực tế,Tích cực,Chương trình,6
kiến thức chưa có trọng tâm .,0,1,train,kiến thức chưa có trọng tâm,Tiêu cực,Chương trình,6
"tiết học vui vẻ , thoải mái .",1,1,train,tiết học vui vẻ thoải mái,Tích cực,Chương trình,6
"yêu cầu quá cao đối với một sinh viên , mặc dù chỉ là một đồ án nhưng không nhất thiết phải quá chi tiết về mọi khía cạnh cụ thể .",0,1,train,yêu cầu quá cao đối với một sinh viên mặc dù chỉ là một đồ án nhưng không nhất thiết phải quá chi tiết về mọi khía cạnh cụ thể,Tiêu cực,Chương trình,30
nội dung hơi nhiều nên giảm bớt lại .,0,1,train,nội dung hơi nhiều nên giảm bớt lại,Tiêu cực,Chương trình,8
"do thời gian mỗi buổi học khá ngắn nên giảng viên cần tập trung vào những chủ đề quan trọng , phần còn lại nên để sinh viên tự tìm hiểu .",0,1,train,do thời gian mỗi buổi học khá ngắn nên giảng viên cần tập trung vào những chủ đề quan trọng phần còn lại nên để sinh viên tự tìm hiểu,Tiêu cực,Chương trình,30
chất lượng môn học phù hợp .,1,1,train,chất lượng môn học phù hợp,Tích cực,Chương trình,6
lên vừa cho học lý thuyết vừa cho thực hành .,2,1,train,lên vừa cho học lý thuyết vừa cho thực hành,Trung lập,Chương trình,10
môn học với kiến thức không quá nặng .,1,1,train,môn học với kiến thức không quá nặng,Tích cực,Chương trình,8
"nội dung thực hành đã cũ , không được đổi mới và không sát với thực tế .",0,1,train,nội dung thực hành đã cũ không được đổi mới và không sát với thực tế,Tiêu cực,Chương trình,16
các code ví dụ không được chiếu hết trên slide .,0,1,train,các code ví dụ không được chiếu hết trên slide,Tiêu cực,Chương trình,10
em mong môn này có thể áp dụng nhiều hơn trong những đồ án .,0,1,train,em mong môn này có thể áp dụng nhiều hơn trong những đồ án,Tiêu cực,Chương trình,14
thành thật mà nói thì sau khi học buổi đầu xong thì em không muốn học thêm buổi thứ hai .,0,1,train,thành thật mà nói thì sau khi học buổi đầu xong thì em không muốn học thêm buổi thứ hai,Tiêu cực,Chương trình,20
nên phát hành giáo trình chuẩn cho môn học .,0,1,train,nên phát hành giáo trình chuẩn cho môn học,Tiêu cực,Chương trình,9
dưới đây là hình thầy cung cấp toàn bộ tài liệu trong quá trình học .,2,1,train,dưới đây là hình thầy cung cấp toàn bộ tài liệu trong quá trình học,Trung lập,Chương trình,15
lịch thực hành không được thông báo .,0,1,train,lịch thực hành không được thông báo,Tiêu cực,Chương trình,7
kiến thức được đưa vào ứng dụng nhiều bài toán .,2,1,train,kiến thức được đưa vào ứng dụng nhiều bài toán,Trung lập,Chương trình,10
them nhiều tài liệu và video hướng dẫn .,0,1,train,them nhiều tài liệu và video hướng dẫn,Tiêu cực,Chương trình,8
"môn học nên tập trung vào chuyên sâu các mục , nên có biên soạn giáo trình mới , chuyên sâu hơn .",0,1,train,môn học nên tập trung vào chuyên sâu các mục nên có biên soạn giáo trình mới chuyên sâu hơn,Tiêu cực,Chương trình,20
"thời khóa biểu phân chia không hợp lý , chưa học lý thuyết đã phải học thực hành .",0,1,train,thời khóa biểu phân chia không hợp lý chưa học lý thuyết đã phải học thực hành,Tiêu cực,Chương trình,17
cung cấp nhiều bài tập cho sinh viên tham khảo .,1,1,train,cung cấp nhiều bài tập cho sinh viên tham khảo,Tích cực,Chương trình,10
bài giảng hơi khó hiểu .,0,1,train,bài giảng hơi khó hiểu,Tiêu cực,Chương trình,5
nên muốn nhà trường tăng thêm thời gian học lý thuyết của môn này .,0,1,train,nên muốn nhà trường tăng thêm thời gian học lý thuyết của môn này,Tiêu cực,Chương trình,14
cần thêm nhiêu bài tập thực tế .,0,1,train,cần thêm nhiêu bài tập thực tế,Tiêu cực,Chương trình,7
thật sự rất thất vọng về việc dạy thực hành của thầy !,0,1,train,thật sự rất thất vọng về việc dạy thực hành của thầy,Tiêu cực,Chương trình,12
slide hơi khó hiểu .,0,1,train,slide hơi khó hiểu,Tiêu cực,Chương trình,4
mong nhà trường xem xét lại để có sự nhất quán trong công tác dạy và chấm thi .,0,1,train,mong nhà trường xem xét lại để có sự nhất quán trong công tác dạy và chấm thi,Tiêu cực,Chương trình,18
tài liệu thực hành nên nêu rõ mục tiêu cũng như kiến thức cần đạt được sau bài thực hành .,0,1,train,tài liệu thực hành nên nêu rõ mục tiêu cũng như kiến thức cần đạt được sau bài thực hành,Tiêu cực,Chương trình,20
bài tập cuối kỳ làm quá nhiều .,0,1,train,bài tập cuối kỳ làm quá nhiều,Tiêu cực,Chương trình,7
quá chú trọng vào việc luyện kỹ năng thi toeic .,0,1,train,quá chú trọng vào việc luyện kỹ năng thi toeic,Tiêu cực,Chương trình,10
cần cho biết rõ hơn nữa về cách thức vận dụng vào trong từng bài tập .,0,1,train,cần cho biết rõ hơn nữa về cách thức vận dụng vào trong từng bài tập,Tiêu cực,Chương trình,16
cần cung cấp tài liệu bài giảng đầy đủ ngay từ những ngày đầu bắt đàu học .,0,1,train,cần cung cấp tài liệu bài giảng đầy đủ ngay từ những ngày đầu bắt đàu học,Tiêu cực,Chương trình,17
như vậy có đảm bảo được chất lượng giảng dạy không .,0,1,train,như vậy có đảm bảo được chất lượng giảng dạy không,Tiêu cực,Chương trình,11
cập nhật điểm thực hành và nhận xét đầy đủ .,1,1,train,cập nhật điểm thực hành và nhận xét đầy đủ,Tích cực,Chương trình,10
có những kiến thức cần thiết trong khi thực hành nhưng lý thuyết rất lâu sau mới dạy đến .,0,1,train,có những kiến thức cần thiết trong khi thực hành nhưng lý thuyết rất lâu sau mới dạy đến,Tiêu cực,Chương trình,19
nội dung thực hành nên sát với lý thuyết hơn .,0,1,train,nội dung thực hành nên sát với lý thuyết hơn,Tiêu cực,Chương trình,10
theo em nghĩ anh văn cần 2 tiết là đủ .,0,1,train,theo em nghĩ anh văn cần 2 tiết là đủ,Tiêu cực,Chương trình,10
nên bỏ phần thi lý thuyết .,0,1,train,nên bỏ phần thi lý thuyết,Tiêu cực,Chương trình,6
cập nhật tài liệu đầy đủ cho sinh viên !,0,1,train,cập nhật tài liệu đầy đủ cho sinh viên,Tiêu cực,Chương trình,9
"môn này rất khó kiếm tài liệu , phần lớn kiếm được lại là tài liệu tiếng anh .",0,1,train,môn này rất khó kiếm tài liệu phần lớn kiếm được lại là tài liệu tiếng anh,Tiêu cực,Chương trình,17
kiến thức hay !,1,1,train,kiến thức hay,Tích cực,Chương trình,3
"ví dụ giơ tay phát biểu cộng điểm , lên bảng làm bài tập cộng điểm .",2,1,train,ví dụ giơ tay phát biểu cộng điểm lên bảng làm bài tập cộng điểm,Trung lập,Chương trình,15
"cập nhật liên tục những công nghệ mới , không giảng dạy những công nghệ đã quá cũ trang thiết bị thực hành cần hoàn thiện .",0,1,train,cập nhật liên tục những công nghệ mới không giảng dạy những công nghệ đã quá cũ trang thiết bị thực hành cần hoàn thiện,Tiêu cực,Chương trình,25
chất lượng môn học hiện tại rất tốt .,1,1,train,chất lượng môn học hiện tại rất tốt,Tích cực,Chương trình,8
hạn chế cho ra ví dụ kiểu như 12 rồi cho bài tập kiểu như 245 .,0,1,train,hạn chế cho ra ví dụ kiểu như 12 rồi cho bài tập kiểu như 245,Tiêu cực,Chương trình,16
nên tìm được phương pháp dễ hình dung và thực tiễn hơn .,0,1,train,nên tìm được phương pháp dễ hình dung và thực tiễn hơn,Tiêu cực,Chương trình,12
nội dung bài học được lồng ghép vào nhưng trò chơi .,1,1,train,nội dung bài học được lồng ghép vào nhưng trò chơi,Tích cực,Chương trình,11
môn học tuy khó nhưng kiến thức rất có ý nghĩa cho sau này .,1,1,train,môn học tuy khó nhưng kiến thức rất có ý nghĩa cho sau này,Tích cực,Chương trình,14
thuyết trình trên lớp .,2,1,train,thuyết trình trên lớp,Trung lập,Chương trình,4
nhờ vậy trình của sinh viên lên rất nhiều sau mỗi buổi thực hành và làm bài tập .,1,1,train,nhờ vậy trình của sinh viên lên rất nhiều sau mỗi buổi thực hành và làm bài tập,Tích cực,Chương trình,18
cần tăng cường hoạt động nhóm và cần nhiều bài tập hơn cho môn học .,0,1,train,cần tăng cường hoạt động nhóm và cần nhiều bài tập hơn cho môn học,Tiêu cực,Chương trình,15
giáo trình hợp lý .,1,1,train,giáo trình hợp lý,Tích cực,Chương trình,4
ít dạy bài tập .,0,1,train,ít dạy bài tập,Tiêu cực,Chương trình,4
"có thể phần thực hành sinh viên sẽ có hai sự lựa chọn doubledot tự xây dựng một chương trình phân loại văn bản , như vậy chương trình sẽ có thể không xử lý được những đoạn văn bản phức tạp hoặc lớn thế nên cách chấm điểm sẽ có phần nương tay đối với phần áp dụng này .",0,1,train,có thể phần thực hành sinh viên sẽ có hai sự lựa chọn doubledot tự xây dựng một chương trình phân loại văn bản như vậy chương trình sẽ có thể không xử lý được những đoạn văn bản phức tạp hoặc lớn thế nên cách chấm điểm sẽ có phần nương tay đối với phần áp dụng này,Tiêu cực,Chương trình,59
vì môn học này không hay .,0,1,train,vì môn học này không hay,Tiêu cực,Chương trình,6
"người học thì chỉ biết học , lao đầu vào học , mà không hề hay biết những thứ đó bản chất là gì .",0,1,train,người học thì chỉ biết học lao đầu vào học mà không hề hay biết những thứ đó bản chất là gì,Tiêu cực,Chương trình,22
bài tập ở lớp giúp ích rất nhiều cho việc học .,1,1,train,bài tập ở lớp giúp ích rất nhiều cho việc học,Tích cực,Chương trình,11
chỉ có học lý thuyết .,0,1,train,chỉ có học lý thuyết,Tiêu cực,Chương trình,5
"tiến độ dạy còn chậm , những phần dễ cần đi nhanh hơn một chút giới thiệu lướt qua , những phần khó như sắp xếp quick soft trở lên , cây nên làm rõ hơn .",0,1,train,tiến độ dạy còn chậm những phần dễ cần đi nhanh hơn một chút giới thiệu lướt qua những phần khó như sắp xếp quick soft trở lên cây nên làm rõ hơn,Tiêu cực,Chương trình,33
"update các bài học mới , bổ ích .",1,1,train,update các bài học mới bổ ích,Tích cực,Chương trình,7
"bài giảng hay và hiệu quá , bài tập bám sát kiến thức .",1,1,train,bài giảng hay và hiệu quá bài tập bám sát kiến thức,Tích cực,Chương trình,12
"theo em nghĩ , đã làm đồ án môn học thì không nên thi cuối kỳ , mà thi cuối kỳ thì nên bỏ đồ án môn học .",0,1,train,theo em nghĩ đã làm đồ án môn học thì không nên thi cuối kỳ mà thi cuối kỳ thì nên bỏ đồ án môn học,Tiêu cực,Chương trình,26
nội dung các bài thực hành cần có hướng đi bao quát hơn .,0,1,train,nội dung các bài thực hành cần có hướng đi bao quát hơn,Tiêu cực,Chương trình,13
môn học tuyệt vời .,1,1,train,môn học tuyệt vời,Tích cực,Chương trình,4
có những cái học không biết để làm gì sau này vậy tại sao không giảm tải nó đi .,0,1,train,có những cái học không biết để làm gì sau này vậy tại sao không giảm tải nó đi,Tiêu cực,Chương trình,19
"môn học có phần không hợp lý , vì từ giữa kỳ qua phần sau tức từ chương 4 chuyển qua chương 5 trình độ của môn học tăng rất nhanh , có nhiều sinh viên không hiểu không nắm bắt được bài .",0,1,train,môn học có phần không hợp lý vì từ giữa kỳ qua phần sau tức từ chương 4 chuyển qua chương 5 trình độ của môn học tăng rất nhanh có nhiều sinh viên không hiểu không nắm bắt được bài,Tiêu cực,Chương trình,41
cần hạn chế dạy bài giảng điện tử .,0,1,train,cần hạn chế dạy bài giảng điện tử,Tiêu cực,Chương trình,8
slide còn khá khó hiểu .,0,1,train,slide còn khá khó hiểu,Tiêu cực,Chương trình,5
nội dung môn học nên tập trung vào chuyên ngành học .,0,1,train,nội dung môn học nên tập trung vào chuyên ngành học,Tiêu cực,Chương trình,11
tính điểm quá trình không công bằng .,0,1,train,tính điểm quá trình không công bằng,Tiêu cực,Chương trình,7
môn học cần thiết kế để sinh viên có cơ hội khảo sát thực tế .,0,1,train,môn học cần thiết kế để sinh viên có cơ hội khảo sát thực tế,Tiêu cực,Chương trình,15
đề thi quá khó so với bài tập trên lớp !,0,1,train,đề thi quá khó so với bài tập trên lớp,Tiêu cực,Chương trình,10
không mang lại hiệu quả .,0,1,train,không mang lại hiệu quả,Tiêu cực,Chương trình,5
ứng dụng của môn học đó giúp gì cho sinh viên .,2,1,train,ứng dụng của môn học đó giúp gì cho sinh viên,Trung lập,Chương trình,11
môn học quá sâu làm và mới mẻ rất khó nắm bắt để làm bài tập .,0,1,train,môn học quá sâu làm và mới mẻ rất khó nắm bắt để làm bài tập,Tiêu cực,Chương trình,16
"nên tăng cường học nghe , nói .",0,1,train,nên tăng cường học nghe nói,Tiêu cực,Chương trình,6
kiến thức của môn này có lẽ hiếm khi nào tụi em dùng tới .,0,1,train,kiến thức của môn này có lẽ hiếm khi nào tụi em dùng tới,Tiêu cực,Chương trình,14
"tài liệu giảng viên luôn soạn đầy đủ , dễ hiểu .",1,1,train,tài liệu giảng viên luôn soạn đầy đủ dễ hiểu,Tích cực,Chương trình,10
có đôi chỗ cô hơi khó .,0,1,train,có đôi chỗ cô hơi khó,Tiêu cực,Chương trình,6
nên chú trọng vào thực hành .,0,1,train,nên chú trọng vào thực hành,Tiêu cực,Chương trình,6
bài tập về nhà khó .,0,1,train,bài tập về nhà khó,Tiêu cực,Chương trình,5
về các ví dụ .,2,1,train,về các ví dụ,Trung lập,Chương trình,4
nên chú trọng hơn về giao tiếp tiếng anh .,0,1,train,nên chú trọng hơn về giao tiếp tiếng anh,Tiêu cực,Chương trình,9
không có ứng dụng trong thực tế .,0,1,train,không có ứng dụng trong thực tế,Tiêu cực,Chương trình,7
có bài soạn cho sinh viên xem trước .,1,1,train,có bài soạn cho sinh viên xem trước,Tích cực,Chương trình,8
"về đồ án môn học này , giảng viên nên cho trước bản thiết kế kiến trúc tòa nhà của công ty , trung tâm thương mại .",0,1,train,về đồ án môn học này giảng viên nên cho trước bản thiết kế kiến trúc tòa nhà của công ty trung tâm thương mại,Tiêu cực,Chương trình,25
tăng thời lượng cho phần nghe nói .,0,1,train,tăng thời lượng cho phần nghe nói,Tiêu cực,Chương trình,7
"em nghĩ môn này nên minh họa nội dung lý thuyết bằng một đề tài suốt tất cả các nội dung , giống như làm một đồ án luôn vậy , như thế sẽ dễ nắm bắt và hiểu lý thuyết hơn .",0,1,train,em nghĩ môn này nên minh họa nội dung lý thuyết bằng một đề tài suốt tất cả các nội dung giống như làm một đồ án luôn vậy như thế sẽ dễ nắm bắt và hiểu lý thuyết hơn,Tiêu cực,Chương trình,40
vừa học được kiến thức chuyên môn vừa học được cách làm người .,1,1,train,vừa học được kiến thức chuyên môn vừa học được cách làm người,Tích cực,Chương trình,13
nhưng kiến thức cơ bản còn chưa nắm thì làm sao mà làm được .,0,1,train,nhưng kiến thức cơ bản còn chưa nắm thì làm sao mà làm được,Tiêu cực,Chương trình,14
đồ án thực hành khác xa so với lý thuyết học trên lớp .,0,1,train,đồ án thực hành khác xa so với lý thuyết học trên lớp,Tiêu cực,Chương trình,13
cần tăng thời gian môn học lên 30 - 50% để sinh viên có điều kiện tiếp thu sâu hơn kiến thức .,0,1,train,cần tăng thời gian môn học lên 30 50 để sinh viên có điều kiện tiếp thu sâu hơn kiến thức,Tiêu cực,Chương trình,21
nội dung môn học quá nặng và nhiều thứ không cần thiết với ngành nghề của sinh viên .,0,1,train,nội dung môn học quá nặng và nhiều thứ không cần thiết với ngành nghề của sinh viên,Tiêu cực,Chương trình,18
mang tính thực tiễn cao cho việc thi toeic cũng như thực hành ngoài xã hội .,1,1,train,mang tính thực tiễn cao cho việc thi toeic cũng như thực hành ngoài xã hội,Tích cực,Chương trình,16
nên chú trọng nói nghe nhiều vì đã là anh văn 3 rồi .,0,1,train,nên chú trọng nói nghe nhiều vì đã là anh văn 3 rồi,Tiêu cực,Chương trình,13
"tiếng anh là môn đòi hỏi phải cần thời gian để luyện , nhưng ở đây nhà trường sắp lịch 1 ngày 4 tiết .",0,1,train,tiếng anh là môn đòi hỏi phải cần thời gian để luyện nhưng ở đây nhà trường sắp lịch 1 ngày 4 tiết,Tiêu cực,Chương trình,23
nên có phần đáp án bài tập tham khảo cho các deadline bài tập .,0,1,train,nên có phần đáp án bài tập tham khảo cho các deadline bài tập,Tiêu cực,Chương trình,14
thực sự vẫn chưa hiểu wireshark ngoài mục đích làm bài tập thì em có thể dùng làm việc gì khác .,0,1,train,thực sự vẫn chưa hiểu wireshark ngoài mục đích làm bài tập thì em có thể dùng làm việc gì khác,Tiêu cực,Chương trình,21
"cần cho thêm nhiều tài liệu , nhiều bài tập để sinh viên tư nghiên cứu .",0,1,train,cần cho thêm nhiều tài liệu nhiều bài tập để sinh viên tư nghiên cứu,Tiêu cực,Chương trình,15
"phải học quá nhiều phần không cần thiết , nên giảm bớt vài nội dung , ví dụ doubledot vector ngẫu nhiên 2 chiều , phân phối poison .",0,1,train,phải học quá nhiều phần không cần thiết nên giảm bớt vài nội dung ví dụ doubledot vector ngẫu nhiên 2 chiều phân phối poison,Tiêu cực,Chương trình,25
không đăng bài tập hằng tuần sớm để sinh viên có thời gian thực hiện .,0,1,train,không đăng bài tập hằng tuần sớm để sinh viên có thời gian thực hiện,Tiêu cực,Chương trình,15
"lượng kiến thức thì nhiều mà thời gian dạy thì ít , mong phòng đào tạo có thể xem xét và chia ra dạy mỗi môn 1 - 3 ngôn ngữ , ví dụ như html , css làm 1 môn học , js và jquery làm 1 môn , php làm 1 môn .",0,1,train,lượng kiến thức thì nhiều mà thời gian dạy thì ít mong phòng đào tạo có thể xem xét và chia ra dạy mỗi môn 1 3 ngôn ngữ ví dụ như html css làm 1 môn học js và jquery làm 1 môn php làm 1 môn,Tiêu cực,Chương trình,48
"theo em , tài liệu môn học còn thiếu .",0,1,train,theo em tài liệu môn học còn thiếu,Tiêu cực,Chương trình,8
"đi học thể dục thật ra em không biết thầy nào với thầy nào đâu , vì lâu lâu mới có thầy dạy .",0,1,train,đi học thể dục thật ra em không biết thầy nào với thầy nào đâu vì lâu lâu mới có thầy dạy,Tiêu cực,Chương trình,22
"em nghĩ đây là sự cố do phòng đào tạo buộc thầy thay đổi hình thức thi , ban đầu chúng em được thông báo là thi cuối kỳ trên máy tính , nhưng sau đó lại phải thi trên giấy .",0,1,train,em nghĩ đây là sự cố do phòng đào tạo buộc thầy thay đổi hình thức thi ban đầu chúng em được thông báo là thi cuối kỳ trên máy tính nhưng sau đó lại phải thi trên giấy,Tiêu cực,Chương trình,39
"khi thi thì thời gian quá ngắn để thực hiện trình bày dù đã nghĩ ra cách giải dạy sinh viên "" làm nhanh những việc dễ "" dạy sinh viên thành "" thợ "" .",0,1,train,khi thi thì thời gian quá ngắn để thực hiện trình bày dù đã nghĩ ra cách giải dạy sinh viên làm nhanh những việc dễ dạy sinh viên thành thợ,Tiêu cực,Chương trình,31
có nhiệt huyết trong giảng dạy .,1,1,train,có nhiệt huyết trong giảng dạy,Tích cực,Chương trình,6
"kết thúc môn học , sinh viên không được chạm tay sử dụng bất kỳ phần mềm nào được giới thiệu .",0,1,train,kết thúc môn học sinh viên không được chạm tay sử dụng bất kỳ phần mềm nào được giới thiệu,Tiêu cực,Chương trình,20
"nội dung thực hành chỉ là copy và paste , chưa tập trung vào nội dung giảng dạy .",0,1,train,nội dung thực hành chỉ là copy và paste chưa tập trung vào nội dung giảng dạy,Tiêu cực,Chương trình,17
cần tăng cường thêm tài liệu .,0,1,train,cần tăng cường thêm tài liệu,Tiêu cực,Chương trình,6
"em nghĩ thi cuối kỳ môn này , nên thi với hình thức tự luận 100% ạ .",0,1,train,em nghĩ thi cuối kỳ môn này nên thi với hình thức tự luận 100 ạ,Tiêu cực,Chương trình,16
"số lượng thuật toán nhiều , dàn trải , nên được tinh giảm bớt để tập trung và liên hệ ứng dụng thực tiễn nhiều hơn .",0,1,train,số lượng thuật toán nhiều dàn trải nên được tinh giảm bớt để tập trung và liên hệ ứng dụng thực tiễn nhiều hơn,Tiêu cực,Chương trình,24
bám sát chương trình .,1,1,train,bám sát chương trình,Tích cực,Chương trình,4
"cho bài tập lấy điểm thực hành quá khó , hướng dẫn sơ sài .",0,1,train,cho bài tập lấy điểm thực hành quá khó hướng dẫn sơ sài,Tiêu cực,Chương trình,13
cần cung cấp thêm tài liệu học tập cho sinh viên .,0,1,train,cần cung cấp thêm tài liệu học tập cho sinh viên,Tiêu cực,Chương trình,11
cần nâng cao hơn chất lượng giảng dạy .,0,1,train,cần nâng cao hơn chất lượng giảng dạy,Tiêu cực,Chương trình,8
không cần phải đi học thực hành trên phòng máy nhiều .,0,1,train,không cần phải đi học thực hành trên phòng máy nhiều,Tiêu cực,Chương trình,11
một số vấn đề cơ bản giảng viên nên lược bớt để không tốn thời gian .,1,1,train,một số vấn đề cơ bản giảng viên nên lược bớt để không tốn thời gian,Tích cực,Chương trình,16
"ít tiết nên sinh viên học có vẻ nhàm chán và khuôn mẫu , nên có thời gian để sinh viên tmf hiểu nhiều hơn .",0,1,train,ít tiết nên sinh viên học có vẻ nhàm chán và khuôn mẫu nên có thời gian để sinh viên tmf hiểu nhiều hơn,Tiêu cực,Chương trình,24
nên để giáo viên có kinh nghiệm dạy môn này .,0,1,train,nên để giáo viên có kinh nghiệm dạy môn này,Tiêu cực,Chương trình,10
"lý do lý thuyết không hiểu , dẫn đến thực hành cũng không hiểu .",0,1,train,lý do lý thuyết không hiểu dẫn đến thực hành cũng không hiểu,Tiêu cực,Chương trình,13
cần sinh động hơn .,0,1,train,cần sinh động hơn,Tiêu cực,Chương trình,4
"cung cấp thêm tài liệu , giáo trình môn học .",0,1,train,cung cấp thêm tài liệu giáo trình môn học,Tiêu cực,Chương trình,9
chia nhóm làm đồ án rất hay .,1,1,train,chia nhóm làm đồ án rất hay,Tích cực,Chương trình,7
cần thay đổi chương trình giảng dạy cho phù hợp hơn .,0,1,train,cần thay đổi chương trình giảng dạy cho phù hợp hơn,Tiêu cực,Chương trình,11
"buổi nào cũng có thực hành, học lý thuyết xong ra thực hành liền sẽ có hiệu quả cao !",0,1,train,buổi nào cũng có thực hành học lý thuyết xong ra thực hành liền sẽ có hiệu quả cao,Tiêu cực,Chương trình,19
slide dễ hiểu .,1,1,train,slide dễ hiểu,Tích cực,Chương trình,3
"bài giảng tạo sự hứng thú cho sinh viên , giảng viên nhiệt tình .",1,1,train,bài giảng tạo sự hứng thú cho sinh viên giảng viên nhiệt tình,Tích cực,Chương trình,13
thực hành đầy đủ .,2,1,train,thực hành đầy đủ,Trung lập,Chương trình,4
học môn này khá vui .,1,1,train,học môn này khá vui,Tích cực,Chương trình,5
giáo trình toàn dùng c không dùng cplusplus nhiều dễ gây rối trong quá trình lập trình .,0,1,train,giáo trình toàn dùng c không dùng cplusplus nhiều dễ gây rối trong quá trình lập trình,Tiêu cực,Chương trình,17
nên cho thêm nhiều bài tập về nhà hơn .,0,1,train,nên cho thêm nhiều bài tập về nhà hơn,Tiêu cực,Chương trình,9
"luyện tập nhóm , làm bài tập nhiều .",1,1,train,luyện tập nhóm làm bài tập nhiều,Tích cực,Chương trình,7
"còn khắt khe điểm quá , cho kiểm tra quá nhiều .",0,1,train,còn khắt khe điểm quá cho kiểm tra quá nhiều,Tiêu cực,Chương trình,10
đề cương môn học chưa được cập nhật cho sinh viên .,0,1,train,đề cương môn học chưa được cập nhật cho sinh viên,Tiêu cực,Chương trình,11
bài tập giảng viên cho tại lớp đáp ứng nhu cầu của sinh viên .,1,1,train,bài tập giảng viên cho tại lớp đáp ứng nhu cầu của sinh viên,Tích cực,Chương trình,14
tăng cường giao lưu thực tiễn tiếng anh .,0,1,train,tăng cường giao lưu thực tiễn tiếng anh,Tiêu cực,Chương trình,8
cần có thêm nhiều tài liệu cho sinh viên nghiên cứu .,0,1,train,cần có thêm nhiều tài liệu cho sinh viên nghiên cứu,Tiêu cực,Chương trình,11
cần cung cấp mục tiêu môn học .,0,1,train,cần cung cấp mục tiêu môn học,Tiêu cực,Chương trình,7
em muốn nhà trường xếp lịch làm sao để chúng em ít bị trùng lịch nhất ạ .,0,1,train,em muốn nhà trường xếp lịch làm sao để chúng em ít bị trùng lịch nhất ạ,Tiêu cực,Chương trình,17
deadline các bài tập thực hành không cố định .,0,1,train,deadline các bài tập thực hành không cố định,Tiêu cực,Chương trình,9
"quá nhiều bài tập , tốn rất nhiều thời gian mà hiệu quả không có .",0,1,train,quá nhiều bài tập tốn rất nhiều thời gian mà hiệu quả không có,Tiêu cực,Chương trình,14
chưa được tham gia chiến dịch thực tế và tham quan công ty .,0,1,train,chưa được tham gia chiến dịch thực tế và tham quan công ty,Tiêu cực,Chương trình,13
môn học rất có ích .,1,1,train,môn học rất có ích,Tích cực,Chương trình,5
cố gắng làm nhiều bài tập hơn nữa .,1,1,train,cố gắng làm nhiều bài tập hơn nữa,Tích cực,Chương trình,8
môn học không hữu ích đối với ngành học của em .,0,1,train,môn học không hữu ích đối với ngành học của em,Tiêu cực,Chương trình,11
"nội dung môn học chưa thống nhất , mỗi giáo viên dạy khác nhau , không thống nhất giữa các năm .",0,1,train,nội dung môn học chưa thống nhất mỗi giáo viên dạy khác nhau không thống nhất giữa các năm,Tiêu cực,Chương trình,19
cần thay đổi giáo trình cho phù hợp với kiến thức sinh viên .,0,1,train,cần thay đổi giáo trình cho phù hợp với kiến thức sinh viên,Tiêu cực,Chương trình,13
"bài giảng dễ hiểu , có kèm theo ví dụ cụ thể , thân thiện với sinh viên , giải đáp ngay khi sinh viên có câu hỏi .",1,1,train,bài giảng dễ hiểu có kèm theo ví dụ cụ thể thân thiện với sinh viên giải đáp ngay khi sinh viên có câu hỏi,Tích cực,Chương trình,25
sinh viên được được thuyết trình nhưng thật sự chưa hiểu quả .,0,1,train,sinh viên được được thuyết trình nhưng thật sự chưa hiểu quả,Tiêu cực,Chương trình,12
kiến thức của cô chuyên sâu .,1,1,train,kiến thức của cô chuyên sâu,Tích cực,Chương trình,6
"sinh viên năm 3 trở lên đều có laptop cả rồi , vậy nên vào phòng máy là không cần thiết .",0,1,train,sinh viên năm 3 trở lên đều có laptop cả rồi vậy nên vào phòng máy là không cần thiết,Tiêu cực,Chương trình,20
"nói rõ nội dung môn học , mục tiêu .",0,1,train,nói rõ nội dung môn học mục tiêu,Tiêu cực,Chương trình,8
nhà trường nên cho thực hành mỗi tuần một lần .,0,1,train,nhà trường nên cho thực hành mỗi tuần một lần,Tiêu cực,Chương trình,10
"thời lượng thực hành quá ít , kiến thức mới mà hướng dẫn ít !",0,1,train,thời lượng thực hành quá ít kiến thức mới mà hướng dẫn ít,Tiêu cực,Chương trình,13
"môn học cần được thiết kế chi tiết hơn từng phần học cụ thể để sinh viên dễ tiếp cận như doubledot học lập trình console và win form lẫn lộn , sinh viên chưa có cái nhìn khái quát và tổng thể về vấn đề cần làm dẫn đến khó tìm lối đi trong sự hỗn loạn kiễn thức , không có phương hướng kết quả học tập không cao , không hứng thú và đam mê .",0,1,train,môn học cần được thiết kế chi tiết hơn từng phần học cụ thể để sinh viên dễ tiếp cận như doubledot học lập trình console và win form lẫn lộn sinh viên chưa có cái nhìn khái quát và tổng thể về vấn đề cần làm dẫn đến khó tìm lối đi trong sự hỗn loạn kiễn thức không có phương hướng kết quả học tập không cao không hứng thú và đam mê,Tiêu cực,Chương trình,75
"không nên "" hù dọa "" sinh viên ở phía trước mỗi bài toán mà phải biến nó thành đơn giản để thực thi bài toán giảng viên cần phải làm những bài tập mẫu hơn là cho mấy trăm bài tập .",0,1,train,không nên hù dọa sinh viên ở phía trước mỗi bài toán mà phải biến nó thành đơn giản để thực thi bài toán giảng viên cần phải làm những bài tập mẫu hơn là cho mấy trăm bài tập,Tiêu cực,Chương trình,40
em thấy phòng thư viện tầng trên mà bọn em học không hề phù hợp với việc học anh văn vì thiết kế bảng và hệ thống máy tính khiến bọn em cứ phải mỏi cổ ngoảnh sang trái hoặc sang phải suốt cả buổi học vì bọn em cũng chả dùng máy tính để làm gì trong giờ học anh văn cả .,0,1,train,em thấy phòng thư viện tầng trên mà bọn em học không hề phù hợp với việc học anh văn vì thiết kế bảng và hệ thống máy tính khiến bọn em cứ phải mỏi cổ ngoảnh sang trái hoặc sang phải suốt cả buổi học vì bọn em cũng chả dùng máy tính để làm gì trong giờ học anh văn cả,Tiêu cực,Chương trình,63
"cập nhật tính thời sự trong môn học , cung cấp tài liệu đọc thêm bổ ích .",1,1,train,cập nhật tính thời sự trong môn học cung cấp tài liệu đọc thêm bổ ích,Tích cực,Chương trình,16
"giáo trình tốt , kiến thức trọng tâm .",1,1,train,giáo trình tốt kiến thức trọng tâm,Tích cực,Chương trình,7
qua đó sẽ hiểu được thật sâu và rõ những lý thuyết đã được học .,1,1,train,qua đó sẽ hiểu được thật sâu và rõ những lý thuyết đã được học,Tích cực,Chương trình,15
mục tiêu môn học nên đặt ra là doubledot sinh viên được giới thiệu những gì .,0,1,train,mục tiêu môn học nên đặt ra là doubledot sinh viên được giới thiệu những gì,Tiêu cực,Chương trình,16
em muốn môn học gần với thực tế qua các ví dụ .,0,1,train,em muốn môn học gần với thực tế qua các ví dụ,Tiêu cực,Chương trình,12
"giờ thực hành quá ít , bài tập thực hành hằng tuần đều đó , giảng viên hướng dẫn không có nhiều thời gian để hướng dẫn trực tiếp .",0,1,train,giờ thực hành quá ít bài tập thực hành hằng tuần đều đó giảng viên hướng dẫn không có nhiều thời gian để hướng dẫn trực tiếp,Tiêu cực,Chương trình,27
"phần khảo sát doubledot các câu hỏi khảo sát quá dài dòng , nhiều câu lập đi lập lại sinh viên chán nản tích tràn lan đánh giá không đúng kết quả khảo sát không được chính xác .",0,1,train,phần khảo sát doubledot các câu hỏi khảo sát quá dài dòng nhiều câu lập đi lập lại sinh viên chán nản tích tràn lan đánh giá không đúng kết quả khảo sát không được chính xác,Tiêu cực,Chương trình,37
"nên có phần thực hành về tìm hiểu phần cứng , các bộ phận trong máy tính .",0,1,train,nên có phần thực hành về tìm hiểu phần cứng các bộ phận trong máy tính,Tiêu cực,Chương trình,16
nội dung nhập nhằng .,0,1,train,nội dung nhập nhằng,Tiêu cực,Chương trình,4
các thành viên dễ gán kết hơn và có trách nhiệm hơn .,0,1,train,các thành viên dễ gán kết hơn và có trách nhiệm hơn,Tiêu cực,Chương trình,12
thay đổi hình thức đánh giá môn học .,0,1,train,thay đổi hình thức đánh giá môn học,Tiêu cực,Chương trình,8
cho bài tập hay .,1,1,train,cho bài tập hay,Tích cực,Chương trình,4
cần bổ sung phần kiến thức pattern severside .,0,1,train,cần bổ sung phần kiến thức pattern severside,Tiêu cực,Chương trình,8
mỗi ngày khi đến môn học này là một cực hình tra tấn sinh viên cả lớp .,0,1,train,mỗi ngày khi đến môn học này là một cực hình tra tấn sinh viên cả lớp,Tiêu cực,Chương trình,17
cho mượn kit về nhà đẻ thực hành .,0,1,train,cho mượn kit về nhà đẻ thực hành,Tiêu cực,Chương trình,8
làm việc nhóm nhiều .,1,1,train,làm việc nhóm nhiều,Tích cực,Chương trình,4
nhưng trường lại không sắp xếp được một giờ nào cho sinh viên học .,0,1,train,nhưng trường lại không sắp xếp được một giờ nào cho sinh viên học,Tiêu cực,Chương trình,14
có bài tập cuối giờ .,2,1,train,có bài tập cuối giờ,Trung lập,Chương trình,5
không có buổi học bù nào .,0,1,train,không có buổi học bù nào,Tiêu cực,Chương trình,6
đến lớp dúng giờ !,2,1,train,đến lớp dúng giờ,Trung lập,Chương trình,4
có một số phần giảng viên giải thích hơi khó hiểu .,0,1,train,có một số phần giảng viên giải thích hơi khó hiểu,Tiêu cực,Chương trình,11
"tên môn học là lập trình ứng dụng web , tuy nhiên chỉ cho lập trình trên ngôn ngữ php , nên rõ ràng trong tên môn học với ngôn ngữ nào .",0,1,train,tên môn học là lập trình ứng dụng web tuy nhiên chỉ cho lập trình trên ngôn ngữ php nên rõ ràng trong tên môn học với ngôn ngữ nào,Tiêu cực,Chương trình,30
"cần có nhiều tài liệu để học hơn , có các trò chơi để sinh viên dễ hiểu bài hơn .",0,1,train,cần có nhiều tài liệu để học hơn có các trò chơi để sinh viên dễ hiểu bài hơn,Tiêu cực,Chương trình,19
chưa có nhiều kinh nghiệm về kiến thức .,0,1,train,chưa có nhiều kinh nghiệm về kiến thức,Tiêu cực,Chương trình,8
nội dung môn học đầy đủ .,1,1,train,nội dung môn học đầy đủ,Tích cực,Chương trình,6
không nắm vững được kiến thức môn học .,0,1,train,không nắm vững được kiến thức môn học,Tiêu cực,Chương trình,8
có nhiều kiến thức mở rộng .,1,1,train,có nhiều kiến thức mở rộng,Tích cực,Chương trình,6
"em thành thật chia sẻ , khoa nên bỏ môn học này .",0,1,train,em thành thật chia sẻ khoa nên bỏ môn học này,Tiêu cực,Chương trình,11
thực hành chỉ cần sử dụng hình thức 2 .,0,1,train,thực hành chỉ cần sử dụng hình thức 2,Tiêu cực,Chương trình,9
"em hy vọng là nội dung bài học sẽ cập nhật các phiên bản công nghệ mới , gần đây nhất .",0,1,train,em hy vọng là nội dung bài học sẽ cập nhật các phiên bản công nghệ mới gần đây nhất,Tiêu cực,Chương trình,20
nên có kho tài liệu và bài tập mẫu cho sinh viên tham khảo .,0,1,train,nên có kho tài liệu và bài tập mẫu cho sinh viên tham khảo,Tiêu cực,Chương trình,14
"theo em thì trường nên tổ chức thêm những buổi seminar về các phần mềm , giới thiệu về các hướng phát triển phần mềm trong bộ môn này .",0,1,train,theo em thì trường nên tổ chức thêm những buổi seminar về các phần mềm giới thiệu về các hướng phát triển phần mềm trong bộ môn này,Tiêu cực,Chương trình,28
"chất lượng giảng dạy tốt , tâm huyết nhiệt tình .",1,1,train,chất lượng giảng dạy tốt tâm huyết nhiệt tình,Tích cực,Chương trình,9
đề thi cuối kỳ quá dài so với thời gian kiểm tra .,0,1,train,đề thi cuối kỳ quá dài so với thời gian kiểm tra,Tiêu cực,Chương trình,12
cần có các bài tập thực tiễn hơn .,0,1,train,cần có các bài tập thực tiễn hơn,Tiêu cực,Chương trình,8
"kiến thức thực hành không song song với lý thuyết , một số bài thực hành với kiến thức có khi trước cả khi được học ở lớp lý thuyết .",0,1,train,kiến thức thực hành không song song với lý thuyết một số bài thực hành với kiến thức có khi trước cả khi được học ở lớp lý thuyết,Tiêu cực,Chương trình,29
nội dung thực hành và lý thuyết phải sát nhau .,0,1,train,nội dung thực hành và lý thuyết phải sát nhau,Tiêu cực,Chương trình,10
cho bài tập cụ thể .,1,1,train,cho bài tập cụ thể,Tích cực,Chương trình,5
"sinh viên đến lớp mà không thấy giáo viên , rồi bị đuổi về .",0,1,train,sinh viên đến lớp mà không thấy giáo viên rồi bị đuổi về,Tiêu cực,Chương trình,13
"lịch dạy học thay đổi liên tục , không cố định .",0,1,train,lịch dạy học thay đổi liên tục không cố định,Tiêu cực,Chương trình,10
"môn học chỉ đề cập các vấn đề chung của một ngôn ngữ hướng đối tượng đã học ở môn lập trình hướng đối tượng , lập trình windows , đa luồng , đồ họa .",0,1,train,môn học chỉ đề cập các vấn đề chung của một ngôn ngữ hướng đối tượng đã học ở môn lập trình hướng đối tượng lập trình windows đa luồng đồ họa,Tiêu cực,Chương trình,32
slide dễ nhìn .,1,1,train,slide dễ nhìn,Tích cực,Chương trình,3
đề thực hành quá khó .,0,1,train,đề thực hành quá khó,Tiêu cực,Chương trình,5
mang tính thực tế .,2,1,train,mang tính thực tế,Trung lập,Chương trình,4
"tập trung giảng dạy những kiến thức có ích cho chuyên ngành sau này hơn , những kiến thức không quan trọng nên bỏ qua hoặc dạy lướt qua .",0,1,train,tập trung giảng dạy những kiến thức có ích cho chuyên ngành sau này hơn những kiến thức không quan trọng nên bỏ qua hoặc dạy lướt qua,Tiêu cực,Chương trình,28
số buổi ôn tập còn ít .,0,1,train,số buổi ôn tập còn ít,Tiêu cực,Chương trình,6
rèn luyện tư duy .,1,1,train,rèn luyện tư duy,Tích cực,Chương trình,4
seminar quá nhiều .,0,1,train,seminar quá nhiều,Tiêu cực,Chương trình,3
liên hệ đến thực tiễn .,1,1,train,liên hệ đến thực tiễn,Tích cực,Chương trình,5
thay đổi cách truyền đạt để môn học ít nhàm chán hơn .,0,1,train,thay đổi cách truyền đạt để môn học ít nhàm chán hơn,Tiêu cực,Chương trình,12
cần có bài giảng trên slide và nhiều ví dụ hơn .,0,1,train,cần có bài giảng trên slide và nhiều ví dụ hơn,Tiêu cực,Chương trình,11
"chứ như tình trạng hiện tại là môn thực hành học trước , qua kỳ sau mới được học lý thuyết thì mất đi tính tiếp nối kiến thức trong quá trình học .",0,1,train,chứ như tình trạng hiện tại là môn thực hành học trước qua kỳ sau mới được học lý thuyết thì mất đi tính tiếp nối kiến thức trong quá trình học,Tiêu cực,Chương trình,32
sinh viên cần nhiều hơn những bài như vậy .,0,1,train,sinh viên cần nhiều hơn những bài như vậy,Tiêu cực,Chương trình,9
cần có nền tảng trước khi xây dựng cả một website .,0,1,train,cần có nền tảng trước khi xây dựng cả một website,Tiêu cực,Chương trình,11
ra các dạng của đề thi !,2,1,train,ra các dạng của đề thi,Trung lập,Chương trình,6
đi dạy đúng giờ và bù đủ số buổi vắng .,2,1,train,đi dạy đúng giờ và bù đủ số buổi vắng,Trung lập,Chương trình,10
"mỗi học kỳ có thể là đồ án khác nhau cho toàn bộ sinh viên để doubledot tránh tình trạng "" xào "" lại các đồ án cũ, nên có chung một quy tắc chuẩn để chấm điểm cho sinh viên .",0,1,train,mỗi học kỳ có thể là đồ án khác nhau cho toàn bộ sinh viên để doubledot tránh tình trạng xào lại các đồ án cũ nên có chung một quy tắc chuẩn để chấm điểm cho sinh viên,Tiêu cực,Chương trình,39
"bỏ môn này hoặc đưa ra chương trình học đơn giản , dễ hiểu hơn cho sinh viên , nắm chắc còn hơn học nhiều mà chẳng được bao nhiêu .",0,1,train,bỏ môn này hoặc đưa ra chương trình học đơn giản dễ hiểu hơn cho sinh viên nắm chắc còn hơn học nhiều mà chẳng được bao nhiêu,Tiêu cực,Chương trình,28
anh văn là môn học quá khó đối với em .,0,1,train,anh văn là môn học quá khó đối với em,Tiêu cực,Chương trình,10
tới khi đi làm thì không chuyên về lĩnh vực nào .,0,1,train,tới khi đi làm thì không chuyên về lĩnh vực nào,Tiêu cực,Chương trình,11
có thêm các đồ án mang tính chất sáng tạo .,0,1,train,có thêm các đồ án mang tính chất sáng tạo,Tiêu cực,Chương trình,10
nên gắn chặt hơn nữa môn học với thực tiễn .,0,1,train,nên gắn chặt hơn nữa môn học với thực tiễn,Tiêu cực,Chương trình,10
bài tập về nhà quá ít .,0,1,train,bài tập về nhà quá ít,Tiêu cực,Chương trình,6
chưa thấy rõ mục tiêu của môn học .,0,1,train,chưa thấy rõ mục tiêu của môn học,Tiêu cực,Chương trình,8
cập nhật giáo trình chung để giảng dạy môn học .,0,1,train,cập nhật giáo trình chung để giảng dạy môn học,Tiêu cực,Chương trình,10
chương trình học dường như quá nặng .,0,1,train,chương trình học dường như quá nặng,Tiêu cực,Chương trình,7
em rất hài lòng về giờ thực hành này .,1,1,train,em rất hài lòng về giờ thực hành này,Tích cực,Chương trình,9
nên có nhiều môn học hơn .,0,1,train,nên có nhiều môn học hơn,Tiêu cực,Chương trình,6
chương trình học khá nhiều không có thời gian làm bài tập để hiểu hơn về môn học .,0,1,train,chương trình học khá nhiều không có thời gian làm bài tập để hiểu hơn về môn học,Tiêu cực,Chương trình,18
có thêm các tài liệu tham khảo .,0,1,train,có thêm các tài liệu tham khảo,Tiêu cực,Chương trình,7
tổ chức các cuộc thi liên quan tới kỹ năng giao tiếp anh văn .,1,1,train,tổ chức các cuộc thi liên quan tới kỹ năng giao tiếp anh văn,Tích cực,Chương trình,14
"chấm điểm quá nhiều , chưa quá quan tâm đến việc sinh viên đã hiểu hay chưa .",0,1,train,chấm điểm quá nhiều chưa quá quan tâm đến việc sinh viên đã hiểu hay chưa,Tiêu cực,Chương trình,16
tài liệu môn học còn thiếu cập nhập .,0,1,train,tài liệu môn học còn thiếu cập nhập,Tiêu cực,Chương trình,8
cần có giáo trình đầy đủ .,0,1,train,cần có giáo trình đầy đủ,Tiêu cực,Chương trình,6
dùng hệ thống we code .,2,1,train,dùng hệ thống we code,Trung lập,Chương trình,5
cần tập trung giảng dạy những phần có liên quan đến chuyên ngành sau này hơn .,0,1,train,cần tập trung giảng dạy những phần có liên quan đến chuyên ngành sau này hơn,Tiêu cực,Chương trình,16
"bài tập quá nhiều , sinh viên làm không kịp .",0,1,train,bài tập quá nhiều sinh viên làm không kịp,Tiêu cực,Chương trình,9
tăng cường làm bài tập trên lớp !,0,1,train,tăng cường làm bài tập trên lớp,Tiêu cực,Chương trình,7
kiến thức học khá vừa sức với sinh viên .,1,1,train,kiến thức học khá vừa sức với sinh viên,Tích cực,Chương trình,9
lớp học cần đảm bảo số sinh viên vừa đủ .,0,1,train,lớp học cần đảm bảo số sinh viên vừa đủ,Tiêu cực,Chương trình,10
chưa có sự tương tác tốt với giáo viên lý thuyết .,0,1,train,chưa có sự tương tác tốt với giáo viên lý thuyết,Tiêu cực,Chương trình,11
thiếu động lực để học tập .,0,1,train,thiếu động lực để học tập,Tiêu cực,Chương trình,6
nội dung thực hành không hỗ trợ nhiều cho nội dung lý thuyết .,0,1,train,nội dung thực hành không hỗ trợ nhiều cho nội dung lý thuyết,Tiêu cực,Chương trình,13
phần thực hành wireshark quá mơ hồ .,0,1,train,phần thực hành wireshark quá mơ hồ,Tiêu cực,Chương trình,7
điểm quá trình chưa thật sự công bằng với sinh viên .,0,1,train,điểm quá trình chưa thật sự công bằng với sinh viên,Tiêu cực,Chương trình,11
cái cần đi sâu phân tích nhưng do thời gian và lịch đưa ra nên đành bỏ qua dạy cái mới để kịp chương trình .,0,1,train,cái cần đi sâu phân tích nhưng do thời gian và lịch đưa ra nên đành bỏ qua dạy cái mới để kịp chương trình,Tiêu cực,Chương trình,25
"thay đổi đề cương môn học cho phù hợp với tình hình thực tế hiện nay , có thể áp dụng , liên hệ với thực tế .",0,1,train,thay đổi đề cương môn học cho phù hợp với tình hình thực tế hiện nay có thể áp dụng liên hệ với thực tế,Tiêu cực,Chương trình,25
cần nhiều bài tập hơn nữa .,0,1,train,cần nhiều bài tập hơn nữa,Tiêu cực,Chương trình,6
thêm các buổi học ngoại khoá .,0,1,train,thêm các buổi học ngoại khoá,Tiêu cực,Chương trình,6
"nên hướng dẫn làm bài tập nhiều hơn , học lý thuyết quá nhiều .",0,1,train,nên hướng dẫn làm bài tập nhiều hơn học lý thuyết quá nhiều,Tiêu cực,Chương trình,13
trong khi yêu cầu của thầy thì phải đạt độ chuẩn xác rất cao mới qua được môn .,0,1,train,trong khi yêu cầu của thầy thì phải đạt độ chuẩn xác rất cao mới qua được môn,Tiêu cực,Chương trình,18
không nên dạy các môn toán trong giảng đường do khó quan sát bảng .,0,1,train,không nên dạy các môn toán trong giảng đường do khó quan sát bảng,Tiêu cực,Chương trình,14
"lợi ích doubledot sinh viên rèn luyện kỹ năng làm việc nhóm , tránh tiếp thu thụ động , học được cách trình bày trước đám đông .",1,1,train,lợi ích doubledot sinh viên rèn luyện kỹ năng làm việc nhóm tránh tiếp thu thụ động học được cách trình bày trước đám đông,Tích cực,Chương trình,25
nên có thêm chỉ thực hành để cho sinh viên nắm rõ hơn về máy tính .,0,1,train,nên có thêm chỉ thực hành để cho sinh viên nắm rõ hơn về máy tính,Tiêu cực,Chương trình,16
cần có bộ giáo trình chuẩn cho sinh viên trước khi bắt đầu học môn này .,0,1,train,cần có bộ giáo trình chuẩn cho sinh viên trước khi bắt đầu học môn này,Tiêu cực,Chương trình,16
bài tập quá khó .,0,1,train,bài tập quá khó,Tiêu cực,Chương trình,4
"hoặc dạy thêm các kinh nghiệm khi phỏng vấn xin việc , xin học bổng , xin thực tập .",0,1,train,hoặc dạy thêm các kinh nghiệm khi phỏng vấn xin việc xin học bổng xin thực tập,Tiêu cực,Chương trình,17
em hài lòng về chất lượng đào tạo của môn học này .,1,1,train,em hài lòng về chất lượng đào tạo của môn học này,Tích cực,Chương trình,12
"môn học nên cho thêm nhiều dạng bài tập dưới dạng tiếng việt , vì trong giảng đường máy chiếu mờ , chữ tiếng anh nữa nhìn rất phiền phức cho những bạn ở sau !",0,1,train,môn học nên cho thêm nhiều dạng bài tập dưới dạng tiếng việt vì trong giảng đường máy chiếu mờ chữ tiếng anh nữa nhìn rất phiền phức cho những bạn ở sau,Tiêu cực,Chương trình,33
"cần có đề cương môn học cụ thể hơn , nội dung môn học cần được cập nhật .",0,1,train,cần có đề cương môn học cụ thể hơn nội dung môn học cần được cập nhật,Tiêu cực,Chương trình,17
nên có phòng thực hành để mô phỏng lại lý thuyết đã được học từ đó sẽ dễ hiểu hơn và nhớ lâu hơn !,0,1,train,nên có phòng thực hành để mô phỏng lại lý thuyết đã được học từ đó sẽ dễ hiểu hơn và nhớ lâu hơn,Tiêu cực,Chương trình,24
do môn này khó đối với em nên kiến thức thầy truyền đạt em thấy rất khó hiểu .,0,1,train,do môn này khó đối với em nên kiến thức thầy truyền đạt em thấy rất khó hiểu,Tiêu cực,Chương trình,18
thời gian bài tập tương đối tốt .,1,1,train,thời gian bài tập tương đối tốt,Tích cực,Chương trình,7
có nhiều bài tập hay .,1,1,train,có nhiều bài tập hay,Tích cực,Chương trình,5
"tài liệu môn học cần trình bày rõ ràng , đầy đủ hơn vì nhiều chỗ trình bày rất khó hiểu .",0,1,train,tài liệu môn học cần trình bày rõ ràng đầy đủ hơn vì nhiều chỗ trình bày rất khó hiểu,Tiêu cực,Chương trình,20
giáo trình môn học quá mơ hồ nghèo nàn nên giảng viên cũng không biết nên dạy theo thế nào .,0,1,train,giáo trình môn học quá mơ hồ nghèo nàn nên giảng viên cũng không biết nên dạy theo thế nào,Tiêu cực,Chương trình,20
nhưng trong khi đó tụi em không hiểu một chút gì về môn học mà giảng viên đang giảng dạy thì chép vào để làm gì .,0,1,train,nhưng trong khi đó tụi em không hiểu một chút gì về môn học mà giảng viên đang giảng dạy thì chép vào để làm gì,Tiêu cực,Chương trình,26
"cần xem xét lại khi đặt ra những yêu cầu về chấm chéo đồ án các nhóm cũng như trong lớp doubledot quá nhiều yêu cầu , nhiều việc phải làm trong thời gian ngắn dẫn đến sự chuẩn bị không tốt từ các nhóm , vdotv .",0,1,train,cần xem xét lại khi đặt ra những yêu cầu về chấm chéo đồ án các nhóm cũng như trong lớp doubledot quá nhiều yêu cầu nhiều việc phải làm trong thời gian ngắn dẫn đến sự chuẩn bị không tốt từ các nhóm vdotv,Tiêu cực,Chương trình,45
chỉ điểm danh 3 buổi cuối rồi lấy điểm quá trình .,0,1,train,chỉ điểm danh 3 buổi cuối rồi lấy điểm quá trình,Tiêu cực,Chương trình,11
môn thực hành này chưa có tài liệu hướng dẫn .,0,1,train,môn thực hành này chưa có tài liệu hướng dẫn,Tiêu cực,Chương trình,10
cần thêm phần ngôn ngữ sql kết hợp với ngôn ngữ lập trình c để có thể lập trình được cho một cơ sở dữ liệu .,0,1,train,cần thêm phần ngôn ngữ sql kết hợp với ngôn ngữ lập trình c để có thể lập trình được cho một cơ sở dữ liệu,Tiêu cực,Chương trình,26
slide bài giảng chất lượng kém .,0,1,train,slide bài giảng chất lượng kém,Tiêu cực,Chương trình,6
chất lượng đào tạo của môn học này đã tốt rồi .,1,1,train,chất lượng đào tạo của môn học này đã tốt rồi,Tích cực,Chương trình,11
nên đưa những giảng viên có kinh nghiệm dạy thực hành .,0,1,train,nên đưa những giảng viên có kinh nghiệm dạy thực hành,Tiêu cực,Chương trình,11
áp dụng nhiều kiến thức thực tế .,1,1,train,áp dụng nhiều kiến thức thực tế,Tích cực,Chương trình,7
sắp xếp lịch hợp lý hơn để không bị trùng lịch học của sinh viên .,0,1,train,sắp xếp lịch hợp lý hơn để không bị trùng lịch học của sinh viên,Tiêu cực,Chương trình,15
"bài thi chả liên quan , và thật sự cảm thấy kỹ năng nghe và nói mới là cần thiết nhất .",0,1,train,bài thi chả liên quan và thật sự cảm thấy kỹ năng nghe và nói mới là cần thiết nhất,Tiêu cực,Chương trình,20
"bài tập về nhà của thầy rất nhiều , rất hay .",1,1,train,bài tập về nhà của thầy rất nhiều rất hay,Tích cực,Chương trình,10
giáo trình quá dài yêu cầu giảm bớt .,0,1,train,giáo trình quá dài yêu cầu giảm bớt,Tiêu cực,Chương trình,8
"nên cho thêm nhiều dạng bài tập của những phần được học ở gần cuối kỳ như chuỗi , cấu trúc .",0,1,train,nên cho thêm nhiều dạng bài tập của những phần được học ở gần cuối kỳ như chuỗi cấu trúc,Tiêu cực,Chương trình,20
"tuy nhiên nhà trường dường như chưa thật sự đầu tư vào mảng câu lạc bộ về ngôn ngữ , kỹ năng quan trọng vô cùng cần thiết hiện tại của sinh viên .",0,1,train,tuy nhiên nhà trường dường như chưa thật sự đầu tư vào mảng câu lạc bộ về ngôn ngữ kỹ năng quan trọng vô cùng cần thiết hiện tại của sinh viên,Tiêu cực,Chương trình,32
"bài tập hợp lý sát bài học , dễ hiểu .",1,1,train,bài tập hợp lý sát bài học dễ hiểu,Tích cực,Chương trình,9
"cách tổ chức thi giữa kỳ không hiệu quả , ảnh hưởng đến sự công bằng và kết quả học tập của sinh viên .",0,1,train,cách tổ chức thi giữa kỳ không hiệu quả ảnh hưởng đến sự công bằng và kết quả học tập của sinh viên,Tiêu cực,Chương trình,23
nội dung giảng dạy quá nhiều so với thời lượng môn học .,0,1,train,nội dung giảng dạy quá nhiều so với thời lượng môn học,Tiêu cực,Chương trình,12
thời gian thực hành ít .,0,1,train,thời gian thực hành ít,Tiêu cực,Chương trình,5
"cần có tài liệu bằng hình ảnh , video trực quan sinh động hơn , dễ nắm bắt bài học nhanh chóng hơn .",0,1,train,cần có tài liệu bằng hình ảnh video trực quan sinh động hơn dễ nắm bắt bài học nhanh chóng hơn,Tiêu cực,Chương trình,21
kiến thức có ích cho công việc sau này .,1,1,train,kiến thức có ích cho công việc sau này,Tích cực,Chương trình,9
"bài tập trên lớp làm quá nhanh , có thể không theo kịp .",0,1,train,bài tập trên lớp làm quá nhanh có thể không theo kịp,Tiêu cực,Chương trình,12
cần giáo trình hay hơn .,0,1,train,cần giáo trình hay hơn,Tiêu cực,Chương trình,5
thực hiện nhóm nhiều .,2,1,train,thực hiện nhóm nhiều,Trung lập,Chương trình,4
"thực sự phải học toán suốt 3 năm cấp 3 và chưa kể năm 12 , và lên đại học phải học toán thì là 1 cảm xúc khó tả , vừa ngán và vừa nản .",0,1,train,thực sự phải học toán suốt 3 năm cấp 3 và chưa kể năm 12 và lên đại học phải học toán thì là 1 cảm xúc khó tả vừa ngán và vừa nản,Tiêu cực,Chương trình,34
bản thân em chưa học qua môn tấn công mạng nên những kiến thức ở môn bảo mật internet còn khá mới với em .,0,1,train,bản thân em chưa học qua môn tấn công mạng nên những kiến thức ở môn bảo mật internet còn khá mới với em,Tiêu cực,Chương trình,24
nội dung thi cũng chỉ toàn lý thuyết .,0,1,train,nội dung thi cũng chỉ toàn lý thuyết,Tiêu cực,Chương trình,8
môn này chủ yếu là để làm nhóm .,2,1,train,môn này chủ yếu là để làm nhóm,Trung lập,Chương trình,8
nên có nhiều bài tập vận dụng về nhà cho sinh viên .,0,1,train,nên có nhiều bài tập vận dụng về nhà cho sinh viên,Tiêu cực,Chương trình,12
nội dung môn học nên được cập nhật .,0,1,train,nội dung môn học nên được cập nhật,Tiêu cực,Chương trình,8
"thực hành em không có học với giảng viên này , da có thể nhầm lẫn gì chăng .",0,1,train,thực hành em không có học với giảng viên này da có thể nhầm lẫn gì chăng,Tiêu cực,Chương trình,17
"theo em , môn học cần có sự hệ thống lại , đặc biệt nêu rõ các mối quan hệ giữa các bài với nhau , giúp sinh viên vận dụng tốt hơn kiến thức của mình .",0,1,train,theo em môn học cần có sự hệ thống lại đặc biệt nêu rõ các mối quan hệ giữa các bài với nhau giúp sinh viên vận dụng tốt hơn kiến thức của mình,Tiêu cực,Chương trình,34
"nên tổ chức các buổi dã ngoại để học các kỹ năng hoặc mời các doanh nghiệp về nói chuyện , truyền đạt kinh nghiệm .",0,1,train,nên tổ chức các buổi dã ngoại để học các kỹ năng hoặc mời các doanh nghiệp về nói chuyện truyền đạt kinh nghiệm,Tiêu cực,Chương trình,24
"khả năng nghe , đọc hiểu được nâng cao .",1,1,train,khả năng nghe đọc hiểu được nâng cao,Tích cực,Chương trình,8
"chẳng hạn , sinh viên chuyên ngành mạng thì không nên quá đào sâu vào nội dung mà chỉ cần đưa ra những nội dung nền tảng , cần thiết nhất .",0,1,train,chẳng hạn sinh viên chuyên ngành mạng thì không nên quá đào sâu vào nội dung mà chỉ cần đưa ra những nội dung nền tảng cần thiết nhất,Tiêu cực,Chương trình,29
ngôn ngữ thực hành nên trang bị trước cho sinh viên .,0,1,train,ngôn ngữ thực hành nên trang bị trước cho sinh viên,Tiêu cực,Chương trình,11
nên cân bằng hai bên .,0,1,train,nên cân bằng hai bên,Tiêu cực,Chương trình,5
"nên cho sinh viên hiểu rõ tổng quát của môn hoc ngay từ đầu học những gì , học để làm gì , và nó ứng dụng trong thực tế như thế nào ví dụ cụ thể .",0,1,train,nên cho sinh viên hiểu rõ tổng quát của môn hoc ngay từ đầu học những gì học để làm gì và nó ứng dụng trong thực tế như thế nào ví dụ cụ thể,Tiêu cực,Chương trình,35
bài tập đa dạng và phong phú .,1,1,train,bài tập đa dạng và phong phú,Tích cực,Chương trình,7
môn học khá khó .,0,1,train,môn học khá khó,Tiêu cực,Chương trình,4
theo quan điểm của em về các môn học chuyên ngành của sinh viên thì nhà trường không nên bắt buộc sinh viên phải thi học kỳ để lấy điểm số .,0,1,train,theo quan điểm của em về các môn học chuyên ngành của sinh viên thì nhà trường không nên bắt buộc sinh viên phải thi học kỳ để lấy điểm số,Tiêu cực,Chương trình,31
"nội dung thầy giảng mang tính cập nhật , có nhiều nội dung hay .",1,1,train,nội dung thầy giảng mang tính cập nhật có nhiều nội dung hay,Tích cực,Chương trình,13
"slide khá nhiều chữ khiến sinh viên hơi buồn ngủ , ít hình ảnh , ví dụ minh họa .",0,1,train,slide khá nhiều chữ khiến sinh viên hơi buồn ngủ ít hình ảnh ví dụ minh họa,Tiêu cực,Chương trình,17
giáo trình môn học nên cập nhật thường xuyên .,0,1,train,giáo trình môn học nên cập nhật thường xuyên,Tiêu cực,Chương trình,9
bù lại cách chấm điểm sẽ đặt nặng phần hiểu vấn đề hơn như thầy wzjwz119 đã từng trình bày .,0,1,train,bù lại cách chấm điểm sẽ đặt nặng phần hiểu vấn đề hơn như thầy wzjwz119 đã từng trình bày,Tiêu cực,Chương trình,20
"hình thức 2 cần có sự phân bố thời gian gặp sinh viên hợp lý , không thể để cuối kỳ , gặp rồi cho đồ án liên tục , ảnh hưởng đến việc ôn tập cho kỳ thi cuối kỳ của sinh viên .",0,1,train,hình thức 2 cần có sự phân bố thời gian gặp sinh viên hợp lý không thể để cuối kỳ gặp rồi cho đồ án liên tục ảnh hưởng đến việc ôn tập cho kỳ thi cuối kỳ của sinh viên,Tiêu cực,Chương trình,41
một môn học rất hay .,1,1,train,một môn học rất hay,Tích cực,Chương trình,5
nên phân bổ thời gian hợp lý hơn .,0,1,train,nên phân bổ thời gian hợp lý hơn,Tiêu cực,Chương trình,8
"bài tập nhiều , đa dạng .",1,1,train,bài tập nhiều đa dạng,Tích cực,Chương trình,5
"đồ án cho sinh viên làm rất mơ hồ , đa số không thể hiểu được giáo viên đang yêu cầu làm gì .",0,1,train,đồ án cho sinh viên làm rất mơ hồ đa số không thể hiểu được giáo viên đang yêu cầu làm gì,Tiêu cực,Chương trình,22
"cần có những lớp training cho các bạn yếu , mất căn bản .",0,1,train,cần có những lớp training cho các bạn yếu mất căn bản,Tiêu cực,Chương trình,12
không có nhiều tài liệu môn học được cung cấp cho sinh viên ngoài slide bài giảng của giảng viên .,0,1,train,không có nhiều tài liệu môn học được cung cấp cho sinh viên ngoài slide bài giảng của giảng viên,Tiêu cực,Chương trình,20
cần có những tiết học sinh động hơn là để sinh viên ngồi một chỗ và nghe nhưng không hiểu .,0,1,train,cần có những tiết học sinh động hơn là để sinh viên ngồi một chỗ và nghe nhưng không hiểu,Tiêu cực,Chương trình,20
"thật sự là bài tập hơi nhiều thì tốt , nhưng có nhiều bài tương tự nhau .",0,1,train,thật sự là bài tập hơi nhiều thì tốt nhưng có nhiều bài tương tự nhau,Tiêu cực,Chương trình,16
cần thêm một số topic để rèn luyện thêm .,0,1,train,cần thêm một số topic để rèn luyện thêm,Tiêu cực,Chương trình,9
sau khi thi kỳ thi cuối kỳ vừa rồi .,2,1,train,sau khi thi kỳ thi cuối kỳ vừa rồi,Trung lập,Chương trình,9
đề thi tương đối dài .,0,1,train,đề thi tương đối dài,Tiêu cực,Chương trình,5
"nội dung bài học , nội dung ôn tập thi giữa kỳ , cuối kỳ nên được cập nhật trên moodle .",0,1,train,nội dung bài học nội dung ôn tập thi giữa kỳ cuối kỳ nên được cập nhật trên moodle,Tiêu cực,Chương trình,19
thiếu sự đa dạng về bài tập .,0,1,train,thiếu sự đa dạng về bài tập,Tiêu cực,Chương trình,7
giáo trình môn học chưa cập nhật .,0,1,train,giáo trình môn học chưa cập nhật,Tiêu cực,Chương trình,7
muốn đề thi dễ hơn .,0,1,train,muốn đề thi dễ hơn,Tiêu cực,Chương trình,5
nhiều bài tập .,0,1,train,nhiều bài tập,Tiêu cực,Chương trình,3
sinh viên không có thời gian tiếp xúc cũng như thực hành .,0,1,train,sinh viên không có thời gian tiếp xúc cũng như thực hành,Tiêu cực,Chương trình,12
đề nghị dạy lập trình c trước hoặc song song với môn học này .,0,1,train,đề nghị dạy lập trình c trước hoặc song song với môn học này,Tiêu cực,Chương trình,14
buổi chiều nên học lúc 13h30 .,0,1,train,buổi chiều nên học lúc 13h30,Tiêu cực,Chương trình,6
giống như việc cung cấp cho phép cộng và yêu cầu là giải được bất đẳng thức .,2,1,train,giống như việc cung cấp cho phép cộng và yêu cầu là giải được bất đẳng thức,Trung lập,Chương trình,17
em thấy học thực hành là tiếp thu nhiều hơn học lý thuyết và thầy dạy rất nhiệt tình .,1,1,train,em thấy học thực hành là tiếp thu nhiều hơn học lý thuyết và thầy dạy rất nhiệt tình,Tích cực,Chương trình,19
"nhiều sinh viên đọc đề không hiểu , vượt xa kiến thức trên lớp .",0,1,train,nhiều sinh viên đọc đề không hiểu vượt xa kiến thức trên lớp,Tiêu cực,Chương trình,13
tăng thời gian giảng dạy .,0,1,train,tăng thời gian giảng dạy,Tiêu cực,Chương trình,5
một số vấn đề nói chưa rõ như là doubledot một số bài tập khó chưa giải đáp được .,0,1,train,một số vấn đề nói chưa rõ như là doubledot một số bài tập khó chưa giải đáp được,Tiêu cực,Chương trình,19
"nên tập trung cho sinh viên vào một phương pháp , một công cụ nào đó để làm bài tập , tránh tình trạng sinh viên không biết đường nào để làm .",0,1,train,nên tập trung cho sinh viên vào một phương pháp một công cụ nào đó để làm bài tập tránh tình trạng sinh viên không biết đường nào để làm,Tiêu cực,Chương trình,30
"cô phát âm chưa tốt , dạy còn chút khô khan , chưa tạo được sự hứng thú học tập cho sinh viên .",0,1,train,cô phát âm chưa tốt dạy còn chút khô khan chưa tạo được sự hứng thú học tập cho sinh viên,Tiêu cực,Chương trình,21
cung cấp tài liệu cần thiết cho môn học nhiều hơn .,0,1,train,cung cấp tài liệu cần thiết cho môn học nhiều hơn,Tiêu cực,Chương trình,11
bài giảng không lôi cuốn .,0,1,train,bài giảng không lôi cuốn,Tiêu cực,Chương trình,5
"thực hành nhiều , làm bài tại lớp càng nhiều càng tốt , đưa ra nhiều ví dụ về nhiều trường hợp và một số trường hợp phát sinh .",0,1,train,thực hành nhiều làm bài tại lớp càng nhiều càng tốt đưa ra nhiều ví dụ về nhiều trường hợp và một số trường hợp phát sinh,Tiêu cực,Chương trình,27
"thay vì thế , giảng viên nên tập trung vào các công nghệ được ngôn ngữ lập trình hỗ trợ và cách sử dụng chúng hiệu quả , việc hướng dẫn lập trình nên đưa vào các buổi thực hành .",0,1,train,thay vì thế giảng viên nên tập trung vào các công nghệ được ngôn ngữ lập trình hỗ trợ và cách sử dụng chúng hiệu quả việc hướng dẫn lập trình nên đưa vào các buổi thực hành,Tiêu cực,Chương trình,38
điều này gây mất công bằng và không đánh giá được đúng năng lực học tập của các bạn .,0,1,train,điều này gây mất công bằng và không đánh giá được đúng năng lực học tập của các bạn,Tiêu cực,Chương trình,19
với một môn nhập môn mà thầy đòi hỏi bọn em quá cao làm bọn em hơi áp lực .,0,1,train,với một môn nhập môn mà thầy đòi hỏi bọn em quá cao làm bọn em hơi áp lực,Tiêu cực,Chương trình,19
quá nhiều kiến thức để nhớ .,0,1,train,quá nhiều kiến thức để nhớ,Tiêu cực,Chương trình,6
đề thi thực hành quá dài .,0,1,train,đề thi thực hành quá dài,Tiêu cực,Chương trình,6
giáo trình môn học cần xác định cho phù hợp với thực lực và trình độ của sinh viên .,0,1,train,giáo trình môn học cần xác định cho phù hợp với thực lực và trình độ của sinh viên,Tiêu cực,Chương trình,19
"ngược lại đề thi nên cho những câu hỏi khó , nhưng thời gian thi rộng để sinh viên có thời gian động não suy nghĩ các giải tăng được tư duy suy luận và sáng tạo hơn là khả năng học thuộc bài như kiểu trên thích hợp cho ngành khác .",0,1,train,ngược lại đề thi nên cho những câu hỏi khó nhưng thời gian thi rộng để sinh viên có thời gian động não suy nghĩ các giải tăng được tư duy suy luận và sáng tạo hơn là khả năng học thuộc bài như kiểu trên thích hợp cho ngành khác,Tiêu cực,Chương trình,51
đề thực hành hay và khó .,1,1,train,đề thực hành hay và khó,Tích cực,Chương trình,6
lịch thực hành ban ra quá trễ !,0,1,train,lịch thực hành ban ra quá trễ,Tiêu cực,Chương trình,7
"bài tập thì không còn như thời cấp 3 chỉ có vài dạng cơ bản , số lượng cũng như độ khó ngày càng tăng , thời gian của sinh viên cũng chẳng phải dư dả , sinh viên cũng cần phải đầu tư cho các môn học khác , nên cách đưa ra những công thức trọng tâm , những bài tập cần và đủ của thầy khiến em một nữ sinh viên cảm thấy hứng thú hơn khi học vật lý , một học dường như chỉ dành cho các bạn nam .",0,1,train,bài tập thì không còn như thời cấp 3 chỉ có vài dạng cơ bản số lượng cũng như độ khó ngày càng tăng thời gian của sinh viên cũng chẳng phải dư dả sinh viên cũng cần phải đầu tư cho các môn học khác nên cách đưa ra những công thức trọng tâm những bài tập cần và đủ của thầy khiến em một nữ sinh viên cảm thấy hứng thú hơn khi học vật lý một học dường như chỉ dành cho các bạn nam,Tiêu cực,Chương trình,88
chưa nêu bật được ứng dụng thực tiễn của môn học .,0,1,train,chưa nêu bật được ứng dụng thực tiễn của môn học,Tiêu cực,Chương trình,11
em thấy số buổi thực hành quá ít và kiến thức truyền tải chẳng được bao nhiêu vì vậy nên mong trường đổi về hình thức 1 các môn thực hành này !,0,1,train,em thấy số buổi thực hành quá ít và kiến thức truyền tải chẳng được bao nhiêu vì vậy nên mong trường đổi về hình thức 1 các môn thực hành này,Tiêu cực,Chương trình,32
nhiều thử thách cho sinh viên .,0,1,train,nhiều thử thách cho sinh viên,Tiêu cực,Chương trình,6
tình hình là khóa 8 aep tụi em đa số là không hiểu ngôn ngữ c .,0,1,train,tình hình là khóa 8 aep tụi em đa số là không hiểu ngôn ngữ c,Tiêu cực,Chương trình,16
"bài tập hay , đa dạng .",1,1,train,bài tập hay đa dạng,Tích cực,Chương trình,5
tóm lại đề thi 50% là kiến thức về mạng chủ yếu không tập trung vào hệ điều hành linux .,0,1,train,tóm lại đề thi 50 là kiến thức về mạng chủ yếu không tập trung vào hệ điều hành linux,Tiêu cực,Chương trình,20
"môn học cần được phân bố hợp lý hơn , nên để năm 4 rồi học .",0,1,train,môn học cần được phân bố hợp lý hơn nên để năm 4 rồi học,Tiêu cực,Chương trình,15
"ra đề thi còn cẩu thả , không kiểm soát được các đáp án của câu hỏi .",0,1,train,ra đề thi còn cẩu thả không kiểm soát được các đáp án của câu hỏi,Tiêu cực,Chương trình,16
"cung cấp thêm giáo trình , tài liệu môn học .",0,1,train,cung cấp thêm giáo trình tài liệu môn học,Tiêu cực,Chương trình,9
tránh tình trạng bị trùng lịch học và gom lớp vào sáng thứ 7 gây mất buổi học của sinh viên .,0,1,train,tránh tình trạng bị trùng lịch học và gom lớp vào sáng thứ 7 gây mất buổi học của sinh viên,Tiêu cực,Chương trình,21
nhiều bài quá .,0,1,train,nhiều bài quá,Tiêu cực,Chương trình,3
"môn học còn khá nặng nề , không ứng dụng thực tiễn cũng như không phục vụ cho chuyên nghành , theo em nghĩ , môn giải tích thật sự không cần thiết lắm .",0,1,train,môn học còn khá nặng nề không ứng dụng thực tiễn cũng như không phục vụ cho chuyên nghành theo em nghĩ môn giải tích thật sự không cần thiết lắm,Tiêu cực,Chương trình,31
chương trình học về môn học này rất hợp lý cho sinh viên .,1,1,train,chương trình học về môn học này rất hợp lý cho sinh viên,Tích cực,Chương trình,13
"môn học liên hệ thực tế , liên kết với đồ án hơn .",0,1,train,môn học liên hệ thực tế liên kết với đồ án hơn,Tiêu cực,Chương trình,12
"cần thay đổi , bổ sung các chương trình hỗ trợ thực hành trên máy .",0,1,train,cần thay đổi bổ sung các chương trình hỗ trợ thực hành trên máy,Tiêu cực,Chương trình,14
em có ý kiến là hãy thi môn này trên máy tính với phần mềm vẽ chúng .,0,1,train,em có ý kiến là hãy thi môn này trên máy tính với phần mềm vẽ chúng,Tiêu cực,Chương trình,17
chưa có tài liệu học tập cho sinh viên .,0,1,train,chưa có tài liệu học tập cho sinh viên,Tiêu cực,Chương trình,9
nội dung của phần thực hành thật ra quá ít cho với đồ án .,0,1,train,nội dung của phần thực hành thật ra quá ít cho với đồ án,Tiêu cực,Chương trình,14
bỏ tổ chức thi lý thuyết cuối kỳ vì làm đồ án mất khá nhiều thời gian .,0,1,train,bỏ tổ chức thi lý thuyết cuối kỳ vì làm đồ án mất khá nhiều thời gian,Tiêu cực,Chương trình,17
"kiến thức thu được trong từng môn học thì rời rạc , học xong sinh viên có cảm giác như cưỡi ngựa xem hoa .",0,1,train,kiến thức thu được trong từng môn học thì rời rạc học xong sinh viên có cảm giác như cưỡi ngựa xem hoa,Tiêu cực,Chương trình,23
cần có thời gian hợp lý hơn khi học thực hành sau lý thuyết .,0,1,train,cần có thời gian hợp lý hơn khi học thực hành sau lý thuyết,Tiêu cực,Chương trình,14
vì lịch thực hành không được sắp xếp từ đầu dẫn đến trùng lịch môn học khác .,0,1,train,vì lịch thực hành không được sắp xếp từ đầu dẫn đến trùng lịch môn học khác,Tiêu cực,Chương trình,17
"bài giảng , bài tập đầy đủ , dư cho sinh viên tham khảo , ôn luyện .",1,1,train,bài giảng bài tập đầy đủ dư cho sinh viên tham khảo ôn luyện,Tích cực,Chương trình,14
thực hành luôn đi trước lý thuyết .,0,1,train,thực hành luôn đi trước lý thuyết,Tiêu cực,Chương trình,7
thay đổi cách giảng dạy giờ thực hành .,0,1,train,thay đổi cách giảng dạy giờ thực hành,Tiêu cực,Chương trình,8
"bài tập cô cho dễ quá , không khuyến khích được tinh thần tự học của các bạn .",0,1,train,bài tập cô cho dễ quá không khuyến khích được tinh thần tự học của các bạn,Tiêu cực,Chương trình,17
làm bài tập về nhà .,2,1,train,làm bài tập về nhà,Trung lập,Chương trình,5
nội dung học cần cải thiện .,0,1,train,nội dung học cần cải thiện,Tiêu cực,Chương trình,6
"nên có phương pháp thông báo đến sinh viên về lịch học trong thời gian gần buổi học , hơn nữa tránh trùng lắp với môn học khác .",0,1,train,nên có phương pháp thông báo đến sinh viên về lịch học trong thời gian gần buổi học hơn nữa tránh trùng lắp với môn học khác,Tiêu cực,Chương trình,27
lớp học đông nên ồn ào và khó tiếp thu .,0,1,train,lớp học đông nên ồn ào và khó tiếp thu,Tiêu cực,Chương trình,10
nhóm trưởng không làm thì đồ án bỏ không .,0,1,train,nhóm trưởng không làm thì đồ án bỏ không,Tiêu cực,Chương trình,9
đây là môn học kỹ năng nên không cần thiết khi kiểm tra bằng hình thức thi tự luận mà nên đánh giá bằng đồ án .,0,1,train,đây là môn học kỹ năng nên không cần thiết khi kiểm tra bằng hình thức thi tự luận mà nên đánh giá bằng đồ án,Tiêu cực,Chương trình,26
để sinh viên tự nghiên cứu quá nhiều .,0,1,train,để sinh viên tự nghiên cứu quá nhiều,Tiêu cực,Chương trình,8
bài tập hơi khó .,0,1,train,bài tập hơi khó,Tiêu cực,Chương trình,4
"không nên để xảy ra lỗi trong yêu cầu thực hành , không thực hành phần nào chưa học lý thuyết .",0,1,train,không nên để xảy ra lỗi trong yêu cầu thực hành không thực hành phần nào chưa học lý thuyết,Tiêu cực,Chương trình,20
bài giảng không thu hút được học sinh .,0,1,train,bài giảng không thu hút được học sinh,Tiêu cực,Chương trình,8
cần phân chia hai giảng viên cho từng dãy bàn để tăng khả năng tương tác với sinh viên .,0,1,train,cần phân chia hai giảng viên cho từng dãy bàn để tăng khả năng tương tác với sinh viên,Tiêu cực,Chương trình,19
thời gian học thoải mái .,1,1,train,thời gian học thoải mái,Tích cực,Chương trình,5
tạo điều kiện cho học sinh phát biểu .,1,1,train,tạo điều kiện cho học sinh phát biểu,Tích cực,Chương trình,8
nên có nhiều tiết thực hành hơn .,0,1,train,nên có nhiều tiết thực hành hơn,Tiêu cực,Chương trình,7
"slide bài học rất ư là khó nắm bắt , code trong slide vẫn còn chỗ sai .",0,1,train,slide bài học rất ư là khó nắm bắt code trong slide vẫn còn chỗ sai,Tiêu cực,Chương trình,16
cần kết hợp học với hành .,0,1,train,cần kết hợp học với hành,Tiêu cực,Chương trình,6
bài tập cho quá khó .,0,1,train,bài tập cho quá khó,Tiêu cực,Chương trình,5
môn này gắn với thực tế nhiều nên có những các tương tác trực tiếp với nhau .,0,1,train,môn này gắn với thực tế nhiều nên có những các tương tác trực tiếp với nhau,Tiêu cực,Chương trình,17
tài liệu cho kết quả nhưng có cái đúng cái sai làm hoang mang cho việc tự học tại nhà .,0,1,train,tài liệu cho kết quả nhưng có cái đúng cái sai làm hoang mang cho việc tự học tại nhà,Tiêu cực,Chương trình,20
chỉ lên cho tự làm .,0,1,train,chỉ lên cho tự làm,Tiêu cực,Chương trình,5
em cảm thấy sự tương quan giữa tiết học thực hành và lý thuyết chưa hợp lý lắm .,0,1,train,em cảm thấy sự tương quan giữa tiết học thực hành và lý thuyết chưa hợp lý lắm,Tiêu cực,Chương trình,18
"không có lời giải đầy đủ , học sinh không biết làm là coi như không biết làm từ đâu hết cuối .",0,1,train,không có lời giải đầy đủ học sinh không biết làm là coi như không biết làm từ đâu hết cuối,Tiêu cực,Chương trình,21
nên học ở giảng đường sẽ thuận tiện hơn .,0,1,train,nên học ở giảng đường sẽ thuận tiện hơn,Tiêu cực,Chương trình,9
có nhiều bài tập về nhà .,1,1,train,có nhiều bài tập về nhà,Tích cực,Chương trình,6
"đổi mới hình thức kiểm tra , đảm bảo tính chất thực hành của môn học .",0,1,train,đổi mới hình thức kiểm tra đảm bảo tính chất thực hành của môn học,Tiêu cực,Chương trình,15
một cuốn sách thật dày chỉ là một trong những tài liệu mà tụi em có thể tham khảo .,0,1,train,một cuốn sách thật dày chỉ là một trong những tài liệu mà tụi em có thể tham khảo,Tiêu cực,Chương trình,19
"chú trọng quá nhiều vào lý thuyết , ít bài tập .",0,1,train,chú trọng quá nhiều vào lý thuyết ít bài tập,Tiêu cực,Chương trình,10
chương trình hiện tại chia tới 2 lĩnh vực trong một môn học .,2,1,train,chương trình hiện tại chia tới 2 lĩnh vực trong một môn học,Trung lập,Chương trình,13
những sinh viên đi học vào buổi đó không dự được thì sao có thể viết bài thu hoạch .,0,1,train,những sinh viên đi học vào buổi đó không dự được thì sao có thể viết bài thu hoạch,Tiêu cực,Chương trình,19
kiến thức được học ở lý thuyết cần được áp dụng một cách thực tiễn vào thực hành .,0,1,train,kiến thức được học ở lý thuyết cần được áp dụng một cách thực tiễn vào thực hành,Tiêu cực,Chương trình,18
nội dụng môn học không liên quan đến đề thi .,0,1,train,nội dụng môn học không liên quan đến đề thi,Tiêu cực,Chương trình,10
"giá tiền tín chỉ thực hành theo hình thức 2 cao hơn , số buổi học ít hơn .",0,1,train,giá tiền tín chỉ thực hành theo hình thức 2 cao hơn số buổi học ít hơn,Tiêu cực,Chương trình,17
thêm nhiều bài tập về nhà .,0,1,train,thêm nhiều bài tập về nhà,Tiêu cực,Chương trình,6
"nếu có , em nghĩ mục tiêu môn học cần xác định rõ với sinh viên trước khi bắt đầu , em cảm ơn ạ !",0,1,train,nếu có em nghĩ mục tiêu môn học cần xác định rõ với sinh viên trước khi bắt đầu em cảm ơn ạ,Tiêu cực,Chương trình,23
"nên nêu rõ mục đích , yêu cầu của môn học khi bắt đầu dạy , để sinh viên nắm được mục đích yêu cầu môn học .",0,1,train,nên nêu rõ mục đích yêu cầu của môn học khi bắt đầu dạy để sinh viên nắm được mục đích yêu cầu môn học,Tiêu cực,Chương trình,25
"có thể vận dụng được các kiến thức đã học để thiết kế , chế tạo , tính toán .",1,1,train,có thể vận dụng được các kiến thức đã học để thiết kế chế tạo tính toán,Tích cực,Chương trình,17
bài tập thực hành thường đi trước nội dung lý thuyết được học .,0,1,train,bài tập thực hành thường đi trước nội dung lý thuyết được học,Tiêu cực,Chương trình,13
tuy nhiên môn học được giảng bằng tiếng anh nên em cũng không nắm được hết nội dung thầy giảng .,0,1,train,tuy nhiên môn học được giảng bằng tiếng anh nên em cũng không nắm được hết nội dung thầy giảng,Tiêu cực,Chương trình,20
cần thông báo rõ hình thức đánh giá môn học một cách thống nhất .,0,1,train,cần thông báo rõ hình thức đánh giá môn học một cách thống nhất,Tiêu cực,Chương trình,14
quá theo sách .,0,1,train,quá theo sách,Tiêu cực,Chương trình,3
số lượng bài tập chưa nhiều .,0,1,train,số lượng bài tập chưa nhiều,Tiêu cực,Chương trình,6
buổi nào cũng đều dài quá mức cần thiết gây mệt mỏi .,0,1,train,buổi nào cũng đều dài quá mức cần thiết gây mệt mỏi,Tiêu cực,Chương trình,12
"thời gian thực hành tập trung chưa phù hợp , bị trùng với các giờ với các môn học khác .",0,1,train,thời gian thực hành tập trung chưa phù hợp bị trùng với các giờ với các môn học khác,Tiêu cực,Chương trình,19
nội dung kiến thức được đảm bảo .,1,1,train,nội dung kiến thức được đảm bảo,Tích cực,Chương trình,7
đề khó colonbigsmile .,0,1,train,đề khó colonbigsmile,Tiêu cực,Chương trình,3
tài liệu giảng dạy cần bổ sung .,0,1,train,tài liệu giảng dạy cần bổ sung,Tiêu cực,Chương trình,7
hình thức thực hiện chưa chuyên nghiệp và máy móc .,0,1,train,hình thức thực hiện chưa chuyên nghiệp và máy móc,Tiêu cực,Chương trình,10
cần cho bài tập sau mỗi ngày học .,0,1,train,cần cho bài tập sau mỗi ngày học,Tiêu cực,Chương trình,8
điều này gây lên sự chênh lệch rõ rệt về trình độ anh văn trong lớp .,0,1,train,điều này gây lên sự chênh lệch rõ rệt về trình độ anh văn trong lớp,Tiêu cực,Chương trình,16
nội dung truyền đạt của thầy không chỉ về kiến thức mà còn về cách sống .,1,1,train,nội dung truyền đạt của thầy không chỉ về kiến thức mà còn về cách sống,Tích cực,Chương trình,16
cần cho sinh viên làm hoạt động nhóm nhiều hơn và mở rộng nâng cao kiến thức cho sinh viên nhiều hơn nữa .,0,1,train,cần cho sinh viên làm hoạt động nhóm nhiều hơn và mở rộng nâng cao kiến thức cho sinh viên nhiều hơn nữa,Tiêu cực,Chương trình,23
"do học chung với các anh chị khoá 2011 , một phần nhỏ là khoá 2012 , các anh chị quá ồn ào , ồn ào không chịu nổi mặc dù đã nhắc nhở nhiều lần .",0,1,train,do học chung với các anh chị khoá 2011 một phần nhỏ là khoá 2012 các anh chị quá ồn ào ồn ào không chịu nổi mặc dù đã nhắc nhở nhiều lần,Tiêu cực,Chương trình,33
có đảm bảo chương trình dạy .,1,1,train,có đảm bảo chương trình dạy,Tích cực,Chương trình,6
"thiếu thông tin , tài liệu về môn học .",0,1,train,thiếu thông tin tài liệu về môn học,Tiêu cực,Chương trình,8
đưa sinh viên đi tham quan thực tế về các doanh nghiệp .,1,1,train,đưa sinh viên đi tham quan thực tế về các doanh nghiệp,Tích cực,Chương trình,12
"thời lượng học lý thuyết của môn học ngắn , dễ bị ảnh hưởng khi giảng viên đến trễ hay tham gia các buổi họp .",0,1,train,thời lượng học lý thuyết của môn học ngắn dễ bị ảnh hưởng khi giảng viên đến trễ hay tham gia các buổi họp,Tiêu cực,Chương trình,24
"không có sách dạy chi tiết về môn học nên học rất khó hiểu , cần có tài liều hướng dẫn cụ thể chi tiết , mong nhà trường viết thêm sách cho sinh viên .",0,1,train,không có sách dạy chi tiết về môn học nên học rất khó hiểu cần có tài liều hướng dẫn cụ thể chi tiết mong nhà trường viết thêm sách cho sinh viên,Tiêu cực,Chương trình,33
ra bài tập vừa phải thôi và phải chữa bài .,0,1,train,ra bài tập vừa phải thôi và phải chữa bài,Tiêu cực,Chương trình,10
thực hành không liên quan gì đến lý thuyết .,0,1,train,thực hành không liên quan gì đến lý thuyết,Tiêu cực,Chương trình,9
"cung cấp cho sinh viên biết được mục đích và công dụng thực tiễn của môn học vào thực tế nghề nghiệp , thêm các ví dụ liên quan tới cách áp dụng môn học vào nghề nghiệp tương lai chứ không dừng ở việc lấy ví dụ cho bài giảng .",1,1,train,cung cấp cho sinh viên biết được mục đích và công dụng thực tiễn của môn học vào thực tế nghề nghiệp thêm các ví dụ liên quan tới cách áp dụng môn học vào nghề nghiệp tương lai chứ không dừng ở việc lấy ví dụ cho bài giảng,Tích cực,Chương trình,50
"câu văn trong bài giảng khó hiểu , không diễn đạt rõ ràng ý nghĩa .",0,1,train,câu văn trong bài giảng khó hiểu không diễn đạt rõ ràng ý nghĩa,Tiêu cực,Chương trình,14
"những đề bài tập của thầy rất hay , rất ấn tượng !",1,1,train,những đề bài tập của thầy rất hay rất ấn tượng,Tích cực,Chương trình,11
slide chưa đẹp lắm .,0,1,train,slide chưa đẹp lắm,Tiêu cực,Chương trình,4
"các bài tập , ví dụ cần đi liền với thực tiễn công việc sau này chứ không phải là các ví dụ như doubledot viết chương trình số phức , số thực , vẽ tam giác .",0,1,train,các bài tập ví dụ cần đi liền với thực tiễn công việc sau này chứ không phải là các ví dụ như doubledot viết chương trình số phức số thực vẽ tam giác,Tiêu cực,Chương trình,34
thay vì ngồi chờ chấm điểm như đi thi thực hành .,2,1,train,thay vì ngồi chờ chấm điểm như đi thi thực hành,Trung lập,Chương trình,11
bài tập nên mang tính bắt buộc và cho điểm cộng thì sẽ tạo được động lực cũng như hứng thú cho sinh viên hơn .,0,1,train,bài tập nên mang tính bắt buộc và cho điểm cộng thì sẽ tạo được động lực cũng như hứng thú cho sinh viên hơn,Tiêu cực,Chương trình,25
phần mềm phục vụ cho phần thực hành không được cài đặt đầy đủ trên tất cả các máy tính .,0,1,train,phần mềm phục vụ cho phần thực hành không được cài đặt đầy đủ trên tất cả các máy tính,Tiêu cực,Chương trình,20
lớp học của cô wzjwz25 có đặc điểm là trình độ tiếng anh quá chênh lệch giữa cách sinh viên trong cùng một lớp .,0,1,train,lớp học của cô wzjwz25 có đặc điểm là trình độ tiếng anh quá chênh lệch giữa cách sinh viên trong cùng một lớp,Tiêu cực,Chương trình,24
môn học cần đưa nhiều hơn bài tập để sinh viên có thể nắm bắt các cách xử lý cũng như các cách thực hiện cho một bài giảng .,0,1,train,môn học cần đưa nhiều hơn bài tập để sinh viên có thể nắm bắt các cách xử lý cũng như các cách thực hiện cho một bài giảng,Tiêu cực,Chương trình,29
có bám sát chương trình dạy .,2,1,train,có bám sát chương trình dạy,Trung lập,Chương trình,6
đào tạo thêm về cơ chế giảng dạy .,0,1,train,đào tạo thêm về cơ chế giảng dạy,Tiêu cực,Chương trình,8
kiến thức .,2,1,train,kiến thức,Trung lập,Chương trình,2
"phần pl fraction sql , quản lý , phân quyền .",2,1,train,phần pl fraction sql quản lý phân quyền,Trung lập,Chương trình,8
"ứng dụng thực tế vào giảng dạy nhiều , tạo cho sinh viên hình dung việc học tập sẽ làm được gì khi ra trường .",1,1,train,ứng dụng thực tế vào giảng dạy nhiều tạo cho sinh viên hình dung việc học tập sẽ làm được gì khi ra trường,Tích cực,Chương trình,24
"có nhiều hoạt động đan xen trong giờ học trên lớp , giúp sinh viên có tinh thần tự giác học tập .",1,1,train,có nhiều hoạt động đan xen trong giờ học trên lớp giúp sinh viên có tinh thần tự giác học tập,Tích cực,Chương trình,21
"đi học xa quá ạ , mong trường có kế hoạch nào đó cho sinh viên học thể dục bên nhân văn đi bộ cho gần ạ !",0,1,train,đi học xa quá ạ mong trường có kế hoạch nào đó cho sinh viên học thể dục bên nhân văn đi bộ cho gần ạ,Tiêu cực,Chương trình,26
ít cho nghe .,0,1,train,ít cho nghe,Tiêu cực,Chương trình,3
nhiều nhóm chưa chuẩn bị kỹ về vấn đề tìm hiểu .,0,1,train,nhiều nhóm chưa chuẩn bị kỹ về vấn đề tìm hiểu,Tiêu cực,Chương trình,11
"thiết kế bài giảng lại , dễ hiểu và cuốn hút hơn .",0,1,train,thiết kế bài giảng lại dễ hiểu và cuốn hút hơn,Tiêu cực,Chương trình,11
cần bám sát đề thi hơn .,0,1,train,cần bám sát đề thi hơn,Tiêu cực,Chương trình,6
cần làm nhiều bài tập hơn là lý thuyết khô cứng khó hiểu dẫn đến nhiều sinh viên hoang mang khi gặp bài tập trong đề thi .,0,1,train,cần làm nhiều bài tập hơn là lý thuyết khô cứng khó hiểu dẫn đến nhiều sinh viên hoang mang khi gặp bài tập trong đề thi,Tiêu cực,Chương trình,27
nên có những bài tập nhỏ bám sát với lý thuyết .,0,1,train,nên có những bài tập nhỏ bám sát với lý thuyết,Tiêu cực,Chương trình,11
"tài liệu nên cấp một lần trong đầu môn học , tránh trường hợp học rồi mới đưa tài liệu gây khó khăn cho sinh viên .",0,1,train,tài liệu nên cấp một lần trong đầu môn học tránh trường hợp học rồi mới đưa tài liệu gây khó khăn cho sinh viên,Tiêu cực,Chương trình,25
sau mỗi giờ học cũng có bài tập làm sinh viên rất nản .,0,1,train,sau mỗi giờ học cũng có bài tập làm sinh viên rất nản,Tiêu cực,Chương trình,13
có nhiều ý tưởng cho tiết học thêm sinh động .,1,1,train,có nhiều ý tưởng cho tiết học thêm sinh động,Tích cực,Chương trình,10
không đồng bộ kiến thức với giáo viên lý thuyết .,0,1,train,không đồng bộ kiến thức với giáo viên lý thuyết,Tiêu cực,Chương trình,10
nội dung kiểm tra cần bao phủ hết nội dung môn học .,0,1,train,nội dung kiểm tra cần bao phủ hết nội dung môn học,Tiêu cực,Chương trình,12
bám sát thực tiễn .,1,1,train,bám sát thực tiễn,Tích cực,Chương trình,4
"hy vọng kỳ sau bộ môn anh văn cải tiến phương pháp dạy , và giáo trình , cho sinh viên nghe nói nhiều hơn , đôi khi bảo sinh viên dịch một đoạn để kiểm tra từ vựng , em thấy giáo viên cũng thương cho sinh viên thảo thuận cặp để nói , nhưng thật sự các bạn không biết nói gì , ngoài việc dịch tiếng việt ghép nghĩa tiếng anh !",0,1,train,hy vọng kỳ sau bộ môn anh văn cải tiến phương pháp dạy và giáo trình cho sinh viên nghe nói nhiều hơn đôi khi bảo sinh viên dịch một đoạn để kiểm tra từ vựng em thấy giáo viên cũng thương cho sinh viên thảo thuận cặp để nói nhưng thật sự các bạn không biết nói gì ngoài việc dịch tiếng việt ghép nghĩa tiếng anh,Tiêu cực,Chương trình,68
"nên cho thi cuối kỳ bằng hình thức code trên máy , code giấy rất chán và không có tính thực tế !",0,1,train,nên cho thi cuối kỳ bằng hình thức code trên máy code giấy rất chán và không có tính thực tế,Tiêu cực,Chương trình,21
phương pháp giảng dạy .,2,1,train,phương pháp giảng dạy,Trung lập,Chương trình,4
"lớp học vui , giảng viên giảng dạy sáng tạo , dễ hiểu .",1,1,train,lớp học vui giảng viên giảng dạy sáng tạo dễ hiểu,Tích cực,Chương trình,11
không có đề cương cụ thể .,0,1,train,không có đề cương cụ thể,Tiêu cực,Chương trình,6
đem lại nhiều kiến thức qua môn học .,1,1,train,đem lại nhiều kiến thức qua môn học,Tích cực,Chương trình,8
em nghĩ nên thực hành nói nhiều hơn .,0,1,train,em nghĩ nên thực hành nói nhiều hơn,Tiêu cực,Chương trình,8
"giáo trình lỗi thời , quá hàn lâm , xa với thực tiễn .",0,1,train,giáo trình lỗi thời quá hàn lâm xa với thực tiễn,Tiêu cực,Chương trình,11
"đồng ý là làm bài tập nhiều sẽ tăng khả năng hiểu bài , tăng khả năng giải quyết bài toán .",1,1,train,đồng ý là làm bài tập nhiều sẽ tăng khả năng hiểu bài tăng khả năng giải quyết bài toán,Tích cực,Chương trình,20
chép bài trên lớp giúp nhớ bài .,1,1,train,chép bài trên lớp giúp nhớ bài,Tích cực,Chương trình,7
thay vì kiểm tra trên wecode thì cho làm trên lớp thì hay hơn .,0,1,train,thay vì kiểm tra trên wecode thì cho làm trên lớp thì hay hơn,Tiêu cực,Chương trình,14
áp dụng thực tiễn cao !,1,1,train,áp dụng thực tiễn cao,Tích cực,Chương trình,5
"cho thêm bài tập về nhà , tốc độ giảng giải của thầy cần chậm hơn .",0,1,train,cho thêm bài tập về nhà tốc độ giảng giải của thầy cần chậm hơn,Tiêu cực,Chương trình,15
"môn học cần có nhiều bài tập hơn nữa , cần nhiều giáo trình hơn nữa .",0,1,train,môn học cần có nhiều bài tập hơn nữa cần nhiều giáo trình hơn nữa,Tiêu cực,Chương trình,15
cho điểm rẻ .,0,1,train,cho điểm rẻ,Tiêu cực,Chương trình,3
tài liệu học tập chưa được cập nhật đầy đủ .,0,1,train,tài liệu học tập chưa được cập nhật đầy đủ,Tiêu cực,Chương trình,10
đề nghị nhà trường sửa hoặc bổ sung mới để việc thực hành có hiệu quả .,0,1,train,đề nghị nhà trường sửa hoặc bổ sung mới để việc thực hành có hiệu quả,Tiêu cực,Chương trình,16
làm nhóm chỉ nhóm trưởng và lớp trưởng phần công công việc .,2,1,train,làm nhóm chỉ nhóm trưởng và lớp trưởng phần công công việc,Trung lập,Chương trình,12
em muốn khi học môn này nên cho đồ án để áp dụng nhiều hơn vì em thấy môn này rất hay .,0,1,train,em muốn khi học môn này nên cho đồ án để áp dụng nhiều hơn vì em thấy môn này rất hay,Tiêu cực,Chương trình,22
nên giảm bớt số tiết trong một buổi .,0,1,train,nên giảm bớt số tiết trong một buổi,Tiêu cực,Chương trình,8
"cần nhiều giờ thực hành hơn nữa vì chủ yếu được học lý thuyết , thời gian tiếp xúc thiết bị ít .",0,1,train,cần nhiều giờ thực hành hơn nữa vì chủ yếu được học lý thuyết thời gian tiếp xúc thiết bị ít,Tiêu cực,Chương trình,21
"cần đi sát thực tiễn , kèm thực hành nhiều hơn lý thuyết để không bị nhàm chán .",0,1,train,cần đi sát thực tiễn kèm thực hành nhiều hơn lý thuyết để không bị nhàm chán,Tiêu cực,Chương trình,17
"cần có giáo trình cụ thể , riêng và phù hợp với nội dung học trong trường .",0,1,train,cần có giáo trình cụ thể riêng và phù hợp với nội dung học trong trường,Tiêu cực,Chương trình,16
"cuối kỳ 100% là bài tập , mà cơ bản thì mình không thấy thầy đứng lên trong lúc dạy lần nào , chỉ ngồi yên đó đọc slide thôi , slide tiếng anh , chỗ dịch tiếng việt , chỗ thì không dịch , cũng khó học , nên chỉ lên mạng học thôi .",0,1,train,cuối kỳ 100 là bài tập mà cơ bản thì mình không thấy thầy đứng lên trong lúc dạy lần nào chỉ ngồi yên đó đọc slide thôi slide tiếng anh chỗ dịch tiếng việt chỗ thì không dịch cũng khó học nên chỉ lên mạng học thôi,Tiêu cực,Chương trình,48
"cần đặt mục tiêu rõ ràng nhất từ môn học và môn học cần được học ở sinh viên năm nhất , vì lúc vào sinh viên còn rất ngỡ ngàng với các khoa và các môn học sẽ học vì thế nên học trước để tạo tâm lý , cũng như sinh viên phải biết mình cần làm gì , tạo nên sự chủ động trong học tập và làm việc .",0,1,train,cần đặt mục tiêu rõ ràng nhất từ môn học và môn học cần được học ở sinh viên năm nhất vì lúc vào sinh viên còn rất ngỡ ngàng với các khoa và các môn học sẽ học vì thế nên học trước để tạo tâm lý cũng như sinh viên phải biết mình cần làm gì tạo nên sự chủ động trong học tập và làm việc,Tiêu cực,Chương trình,69
cho bài tập khó ngay khi vừa giảng xong .,0,1,train,cho bài tập khó ngay khi vừa giảng xong,Tiêu cực,Chương trình,9
thời gian tăng từ 4 tiết lên đến 5 tiết khiến sinh viên mệt mỏi và thiếu tập trung ở cuối giờ học .,0,1,train,thời gian tăng từ 4 tiết lên đến 5 tiết khiến sinh viên mệt mỏi và thiếu tập trung ở cuối giờ học,Tiêu cực,Chương trình,23
bài giảng .,2,1,train,bài giảng,Trung lập,Chương trình,2
để tiện cho sinh viên xếp lịch .,2,1,train,để tiện cho sinh viên xếp lịch,Trung lập,Chương trình,7
môn học cần phân bố hợp lý thời gian cũng như các phần của môn học giúp sinh viên học tốt hơn môn học này .,0,1,train,môn học cần phân bố hợp lý thời gian cũng như các phần của môn học giúp sinh viên học tốt hơn môn học này,Tiêu cực,Chương trình,25
"cần có tài liệu , giáo trình của trường một cách cụ thể và cập nhật hơn .",0,1,train,cần có tài liệu giáo trình của trường một cách cụ thể và cập nhật hơn,Tiêu cực,Chương trình,16
nên có thêm nhiều bài tập về nhà để củng cố kiến thức .,0,1,train,nên có thêm nhiều bài tập về nhà để củng cố kiến thức,Tiêu cực,Chương trình,13
"tháng học môn kiến trúc máy tính 4 ngày , nghỉ 3 ngày , bù trùng lịch 3 môn không học được rớt tốn tiền .",0,1,train,tháng học môn kiến trúc máy tính 4 ngày nghỉ 3 ngày bù trùng lịch 3 môn không học được rớt tốn tiền,Tiêu cực,Chương trình,23
"cập nhật slide mới , tài liệu slide cũ có nhiều điểm khác slide mới không cập nhât đúng thứ tự , ví dụ .",0,1,train,cập nhật slide mới tài liệu slide cũ có nhiều điểm khác slide mới không cập nhât đúng thứ tự ví dụ,Tiêu cực,Chương trình,22
nên bổ xung phần thực hành !,0,1,train,nên bổ xung phần thực hành,Tiêu cực,Chương trình,6
ít bài tập cho sinh viên .,1,1,train,ít bài tập cho sinh viên,Tích cực,Chương trình,6
cần áp đặt việc kiểm tra bài cũ và bài mới trên giờ học nhiều hơn .,0,1,train,cần áp đặt việc kiểm tra bài cũ và bài mới trên giờ học nhiều hơn,Tiêu cực,Chương trình,16
giờ học khá nhiều .,0,1,train,giờ học khá nhiều,Tiêu cực,Chương trình,4
bài giảng tạo cảm giác hứng thú và tiếp thu bài tốt .,1,1,train,bài giảng tạo cảm giác hứng thú và tiếp thu bài tốt,Tích cực,Chương trình,12
môn học khá khó không phù hợp .,0,1,train,môn học khá khó không phù hợp,Tiêu cực,Chương trình,7
hiện tại môn học còn mang tính lý thuyết quá nặng .,0,1,train,hiện tại môn học còn mang tính lý thuyết quá nặng,Tiêu cực,Chương trình,11
thực hành ngay trên lớp lý thuyết thì sẽ hay hơn .,0,1,train,thực hành ngay trên lớp lý thuyết thì sẽ hay hơn,Tiêu cực,Chương trình,11
"tại sao có rất nhiều vấn đề hay liên quan đến phần mềm nhà trường lại không dạy , dành ra 4 chỉ cho môn "" đặc tả hình thức "" chỉ để đóng học phí và học đối phó cho qua .",0,1,train,tại sao có rất nhiều vấn đề hay liên quan đến phần mềm nhà trường lại không dạy dành ra 4 chỉ cho môn đặc tả hình thức chỉ để đóng học phí và học đối phó cho qua,Tiêu cực,Chương trình,39
tăng cường một số tài liệu học cơ bản .,0,1,train,tăng cường một số tài liệu học cơ bản,Tiêu cực,Chương trình,9
bài tập theo sát đề cương .,1,1,train,bài tập theo sát đề cương,Tích cực,Chương trình,6
"bài tập nhiều , có nhiều câu hỏi hay .",1,1,train,bài tập nhiều có nhiều câu hỏi hay,Tích cực,Chương trình,8
cần những hướng dẫn chi tiết hơn vì tiếp xúc những cái mới thực hành môn lập trình nhúng thầy không hướng dẫn sinh viên mà để sinh viên tự làm 100% .,0,1,train,cần những hướng dẫn chi tiết hơn vì tiếp xúc những cái mới thực hành môn lập trình nhúng thầy không hướng dẫn sinh viên mà để sinh viên tự làm 100,Tiêu cực,Chương trình,32
tài liệu thầy cho đem về ôn cũng phải chờ rất lâu mới có .,0,1,train,tài liệu thầy cho đem về ôn cũng phải chờ rất lâu mới có,Tiêu cực,Chương trình,14
nên có thời gian nghỉ giải lao giữa giờ cho sinh viên bớt căng thẳng .,0,1,train,nên có thời gian nghỉ giải lao giữa giờ cho sinh viên bớt căng thẳng,Tiêu cực,Chương trình,15
em nghĩ không nên cho sinh viên chấm chéo đồ án vì mỗi người code một kiểu và hầu hết ai cũng lo cho đồ án của mình nên việc chấm chéo diễn ra rất khó khăn và gấp gáp nên chấm có thể không chính xác mấy .,0,1,train,em nghĩ không nên cho sinh viên chấm chéo đồ án vì mỗi người code một kiểu và hầu hết ai cũng lo cho đồ án của mình nên việc chấm chéo diễn ra rất khó khăn và gấp gáp nên chấm có thể không chính xác mấy,Tiêu cực,Chương trình,48
mở rộng nhiều kiến thức liên quan .,1,1,train,mở rộng nhiều kiến thức liên quan,Tích cực,Chương trình,7
tôi xin góp ý doubledot đổi giờ học anh văn vào buổi sáng để chất lượng của buổi học được nâng cao .,0,1,train,tôi xin góp ý doubledot đổi giờ học anh văn vào buổi sáng để chất lượng của buổi học được nâng cao,Tiêu cực,Chương trình,22
"thật vô lý khi dùng màn chiếu để dạy toán 100% , cách này khiến sinh viên không thể nào theo kịp những điều giảng viên nói và cũng không có cơ hội lên bảng giải bài tập .",0,1,train,thật vô lý khi dùng màn chiếu để dạy toán 100 cách này khiến sinh viên không thể nào theo kịp những điều giảng viên nói và cũng không có cơ hội lên bảng giải bài tập,Tiêu cực,Chương trình,37
"nên tăng cường dạy từ vựng , bị hỏng kiến thức về từ vựng .",0,1,train,nên tăng cường dạy từ vựng bị hỏng kiến thức về từ vựng,Tiêu cực,Chương trình,13
file thực hành cần có một số gợi ý cho sinh viên biết hướng và định hướng giải .,0,1,train,file thực hành cần có một số gợi ý cho sinh viên biết hướng và định hướng giải,Tiêu cực,Chương trình,18
bài tập khó và thường không song song với lý thuyết .,0,1,train,bài tập khó và thường không song song với lý thuyết,Tiêu cực,Chương trình,11
em nghĩ là chỉ cần đồ án cuối kỳ là đủ rồi .,0,1,train,em nghĩ là chỉ cần đồ án cuối kỳ là đủ rồi,Tiêu cực,Chương trình,12
cung cấp thêm tài liệu và cho nhiều ví dụ thêm .,0,1,train,cung cấp thêm tài liệu và cho nhiều ví dụ thêm,Tiêu cực,Chương trình,11
bài tập quá nhiều colonsmilesmile .,0,1,train,bài tập quá nhiều colonsmilesmile,Tiêu cực,Chương trình,5
nên chia ra 2 buổi học 1 là lý thuyết 2 là thực hành .,0,1,train,nên chia ra 2 buổi học 1 là lý thuyết 2 là thực hành,Tiêu cực,Chương trình,14
tốn nhiều thời gian trong buổi học cho các việc không cần thiết .,0,1,train,tốn nhiều thời gian trong buổi học cho các việc không cần thiết,Tiêu cực,Chương trình,13
sinh viên không nắm được nội dung môn học là gì .,0,1,train,sinh viên không nắm được nội dung môn học là gì,Tiêu cực,Chương trình,11
thời gian môn học nên kéo dài hơn .,0,1,train,thời gian môn học nên kéo dài hơn,Tiêu cực,Chương trình,8
nên có bài viết hoặc bài tiểu luận mỗi 2 tuần trên courses để sinh viên thực tập .,0,1,train,nên có bài viết hoặc bài tiểu luận mỗi 2 tuần trên courses để sinh viên thực tập,Tiêu cực,Chương trình,18
"em cũng như các bạn học chung trong lớp đều thấy phần thực hành cho mỗi buổi như thế là quá nhiều , nhất là các bài thực hành từ 13 trở đi .",0,1,train,em cũng như các bạn học chung trong lớp đều thấy phần thực hành cho mỗi buổi như thế là quá nhiều nhất là các bài thực hành từ 13 trở đi,Tiêu cực,Chương trình,32
nên bổ sung thêm giáo trình cho sinh viên .,0,1,train,nên bổ sung thêm giáo trình cho sinh viên,Tiêu cực,Chương trình,9
"giáo trình thực hành đi quá nhanh so với lý thuyết , đi trước lý thuyết 1 tháng tới 1dot5 tháng .",0,1,train,giáo trình thực hành đi quá nhanh so với lý thuyết đi trước lý thuyết 1 tháng tới 1dot5 tháng,Tiêu cực,Chương trình,20
môn học hay .,1,1,train,môn học hay,Tích cực,Chương trình,3
lượng thời gian để hoàn thành các đồ án cho nhiều môn như vậy đã là không đủ trong một học kỳ .,0,1,train,lượng thời gian để hoàn thành các đồ án cho nhiều môn như vậy đã là không đủ trong một học kỳ,Tiêu cực,Chương trình,22
deadline cho thời gian không đủ dài để sinh viên hoàn thành bài tập .,0,1,train,deadline cho thời gian không đủ dài để sinh viên hoàn thành bài tập,Tiêu cực,Chương trình,14
"bài tập cần thực tiễn hơn giống như bài toán "" chi tiết máy "" , bài toán "" tính tiền lương "" thay vì những khái niệm toán học .",0,1,train,bài tập cần thực tiễn hơn giống như bài toán chi tiết máy bài toán tính tiền lương thay vì những khái niệm toán học,Tiêu cực,Chương trình,25
kiến thức thực tế .,1,1,train,kiến thức thực tế,Tích cực,Chương trình,4
"tài liệu đầy đủ , phương pháp dạy dễ tiếp thu và giảng viên nhiệt tình .",1,1,train,tài liệu đầy đủ phương pháp dạy dễ tiếp thu và giảng viên nhiệt tình,Tích cực,Chương trình,15
"cô quá là dễ thương , nhiệt tình .",1,1,train,cô quá là dễ thương nhiệt tình,Tích cực,Chương trình,7
em nghĩ là làm bài tập nhiều tốt hơn là học lý thuyết nhiều .,0,1,train,em nghĩ là làm bài tập nhiều tốt hơn là học lý thuyết nhiều,Tiêu cực,Chương trình,14
"slide bài giảng , tài liệu cần có nhiều ví dụ , tài liệu khó hiểu .",0,1,train,slide bài giảng tài liệu cần có nhiều ví dụ tài liệu khó hiểu,Tiêu cực,Chương trình,14
nên tập trung vào luyện speaking và luyện cú pháp .,0,1,train,nên tập trung vào luyện speaking và luyện cú pháp,Tiêu cực,Chương trình,10
nên đặt deadline là 11doubledot55 pm thay vì 12doubledot00 am nhiều khi nhìn lịch ở ngoài bị nhầm làm miss deadline nhiều lần .,0,1,train,nên đặt deadline là 11doubledot55 pm thay vì 12doubledot00 am nhiều khi nhìn lịch ở ngoài bị nhầm làm miss deadline nhiều lần,Tiêu cực,Chương trình,23
nên thông nhất nội dung từ đầu năm học .,0,1,train,nên thông nhất nội dung từ đầu năm học,Tiêu cực,Chương trình,9
"bài giảng dựa theo chuẩn ngôn ngữ assembly trên linux nên tìm kiếm thông tin , tài liệu khá khó khăn .",0,1,train,bài giảng dựa theo chuẩn ngôn ngữ assembly trên linux nên tìm kiếm thông tin tài liệu khá khó khăn,Tiêu cực,Chương trình,20
bài giảng không hay .,0,1,train,bài giảng không hay,Tiêu cực,Chương trình,4
ra nhiều bài tập hơn .,0,1,train,ra nhiều bài tập hơn,Tiêu cực,Chương trình,5
"nên thay đổi hình thức thi cuối kỳ , nên làm bài thi trên máy hoặc làm đồ án môn học .",0,1,train,nên thay đổi hình thức thi cuối kỳ nên làm bài thi trên máy hoặc làm đồ án môn học,Tiêu cực,Chương trình,20
"cần có thêm các hoạt động nghe nhìn như video clip , hình ảnh , các hoạt động ngoại khóa , có các buổi tham gia nói chuyện với người nước ngoài .",0,1,train,cần có thêm các hoạt động nghe nhìn như video clip hình ảnh các hoạt động ngoại khóa có các buổi tham gia nói chuyện với người nước ngoài,Tiêu cực,Chương trình,29
"nội dung đồ án doubledot không nên quá rộng , nên cô đọng những điểm quan trọng , và nên cho làm từ bước phân tích yêu cầu đến khi hoàn thành đồ án .",0,1,train,nội dung đồ án doubledot không nên quá rộng nên cô đọng những điểm quan trọng và nên cho làm từ bước phân tích yêu cầu đến khi hoàn thành đồ án,Tiêu cực,Chương trình,32
cần thay đổi giờ thực hành hình thức 2 sang thực hành hình thức 1 để sinh viên có thể áp dụng tốt hơn các kiến thức đã học .,0,1,train,cần thay đổi giờ thực hành hình thức 2 sang thực hành hình thức 1 để sinh viên có thể áp dụng tốt hơn các kiến thức đã học,Tiêu cực,Chương trình,29
"bài tập nhiều , rất sát .",1,1,train,bài tập nhiều rất sát,Tích cực,Chương trình,5
"có chương trình thực hành cụ thể , rõ ràng .",1,1,train,có chương trình thực hành cụ thể rõ ràng,Tích cực,Chương trình,9
nội dung cần cập nhật và sát với thực tiễn hơn .,0,1,train,nội dung cần cập nhật và sát với thực tiễn hơn,Tiêu cực,Chương trình,11
"nên chú trọng nhiều hơn vào kỹ năng giao tiếp , nghe , nói của sinh viên thay vì phần ngữ pháp .",0,1,train,nên chú trọng nhiều hơn vào kỹ năng giao tiếp nghe nói của sinh viên thay vì phần ngữ pháp,Tiêu cực,Chương trình,20
cần thiết thực cụ thể hơn nữa .,0,1,train,cần thiết thực cụ thể hơn nữa,Tiêu cực,Chương trình,7
"môn học nên cập nhật giáo trình mới liên tục , tài liệu học tập cũ , rất nhiều chỗ sai .",0,1,train,môn học nên cập nhật giáo trình mới liên tục tài liệu học tập cũ rất nhiều chỗ sai,Tiêu cực,Chương trình,19
cần tăng cường thực hành để sinh viên có thể hiểu kỹ bài hơn và có nhiều cơ hội để sáng tạo hay tiếp thu kiến thực hiệu quả hơn qua thực hành .,0,1,train,cần tăng cường thực hành để sinh viên có thể hiểu kỹ bài hơn và có nhiều cơ hội để sáng tạo hay tiếp thu kiến thực hiệu quả hơn qua thực hành,Tiêu cực,Chương trình,33
nội dung học không theo kịp thực hành .,0,1,train,nội dung học không theo kịp thực hành,Tiêu cực,Chương trình,8
sinh viên tiếp nhận tốt phần thực hành khác hẳn với lý thuyết .,1,1,train,sinh viên tiếp nhận tốt phần thực hành khác hẳn với lý thuyết,Tích cực,Chương trình,13
"bài tập khi học thực hành cơ bản , dễ hiểu .",1,1,train,bài tập khi học thực hành cơ bản dễ hiểu,Tích cực,Chương trình,10
nên đưa ra các ứng dụng thực tiễn của môn học .,0,1,train,nên đưa ra các ứng dụng thực tiễn của môn học,Tiêu cực,Chương trình,11
"một số bài tập không rõ , không đi sâu .",0,1,train,một số bài tập không rõ không đi sâu,Tiêu cực,Chương trình,9
đề nghị cho nhiều bài kiểm tra hơn .,0,1,train,đề nghị cho nhiều bài kiểm tra hơn,Tiêu cực,Chương trình,8
khung chương trình quá áp đặt lý thuyết .,0,1,train,khung chương trình quá áp đặt lý thuyết,Tiêu cực,Chương trình,8
"em có ý kiến như sau doubledot môn này em nghĩ là cần có nhiều tài liệu , đặc biệt tiếng việt thì càng tốt vì không phải ai cũng giỏi tiếng anh .",0,1,train,em có ý kiến như sau doubledot môn này em nghĩ là cần có nhiều tài liệu đặc biệt tiếng việt thì càng tốt vì không phải ai cũng giỏi tiếng anh,Tiêu cực,Chương trình,32
nên tăng thời gian học .,0,1,train,nên tăng thời gian học,Tiêu cực,Chương trình,5
"thay đổi cách truyền đạt môn , thay vì giảng viên có giờ lên lớp giảng bài nhàm chán , sinh viên tiếp thu thụ động , ý kiến doubledot giảng viên chia nhỏ nhóm học tập , mỗi buổi sẽ đưa chủ đề của bài hôm đó và giải thích cách làm việc , cho thời gian sinh viên làm việc nhóm với sự giám xác của giảng viên , sau đó bốc thăm cho từng nhóm lên trình bày , sau đó giảng viên nhận xét cho điểm .",0,1,train,thay đổi cách truyền đạt môn thay vì giảng viên có giờ lên lớp giảng bài nhàm chán sinh viên tiếp thu thụ động ý kiến doubledot giảng viên chia nhỏ nhóm học tập mỗi buổi sẽ đưa chủ đề của bài hôm đó và giải thích cách làm việc cho thời gian sinh viên làm việc nhóm với sự giám xác của giảng viên sau đó bốc thăm cho từng nhóm lên trình bày sau đó giảng viên nhận xét cho điểm,Tiêu cực,Chương trình,83
"thời gian hoàn thành đồ án quá gấp rút , khi chưa học được gì cũng phải hoàn thành tất cả các nội dung trong đồ án để nộp đúng hạn , mà nội dung toàn những phần chưa học , chưa hiểu .",0,1,train,thời gian hoàn thành đồ án quá gấp rút khi chưa học được gì cũng phải hoàn thành tất cả các nội dung trong đồ án để nộp đúng hạn mà nội dung toàn những phần chưa học chưa hiểu,Tiêu cực,Chương trình,40
"slide bài giảng là slide cũ từ năm 2009 và không được sửa nhiều lỗi từ chính tả , ngữ pháp đến sai sót trong thông tin bài giảng .",0,1,train,slide bài giảng là slide cũ từ năm 2009 và không được sửa nhiều lỗi từ chính tả ngữ pháp đến sai sót trong thông tin bài giảng,Tiêu cực,Chương trình,28
ít bài tập vận dụng .,0,1,train,ít bài tập vận dụng,Tiêu cực,Chương trình,5
"những bài tập quá trình không rải đều các buổi học mà chỉ tập trung vào 2 - 3 buổi làm một số sinh viên trong đó có bản thân em bị mất từ 2 - 3 cột điểm , làm giảm tổng điểm xuống mức thấp .",0,1,train,những bài tập quá trình không rải đều các buổi học mà chỉ tập trung vào 2 3 buổi làm một số sinh viên trong đó có bản thân em bị mất từ 2 3 cột điểm làm giảm tổng điểm xuống mức thấp,Tiêu cực,Chương trình,44
"nên thay đổi việc làm đồ án cuối kỳ doubledot không nên cho sinh viên làm đồ án tự do nữa quản lý , game , nghe nhạc vdotv mà giảng viên nên ra một đồ án có chủ đề thống nhất .",0,1,train,nên thay đổi việc làm đồ án cuối kỳ doubledot không nên cho sinh viên làm đồ án tự do nữa quản lý game nghe nhạc vdotv mà giảng viên nên ra một đồ án có chủ đề thống nhất,Tiêu cực,Chương trình,40
giảm bớt số lượng nội dung của môn học .,0,1,train,giảm bớt số lượng nội dung của môn học,Tiêu cực,Chương trình,9
môn học lý thuyết rất nhiều .,0,1,train,môn học lý thuyết rất nhiều,Tiêu cực,Chương trình,6
liên hệ thực tế nhiều hơn .,0,1,train,liên hệ thực tế nhiều hơn,Tiêu cực,Chương trình,6
slide sử dụng rất chi tiết .,1,1,train,slide sử dụng rất chi tiết,Tích cực,Chương trình,6
nhiều khi làm bài tập mình không biết mình đang làm gì luôn .,0,1,train,nhiều khi làm bài tập mình không biết mình đang làm gì luôn,Tiêu cực,Chương trình,13
giờ học thực hành bị trùng giờ học môn khác trên trường .,0,1,train,giờ học thực hành bị trùng giờ học môn khác trên trường,Tiêu cực,Chương trình,12
"đúng là anh văn rất cần thiết chúng nhưng đó không phải là những gì sinh viên chúng em cần cho một môn ngoại ngữ , chúng em cần là cảm giác thích thú khi học tiếng anh .",0,1,train,đúng là anh văn rất cần thiết chúng nhưng đó không phải là những gì sinh viên chúng em cần cho một môn ngoại ngữ chúng em cần là cảm giác thích thú khi học tiếng anh,Tiêu cực,Chương trình,37
cần mở lớp thực hành phù hợp với lý thuyết .,0,1,train,cần mở lớp thực hành phù hợp với lý thuyết,Tiêu cực,Chương trình,10
em nghĩ nên bỏ môn này .,0,1,train,em nghĩ nên bỏ môn này,Tiêu cực,Chương trình,6
nên thực hành theo hình thức 2 .,0,1,train,nên thực hành theo hình thức 2,Tiêu cực,Chương trình,7
kiến thức môn anh văn được đáp ứng nhưng không thực tế .,0,1,train,kiến thức môn anh văn được đáp ứng nhưng không thực tế,Tiêu cực,Chương trình,12
cần thêm phần dạy lập trình căn bản bằng ngôn ngữ c .,0,1,train,cần thêm phần dạy lập trình căn bản bằng ngôn ngữ c,Tiêu cực,Chương trình,12
qua môn học này tôi còn không biết được mình học được những gì .,0,1,train,qua môn học này tôi còn không biết được mình học được những gì,Tiêu cực,Chương trình,14
"nên chia thành nhiều phần để đánh giá sinh viên chứ không tập trung vào cuối kỳ doubledot 50% giành cho kiến thức cơ bản, một hình thức nào đó để buộc sinh phải có kiến thức về dotnet nắm về nguyên lý của nó , về cách tổ chức , cách thiết kế và sử dụng .",0,1,train,nên chia thành nhiều phần để đánh giá sinh viên chứ không tập trung vào cuối kỳ doubledot 50 giành cho kiến thức cơ bản một hình thức nào đó để buộc sinh phải có kiến thức về dotnet nắm về nguyên lý của nó về cách tổ chức cách thiết kế và sử dụng,Tiêu cực,Chương trình,55
thêm nhiều thời gian .,0,1,train,thêm nhiều thời gian,Tiêu cực,Chương trình,4
nội dung giảng dạy lan man không sát môn học mật mã .,0,1,train,nội dung giảng dạy lan man không sát môn học mật mã,Tiêu cực,Chương trình,12
hoặc có thể cho cùng một giảng viên phụ trách lý thuyết và thực hành cho mỗi lớp .,0,1,train,hoặc có thể cho cùng một giảng viên phụ trách lý thuyết và thực hành cho mỗi lớp,Tiêu cực,Chương trình,18
nội dung thực hành nên bám sát với lý thuyết .,0,1,train,nội dung thực hành nên bám sát với lý thuyết,Tiêu cực,Chương trình,10
"các khoa khác đều có điểm thi giữa kỳ môn vậy rồi mà sao giờ này , gần thi cuối kỳ rồi mà khoa wzjwz12 chưa có điểm .",0,1,train,các khoa khác đều có điểm thi giữa kỳ môn vậy rồi mà sao giờ này gần thi cuối kỳ rồi mà khoa wzjwz12 chưa có điểm,Tiêu cực,Chương trình,27
bài về nhà quá khó .,0,1,train,bài về nhà quá khó,Tiêu cực,Chương trình,5
có buổi hướng dẫn cho sinh viên trước khi làm đồ án .,1,1,train,có buổi hướng dẫn cho sinh viên trước khi làm đồ án,Tích cực,Chương trình,12
cần làm nhiều bài tập hơn .,0,1,train,cần làm nhiều bài tập hơn,Tiêu cực,Chương trình,6
một số phần kiến thức bị bỏ qua do không đủ thời gian .,0,1,train,một số phần kiến thức bị bỏ qua do không đủ thời gian,Tiêu cực,Chương trình,13
kiểm tra trên lớp nhiều hơn .,0,1,train,kiểm tra trên lớp nhiều hơn,Tiêu cực,Chương trình,6
tạo ra môi trường để sinh viên có cơ hội thực tập khả năng thuyết trình .,1,1,train,tạo ra môi trường để sinh viên có cơ hội thực tập khả năng thuyết trình,Tích cực,Chương trình,16
ra thêm những bài tập khó hoặc lạ giúp học sinh kiếm thêm điểm để tăng hứng thú môn học khuyến khích hoạt động phát biểu trong giờ học .,0,1,train,ra thêm những bài tập khó hoặc lạ giúp học sinh kiếm thêm điểm để tăng hứng thú môn học khuyến khích hoạt động phát biểu trong giờ học,Tiêu cực,Chương trình,29
hiện tại thực hành môn này chỉ mang tính chất làm quen các thiết bị .,0,1,train,hiện tại thực hành môn này chỉ mang tính chất làm quen các thiết bị,Tiêu cực,Chương trình,15
đưa ra các chỉ tiêu tính điểm cụ thể .,0,1,train,đưa ra các chỉ tiêu tính điểm cụ thể,Tiêu cực,Chương trình,9
bài giảng thực hành rất chi tiết .,1,1,train,bài giảng thực hành rất chi tiết,Tích cực,Chương trình,7
học anh văn không nên quá theo một khuôn mẫu .,0,1,train,học anh văn không nên quá theo một khuôn mẫu,Tiêu cực,Chương trình,10
kiểm tra với mức độ vừa phải với yêu cầu của môn học !,0,1,train,kiểm tra với mức độ vừa phải với yêu cầu của môn học,Tiêu cực,Chương trình,13
bài giảng sinh động có hứng thú với sinh viên đến lớp .,1,1,train,bài giảng sinh động có hứng thú với sinh viên đến lớp,Tích cực,Chương trình,12
các nhóm có cùng đề tài 'abc' cùng vào báo cáo một lượt cho lẹ !,0,1,train,các nhóm có cùng đề tài abc cùng vào báo cáo một lượt cho lẹ,Tiêu cực,Chương trình,15
"cần phân bố lại thời gian lên lớp , đừng kéo dài thời gian khi đã hết buổi học .",0,1,train,cần phân bố lại thời gian lên lớp đừng kéo dài thời gian khi đã hết buổi học,Tiêu cực,Chương trình,18
"nên tăng thêm thời lượng về kỹ năng nghe , nói .",0,1,train,nên tăng thêm thời lượng về kỹ năng nghe nói,Tiêu cực,Chương trình,10
hy vọng có nhiều phương pháp mới để sinh viên hiểu sâu được vấn đề .,0,1,train,hy vọng có nhiều phương pháp mới để sinh viên hiểu sâu được vấn đề,Tiêu cực,Chương trình,15
thời gian các tiết thực hành cần phân bổ phù hợp với thời gian lý thuyết vì thường thì những bài thực hành đi sớm hơn so với bài lý thuyết kể từ những tuần khoảng giữa nên giảng viên hỗ trợ thực hành không thể cho sinh viên thực hành phần đó .,0,1,train,thời gian các tiết thực hành cần phân bổ phù hợp với thời gian lý thuyết vì thường thì những bài thực hành đi sớm hơn so với bài lý thuyết kể từ những tuần khoảng giữa nên giảng viên hỗ trợ thực hành không thể cho sinh viên thực hành phần đó,Tiêu cực,Chương trình,53
đảm bảo phần kiến thức cho sinh viên đạt được .,2,1,train,đảm bảo phần kiến thức cho sinh viên đạt được,Trung lập,Chương trình,10
bài tập và tài liệu hướng dẫn học tập mà thầy cung cấp thực sự rất đầy đủ đối với em .,1,1,train,bài tập và tài liệu hướng dẫn học tập mà thầy cung cấp thực sự rất đầy đủ đối với em,Tích cực,Chương trình,21
"nội dung thực hành vào lý thuyết chưa khớp nhau , chưa truyền tải được nhiều kiến thức .",0,1,train,nội dung thực hành vào lý thuyết chưa khớp nhau chưa truyền tải được nhiều kiến thức,Tiêu cực,Chương trình,17
"em còn tưởng những nội dung này chỉ có trong hội thảo về "" đa cấp "" .",0,1,train,em còn tưởng những nội dung này chỉ có trong hội thảo về đa cấp,Tiêu cực,Chương trình,15
em nghỉ nên biên soạn lại .,0,1,train,em nghỉ nên biên soạn lại,Tiêu cực,Chương trình,6
trong học kỳ này vì nó không được cố định nên em và có thể nhiều bạn khác đã bỏ lỡ bài nộp .,0,1,train,trong học kỳ này vì nó không được cố định nên em và có thể nhiều bạn khác đã bỏ lỡ bài nộp,Tiêu cực,Chương trình,23
"triển khai srum cho tổ hợp nhóm nhỏ chừng 15 người , 1 nhóm 5 người .",0,1,train,triển khai srum cho tổ hợp nhóm nhỏ chừng 15 người 1 nhóm 5 người,Tiêu cực,Chương trình,15
bài tập cho cho đa dạng để sinh viên dễ dàng tiếp thu được nhiều loại bài tập và kiến thức khác nhau .,1,1,train,bài tập cho cho đa dạng để sinh viên dễ dàng tiếp thu được nhiều loại bài tập và kiến thức khác nhau,Tích cực,Chương trình,23
không nên quá chú trọng vào việc dạy học chạy kịp chương trình để thi mà quên đi khả năng tiếp thu của sinh viên .,0,1,train,không nên quá chú trọng vào việc dạy học chạy kịp chương trình để thi mà quên đi khả năng tiếp thu của sinh viên,Tiêu cực,Chương trình,25
nhưng vẫn đạt điểm cao .,0,1,train,nhưng vẫn đạt điểm cao,Tiêu cực,Chương trình,5
phần thi nói giữa các lớp không thống nhất về hình thức và nội dung .,0,1,train,phần thi nói giữa các lớp không thống nhất về hình thức và nội dung,Tiêu cực,Chương trình,15
liên hệ sát với thực tế .,1,1,train,liên hệ sát với thực tế,Tích cực,Chương trình,6
khối lượng lý thuyết và thực hành phải học quá ôm đồm trong một môn học .,0,1,train,khối lượng lý thuyết và thực hành phải học quá ôm đồm trong một môn học,Tiêu cực,Chương trình,16
kiến thức môn học ứng dụng tốt cho công việc sau này .,1,1,train,kiến thức môn học ứng dụng tốt cho công việc sau này,Tích cực,Chương trình,12
"nên sử dụng giáo trình tiếng việt , nếu dùng tiếng anh thì nên dùng lúc ra đề luôn , tránh trường hợp anh việt lẫn lộn .",0,1,train,nên sử dụng giáo trình tiếng việt nếu dùng tiếng anh thì nên dùng lúc ra đề luôn tránh trường hợp anh việt lẫn lộn,Tiêu cực,Chương trình,25
nên có thêm vài project nhỏ .,0,1,train,nên có thêm vài project nhỏ,Tiêu cực,Chương trình,6
"dạy tốt , dễ hiểu .",1,1,train,dạy tốt dễ hiểu,Tích cực,Chương trình,4
"các buổi học không liên tục , kiến thức kiểu chắp vá .",0,1,train,các buổi học không liên tục kiến thức kiểu chắp vá,Tiêu cực,Chương trình,11
cần được tăng cường thực hành và traning thêm môn học .,0,1,train,cần được tăng cường thực hành và traning thêm môn học,Tiêu cực,Chương trình,11
cần xác định rõ mục tiêu thực tế của môn học ứng dụng vào việc gì .,0,1,train,cần xác định rõ mục tiêu thực tế của môn học ứng dụng vào việc gì,Tiêu cực,Chương trình,16
"giáo trình hiện tại khá trừu tượng và khó hiểu , kiến thức khá khó với những lý thuyết căn bản mà sinh viên có thể hiểu .",0,1,train,giáo trình hiện tại khá trừu tượng và khó hiểu kiến thức khá khó với những lý thuyết căn bản mà sinh viên có thể hiểu,Tiêu cực,Chương trình,26
về học tập doubledot bản thân em không đồng ý về điểm thuyết trình và bài báo cáo .,0,1,train,về học tập doubledot bản thân em không đồng ý về điểm thuyết trình và bài báo cáo,Tiêu cực,Chương trình,18
cần mở rộng thêm các kỹ thuật hướng đối tượng mới hiện nay .,0,1,train,cần mở rộng thêm các kỹ thuật hướng đối tượng mới hiện nay,Tiêu cực,Chương trình,13
điều chỉnh số tín chỉ cho môn từ 3 tín chỉ thành 2 tín chỉ .,0,1,train,điều chỉnh số tín chỉ cho môn từ 3 tín chỉ thành 2 tín chỉ,Tiêu cực,Chương trình,15
"cần chuẩn bị phần giáo trình phù hợp hơn với môn học , phù hợp hơn với trường mình .",0,1,train,cần chuẩn bị phần giáo trình phù hợp hơn với môn học phù hợp hơn với trường mình,Tiêu cực,Chương trình,18
"4 tín chỉ học phần là quá ít cho các kiến thức về javabeans , jsp , servlet , html , csharp .",0,1,train,4 tín chỉ học phần là quá ít cho các kiến thức về javabeans jsp servlet html csharp,Tiêu cực,Chương trình,18
trong khi chương trình quy định 2 tiết cho một bài .,2,1,train,trong khi chương trình quy định 2 tiết cho một bài,Trung lập,Chương trình,11
"học một đàn ra thi một nẻo , thi đúng với nội dung môn học .",0,1,train,học một đàn ra thi một nẻo thi đúng với nội dung môn học,Tiêu cực,Chương trình,14
"cần phải thiết kế nội dung thực hành gắn với lý thuyết , nâng độ khó lên , cần áp dụng các lý thuyết hiện đại thay vì các lý thuyết đã cũ từ mấy chục năm trước .",0,1,train,cần phải thiết kế nội dung thực hành gắn với lý thuyết nâng độ khó lên cần áp dụng các lý thuyết hiện đại thay vì các lý thuyết đã cũ từ mấy chục năm trước,Tiêu cực,Chương trình,36
môn học hay và bổ ích .,1,1,train,môn học hay và bổ ích,Tích cực,Chương trình,6
"cập nhật kiến thứ trong các slide , những phương pháp mới .",0,1,train,cập nhật kiến thứ trong các slide những phương pháp mới,Tiêu cực,Chương trình,11
"theo em , nên tăng thời gian thực hành nhiều hơn .",0,1,train,theo em nên tăng thời gian thực hành nhiều hơn,Tiêu cực,Chương trình,10
em nghĩ nên kết hợp thực hành vào chung một buổi .,0,1,train,em nghĩ nên kết hợp thực hành vào chung một buổi,Tiêu cực,Chương trình,11
bài tập làm thêm .,2,1,train,bài tập làm thêm,Trung lập,Chương trình,4
cập nhật tin tức môn học trên các kênh thông tin course và cung cấp các tài liệu trên đó .,0,1,train,cập nhật tin tức môn học trên các kênh thông tin course và cung cấp các tài liệu trên đó,Tiêu cực,Chương trình,20
"buổi đầu tiên là một bài thực hành đơn giản , buổi thứ 2 chia nhóm và thông báo đề tài đồ án cuối kỳ , buổi thứ 3 là chấm đồ án .",2,1,train,buổi đầu tiên là một bài thực hành đơn giản buổi thứ 2 chia nhóm và thông báo đề tài đồ án cuối kỳ buổi thứ 3 là chấm đồ án,Trung lập,Chương trình,31
như vậy thì quá bất công .,0,1,train,như vậy thì quá bất công,Tiêu cực,Chương trình,6
lịch học trùng với lịch học môn khác có điểm danh từng buổi nên hầu như nhóm học của em không bạn nào học được 1 buổi nào .,0,1,train,lịch học trùng với lịch học môn khác có điểm danh từng buổi nên hầu như nhóm học của em không bạn nào học được 1 buổi nào,Tiêu cực,Chương trình,28
thêm nhiều bài tập hay gặp khi thi học kỳ !,0,1,train,thêm nhiều bài tập hay gặp khi thi học kỳ,Tiêu cực,Chương trình,10
tìm hiểu về các case study giúp chúng em biết thêm nhiều kiến thức mới và trình bày sản phẩm của mình trước lớp để thấy những thiếu sót của mình .,2,1,train,tìm hiểu về các case study giúp chúng em biết thêm nhiều kiến thức mới và trình bày sản phẩm của mình trước lớp để thấy những thiếu sót của mình,Trung lập,Chương trình,31
em nghĩ nên tạo ra thêm một số ràng buộc để sinh viên đi học đầy đủ hơn .,0,1,train,em nghĩ nên tạo ra thêm một số ràng buộc để sinh viên đi học đầy đủ hơn,Tiêu cực,Chương trình,18
phân phối bài tập hợp lý .,1,1,train,phân phối bài tập hợp lý,Tích cực,Chương trình,6
cần cập nhật kiến thức sâu hơn .,0,1,train,cần cập nhật kiến thức sâu hơn,Tiêu cực,Chương trình,7
"em thấy nội dung kiểm tra chưa phù hợp , chương trình học quá nặng .",0,1,train,em thấy nội dung kiểm tra chưa phù hợp chương trình học quá nặng,Tiêu cực,Chương trình,14
nội dung mới .,1,1,train,nội dung mới,Tích cực,Chương trình,3
"nên cập nhật giáo trình đầy đủ , nội dung môn học nên cải tiến , phần thực hành nên hiệu chỉnh để thống nhất với lý thuyết .",0,1,train,nên cập nhật giáo trình đầy đủ nội dung môn học nên cải tiến phần thực hành nên hiệu chỉnh để thống nhất với lý thuyết,Tiêu cực,Chương trình,26
"theo ý kiến của em doubledot nếu như đầu ra tốt nghiệp là bằng cấp theo các chương trình ngoại ngữ bằng cấp toeic hay ielts thì em nghĩ là nên để phần đó cho các bạn sinh viên tự lo vì học av1 , av2 , av3 rồi lại phải học thêm mấy cái toeic với ielts thì mất một khoảng thời gian .",0,1,train,theo ý kiến của em doubledot nếu như đầu ra tốt nghiệp là bằng cấp theo các chương trình ngoại ngữ bằng cấp toeic hay ielts thì em nghĩ là nên để phần đó cho các bạn sinh viên tự lo vì học av1 av2 av3 rồi lại phải học thêm mấy cái toeic với ielts thì mất một khoảng thời gian,Tiêu cực,Chương trình,62
các deadline thời gian hơi ít .,0,1,train,các deadline thời gian hơi ít,Tiêu cực,Chương trình,6
"mong ở những môn học tới , với kiến thức và kinh nghiệm của mình thêm với sự tương tác và sắp xếp thời gian , thầy sẽ mang đến những tiết học bổ ích và hiệu quả nhất cho học viên của mình .",0,1,train,mong ở những môn học tới với kiến thức và kinh nghiệm của mình thêm với sự tương tác và sắp xếp thời gian thầy sẽ mang đến những tiết học bổ ích và hiệu quả nhất cho học viên của mình,Tiêu cực,Chương trình,42
môn này không nên có hình thức thực hành 2 không hiệu quả .,0,1,train,môn này không nên có hình thức thực hành 2 không hiệu quả,Tiêu cực,Chương trình,13
tài liệu và giảng viên nhiệt tình .,1,1,train,tài liệu và giảng viên nhiệt tình,Tích cực,Chương trình,7
"khi có thông báo nghỉ , cần cập nhập thông tin trên web của khoa wzjwz158 .",0,1,train,khi có thông báo nghỉ cần cập nhập thông tin trên web của khoa wzjwz158,Tiêu cực,Chương trình,15
em nghĩ nên thi thực hành thay vì lý thuyết cuối kỳ .,0,1,train,em nghĩ nên thi thực hành thay vì lý thuyết cuối kỳ,Tiêu cực,Chương trình,12
thời lượng thi ít khiến nhiều câu bỏ trống .,0,1,train,thời lượng thi ít khiến nhiều câu bỏ trống,Tiêu cực,Chương trình,9
bài tập deadline quá nhiều mà thời gian lại quá ngắn .,0,1,train,bài tập deadline quá nhiều mà thời gian lại quá ngắn,Tiêu cực,Chương trình,11
nên rút gọn kiến thức lại .,0,1,train,nên rút gọn kiến thức lại,Tiêu cực,Chương trình,6
"có nhiều nội dung liên quan tới thực tiễn , có thể áp dụng vào thực tế sau này .",1,1,train,có nhiều nội dung liên quan tới thực tiễn có thể áp dụng vào thực tế sau này,Tích cực,Chương trình,18
điểm làm đồ án nên trên 50% thì sẽ có tính thực tiễn hơn .,0,1,train,điểm làm đồ án nên trên 50 thì sẽ có tính thực tiễn hơn,Tiêu cực,Chương trình,14
"không dạy vào trọng tâm chương trình , sử dụng giáo trình mà thường đi lan man .",0,1,train,không dạy vào trọng tâm chương trình sử dụng giáo trình mà thường đi lan man,Tiêu cực,Chương trình,16
mong các môn thực hành cách tuần sẽ chuyển thành hàng tuần .,0,1,train,mong các môn thực hành cách tuần sẽ chuyển thành hàng tuần,Tiêu cực,Chương trình,12
"môn học không mang tính ứng dụng và thực tế , kiến thức quá chung chung .",0,1,train,môn học không mang tính ứng dụng và thực tế kiến thức quá chung chung,Tiêu cực,Chương trình,15
"slide môn học một số phần dịch từ tiếng anh khó hiểu , không rõ ràng .",0,1,train,slide môn học một số phần dịch từ tiếng anh khó hiểu không rõ ràng,Tiêu cực,Chương trình,15
cho cái nhìn về môi trường bên ngoài doanh nghiệp .,1,1,train,cho cái nhìn về môi trường bên ngoài doanh nghiệp,Tích cực,Chương trình,10
"ít sử dụng hệ thống moodle môn học , slide bài giảng các bài nộp khó khăn để nộp do sinh viên ít sử dụng hệ thống dropbox .",0,1,train,ít sử dụng hệ thống moodle môn học slide bài giảng các bài nộp khó khăn để nộp do sinh viên ít sử dụng hệ thống dropbox,Tiêu cực,Chương trình,27
cung cấp đầy đủ và cập nhật giáo trình và tài liệu phục vụ môn học hơn .,0,1,train,cung cấp đầy đủ và cập nhật giáo trình và tài liệu phục vụ môn học hơn,Tiêu cực,Chương trình,17
bài thi phải sát hơn và thêm phần thi nói để kiểm tra và xếp loại đầu vào .,0,1,train,bài thi phải sát hơn và thêm phần thi nói để kiểm tra và xếp loại đầu vào,Tiêu cực,Chương trình,18
"nếu được thì rút ngắn thời gian học mỗi môn học trong một học kỳ thành 7 tuần 2 buổi tuần hay học theo hình thức "" cuốn chiếu "" các môn học trong một học kỳ .",0,1,train,nếu được thì rút ngắn thời gian học mỗi môn học trong một học kỳ thành 7 tuần 2 buổi tuần hay học theo hình thức cuốn chiếu các môn học trong một học kỳ,Tiêu cực,Chương trình,35
mọi bài thực hành sinh viên tự đọc hiểu và sự có mặt của giảng viên trên lớp chỉ mang hình thức có mặt .,0,1,train,mọi bài thực hành sinh viên tự đọc hiểu và sự có mặt của giảng viên trên lớp chỉ mang hình thức có mặt,Tiêu cực,Chương trình,24
nhiều slide .,0,1,train,nhiều slide,Tiêu cực,Chương trình,2
nên có thêm trợ giảng để giảm bớt áp lực cho giảng viên .,0,1,train,nên có thêm trợ giảng để giảm bớt áp lực cho giảng viên,Tiêu cực,Chương trình,13
cần tăng giờ thực hành để nắm rõ và chắc hơn nội dung của bài học .,0,1,train,cần tăng giờ thực hành để nắm rõ và chắc hơn nội dung của bài học,Tiêu cực,Chương trình,16
thực hành mà dành hơn 80% nói về lý thuyết không đáp ứng yêu cầu sinh viên .,0,1,train,thực hành mà dành hơn 80 nói về lý thuyết không đáp ứng yêu cầu sinh viên,Tiêu cực,Chương trình,17
tài liệu nên được cập nhật .,0,1,train,tài liệu nên được cập nhật,Tiêu cực,Chương trình,6
"phần thực hành , chúng em không được hướng dẫn đủ .",0,1,train,phần thực hành chúng em không được hướng dẫn đủ,Tiêu cực,Chương trình,10
mong nhà trường sẽ đồng nhất phần thực hành và lý thuyết .,0,1,train,mong nhà trường sẽ đồng nhất phần thực hành và lý thuyết,Tiêu cực,Chương trình,12
thi cuối kỳ không đủ thời gian làm bài !,0,1,train,thi cuối kỳ không đủ thời gian làm bài,Tiêu cực,Chương trình,9
đặt hiệu suất học tập lên hàng đầu chứ không phải điểm số .,0,1,train,đặt hiệu suất học tập lên hàng đầu chứ không phải điểm số,Tiêu cực,Chương trình,13
"khái niệm "" thiết bị di động "" trong môn học cần được định nghĩa lại với cách giảng dạy này .",0,1,train,khái niệm thiết bị di động trong môn học cần được định nghĩa lại với cách giảng dạy này,Tiêu cực,Chương trình,19
giáo trình cần cập nhật hơn nữa .,0,1,train,giáo trình cần cập nhật hơn nữa,Tiêu cực,Chương trình,7
"thế nhưng việc thời hạn nộp bài không được chính xác gây khó khăn trong việc nộp bài , cụ thể là thời hạn nộp bài đôi khi đã được ấn định , nhưng sau đó lại được gia hạn thêm , vậy thì không công bằng với những người đã bỏ công sức ra để cố gắng hoàn thành công việc đúng thời hạn ban đầu .",0,1,train,thế nhưng việc thời hạn nộp bài không được chính xác gây khó khăn trong việc nộp bài cụ thể là thời hạn nộp bài đôi khi đã được ấn định nhưng sau đó lại được gia hạn thêm vậy thì không công bằng với những người đã bỏ công sức ra để cố gắng hoàn thành công việc đúng thời hạn ban đầu,Tiêu cực,Chương trình,64
theo em nên đưa phần kiến thức thực hành lên giảng dạy trong giờ lý thuyết .,0,1,train,theo em nên đưa phần kiến thức thực hành lên giảng dạy trong giờ lý thuyết,Tiêu cực,Chương trình,16
bổ sung thêm slide và giáo trình tiếng việt .,0,1,train,bổ sung thêm slide và giáo trình tiếng việt,Tiêu cực,Chương trình,9
"yêu cầu nên cụ thể cho từng thành viên trong nhóm đò án vì chấm điểm đồ án theo từng cá nhân , từng yêu cầu mà có những nhóm làm đồ án không chia công việc từ đầu mà làm chung tất cả , dẫn đến các thành viên không đáp ứng được tiêu chí chấm điểm đồ án .",0,1,train,yêu cầu nên cụ thể cho từng thành viên trong nhóm đò án vì chấm điểm đồ án theo từng cá nhân từng yêu cầu mà có những nhóm làm đồ án không chia công việc từ đầu mà làm chung tất cả dẫn đến các thành viên không đáp ứng được tiêu chí chấm điểm đồ án,Tiêu cực,Chương trình,58
"về khâu chấm đồ án , mặc dù thầy không nêu trong yêu cầu là cấm sử dụng phương pháp đó , nhưng khi sinh viên sử dụng thì thầy đuổi cả nhóm xuống không cho sinh viên tiếp tục trình bày vì không hợp ý của thầy .",0,1,train,về khâu chấm đồ án mặc dù thầy không nêu trong yêu cầu là cấm sử dụng phương pháp đó nhưng khi sinh viên sử dụng thì thầy đuổi cả nhóm xuống không cho sinh viên tiếp tục trình bày vì không hợp ý của thầy,Tiêu cực,Chương trình,46
oop khá phức tạp nên cần nhiều ví dụ .,0,1,train,oop khá phức tạp nên cần nhiều ví dụ,Tiêu cực,Chương trình,9
môn học cần đi vào thực tiễn để sinh viên có thể ứng dụng sau này .,0,1,train,môn học cần đi vào thực tiễn để sinh viên có thể ứng dụng sau này,Tiêu cực,Chương trình,16
nên bỏ thi code trên giấy .,0,1,train,nên bỏ thi code trên giấy,Tiêu cực,Chương trình,6
cần nghe nhiều hơn .,0,1,train,cần nghe nhiều hơn,Tiêu cực,Chương trình,4
không phát huy được hết khả năng của sinh viên .,0,1,train,không phát huy được hết khả năng của sinh viên,Tiêu cực,Chương trình,10
đề cương môn học chưa rõ ràng .,0,1,train,đề cương môn học chưa rõ ràng,Tiêu cực,Chương trình,7
học kỳ này học phần của em không có giáo viên này giảng dạy .,0,1,train,học kỳ này học phần của em không có giáo viên này giảng dạy,Tiêu cực,Chương trình,14
nội dung cần nguyên cứu cực kỳ nặng đối với một môn học .,0,1,train,nội dung cần nguyên cứu cực kỳ nặng đối với một môn học,Tiêu cực,Chương trình,13
có ít bài tập .,0,1,train,có ít bài tập,Tiêu cực,Chương trình,4
"do đó , em kiến nghị thay đổi việc thực hành môn này , nếu không thể trang bị thiết bị mới thì nên đổi sang cho sinh viên thực hành tại nhà với phần mềm mô phỏng chứ không cần phải lên trường để điểm danh như học kỳ vừa qua .",0,1,train,do đó em kiến nghị thay đổi việc thực hành môn này nếu không thể trang bị thiết bị mới thì nên đổi sang cho sinh viên thực hành tại nhà với phần mềm mô phỏng chứ không cần phải lên trường để điểm danh như học kỳ vừa qua,Tiêu cực,Chương trình,50
được học tập theo nhóm .,1,1,train,được học tập theo nhóm,Tích cực,Chương trình,5
ghi bài quá nhiều .,0,1,train,ghi bài quá nhiều,Tiêu cực,Chương trình,4
phần thực hành theo hình thức 2 sẽ hợp lý hơn .,0,1,train,phần thực hành theo hình thức 2 sẽ hợp lý hơn,Tiêu cực,Chương trình,11
mong khoa wzjwz101 có lịch học lý thuyết và thực hành cụ thể trước khi sinh viên đăng ký học phần để tránh trường hợp trùng lịch dẫn đến sinh viên phải hủy một số môn do chỉnh sửa lịch .,0,1,train,mong khoa wzjwz101 có lịch học lý thuyết và thực hành cụ thể trước khi sinh viên đăng ký học phần để tránh trường hợp trùng lịch dẫn đến sinh viên phải hủy một số môn do chỉnh sửa lịch,Tiêu cực,Chương trình,40
giảm seminar tràn lan .,0,1,train,giảm seminar tràn lan,Tiêu cực,Chương trình,4
"dạy tốt , khả năng truyền đạt tốt giúp sinh viên dễ tiếp thu , phương pháp giảng dạy hiệu quả , nhiệt tình .",1,1,train,dạy tốt khả năng truyền đạt tốt giúp sinh viên dễ tiếp thu phương pháp giảng dạy hiệu quả nhiệt tình,Tích cực,Chương trình,21
bài tập về nhà khá khó .,0,1,train,bài tập về nhà khá khó,Tiêu cực,Chương trình,6
môn học cần có một lượng bài tập lớn và người học muốn hiểu được vấn đề thì cần làm nhiều bài tập vì thế môn học cần có thời gian làm bài tập sau mỗi phần để có thể ôn lại những gì đã học trong các tuần trước .,0,1,train,môn học cần có một lượng bài tập lớn và người học muốn hiểu được vấn đề thì cần làm nhiều bài tập vì thế môn học cần có thời gian làm bài tập sau mỗi phần để có thể ôn lại những gì đã học trong các tuần trước,Tiêu cực,Chương trình,50
chất lượng môn học vậy đã đầy đủ .,1,1,train,chất lượng môn học vậy đã đầy đủ,Tích cực,Chương trình,8
đề nghị bỏ phần thi lý thuyết cuối kỳ .,0,1,train,đề nghị bỏ phần thi lý thuyết cuối kỳ,Tiêu cực,Chương trình,9
cần thêm tiết học thực hành .,0,1,train,cần thêm tiết học thực hành,Tiêu cực,Chương trình,6
chương trình giảng dạy tốt .,1,1,train,chương trình giảng dạy tốt,Tích cực,Chương trình,5
kiến thức của giáo viên rất tốt !,1,1,train,kiến thức của giáo viên rất tốt,Tích cực,Chương trình,7
"thực hành đa dạng , giúp sinh viên hiểu rõ vấn đề .",1,1,train,thực hành đa dạng giúp sinh viên hiểu rõ vấn đề,Tích cực,Chương trình,11
"môn học cần có chút thay đổi về kiểm tra , phần thực hành cần được quan tâm và cần được hỗ trợ hoặc học sau khi đã học được lý thuyết để có nền tảng và cơ sở để thầy cô hướng dẫn sinh viên tốt hơn .",0,1,train,môn học cần có chút thay đổi về kiểm tra phần thực hành cần được quan tâm và cần được hỗ trợ hoặc học sau khi đã học được lý thuyết để có nền tảng và cơ sở để thầy cô hướng dẫn sinh viên tốt hơn,Tiêu cực,Chương trình,47
học buổi sáng .,2,1,train,học buổi sáng,Trung lập,Chương trình,3
tài liệu cho môn học còn hạn chế .,0,1,train,tài liệu cho môn học còn hạn chế,Tiêu cực,Chương trình,8
nhiều bạn bị kéo điểm nặng nề .,0,1,train,nhiều bạn bị kéo điểm nặng nề,Tiêu cực,Chương trình,7
"hoặc đưa ra những kỹ năng chuyên môn cần phải biết để làm việc trong ngành vì ngành công nghệ thông tin rất rộng ví dụ làm về mảng web thì cần biết php , html , cs , js hay làm về hệ thống nhúng thì cần c .",0,1,train,hoặc đưa ra những kỹ năng chuyên môn cần phải biết để làm việc trong ngành vì ngành công nghệ thông tin rất rộng ví dụ làm về mảng web thì cần biết php html cs js hay làm về hệ thống nhúng thì cần c,Tiêu cực,Chương trình,46
lịch học trùng .,0,1,train,lịch học trùng,Tiêu cực,Chương trình,3
em nghĩ môn này nên mở lớp thực hành để được hướng dẫn cài đặt các thuật toán .,0,1,train,em nghĩ môn này nên mở lớp thực hành để được hướng dẫn cài đặt các thuật toán,Tiêu cực,Chương trình,18
để sinh viên bắt kịp với tốc độ phát triển của ngành .,0,1,train,để sinh viên bắt kịp với tốc độ phát triển của ngành,Tiêu cực,Chương trình,12
slide đẹp .,1,1,train,slide đẹp,Tích cực,Chương trình,2
sử dụng kiến thức có tính thực tiễn cao hơn kiến thức có thể áp dụng vào trong thực tiễn .,0,1,train,sử dụng kiến thức có tính thực tiễn cao hơn kiến thức có thể áp dụng vào trong thực tiễn,Tiêu cực,Chương trình,20
tài liệu giảng viên cung cấp đầy đủ .,1,1,train,tài liệu giảng viên cung cấp đầy đủ,Tích cực,Chương trình,8
nội dung học quá ít .,0,1,train,nội dung học quá ít,Tiêu cực,Chương trình,5
"slide hình như được thực hiện bằng google translate , đọc không thể hiểu được là trong đó viết gì .",0,1,train,slide hình như được thực hiện bằng google translate đọc không thể hiểu được là trong đó viết gì,Tiêu cực,Chương trình,19
"sau các lần nộp bài tập và sửa bài nên cung cấp bài giải đúng , chuẩn xác để cải thiện việc học của sinh viên .",1,1,train,sau các lần nộp bài tập và sửa bài nên cung cấp bài giải đúng chuẩn xác để cải thiện việc học của sinh viên,Tích cực,Chương trình,25
đủ những gì cần học không dài dòng .,1,1,train,đủ những gì cần học không dài dòng,Tích cực,Chương trình,8
cô hỗ trợ sinh viên khá nhiều .,1,1,train,cô hỗ trợ sinh viên khá nhiều,Tích cực,Chương trình,7
cần tăng thời lượng thực hành vì đây là môn mà thực hành mang tính quan trọng đối với sinh viên .,0,1,train,cần tăng thời lượng thực hành vì đây là môn mà thực hành mang tính quan trọng đối với sinh viên,Tiêu cực,Chương trình,21
tuy nhiên vẫn còn một vài chỗ hơi khó tiếp thu .,0,1,train,tuy nhiên vẫn còn một vài chỗ hơi khó tiếp thu,Tiêu cực,Chương trình,11
"thứ nhất , phần thực hành phần đồ án doubledot thường là phần cài đặt một chương trình trên máy dựa theo phần lý thuyết đã học được thường được công bố khá trễ , thường là vào khoảng một tháng cuối cùng của học kỳ , sau khi thi lý thuyết cuối kỳ xong .",0,1,train,thứ nhất phần thực hành phần đồ án doubledot thường là phần cài đặt một chương trình trên máy dựa theo phần lý thuyết đã học được thường được công bố khá trễ thường là vào khoảng một tháng cuối cùng của học kỳ sau khi thi lý thuyết cuối kỳ xong,Tiêu cực,Chương trình,52
"đảm bảo giờ học , tiết học , nội dung .",1,1,train,đảm bảo giờ học tiết học nội dung,Tích cực,Chương trình,8
cần có thêm bài tập về ngữ pháp .,0,1,train,cần có thêm bài tập về ngữ pháp,Tiêu cực,Chương trình,8
các ví dụ đều có liên hệ đến bài tập .,1,1,train,các ví dụ đều có liên hệ đến bài tập,Tích cực,Chương trình,10
sắp xếp thời gian học không trùng với các môn học khác .,0,1,train,sắp xếp thời gian học không trùng với các môn học khác,Tiêu cực,Chương trình,12
môn học cần có thêm một số kiến thức hoặc các cách khác để giải quyết các bài toán khó .,0,1,train,môn học cần có thêm một số kiến thức hoặc các cách khác để giải quyết các bài toán khó,Tiêu cực,Chương trình,20
do môn học không tính điểm thực hành và cũng không phải nộp bài tập nên theo ý kiến chủ quan của riêng em thì thực hành hình thứ 1 dường như chưa thật sự hợp lý .,0,1,train,do môn học không tính điểm thực hành và cũng không phải nộp bài tập nên theo ý kiến chủ quan của riêng em thì thực hành hình thứ 1 dường như chưa thật sự hợp lý,Tiêu cực,Chương trình,37
"chia nhỏ bài tập về nhà để cộng điểm cho sinh viên , vừa giúp sinh viên làm và hiểu nhuần nhuyễn và tránh tình trạng rớt đồng loạt .",0,1,train,chia nhỏ bài tập về nhà để cộng điểm cho sinh viên vừa giúp sinh viên làm và hiểu nhuần nhuyễn và tránh tình trạng rớt đồng loạt,Tiêu cực,Chương trình,28
và cho bài tập và kiểm tra bài tập ở tuần dạy tiếp theo .,1,1,train,và cho bài tập và kiểm tra bài tập ở tuần dạy tiếp theo,Tích cực,Chương trình,14
em thấy nên bỏ môn học này .,0,1,train,em thấy nên bỏ môn học này,Tiêu cực,Chương trình,7
"nên thực hành nhiều hơn lý thuyết , đảm bảo chất lượng sinh viên sẽ tốt .",0,1,train,nên thực hành nhiều hơn lý thuyết đảm bảo chất lượng sinh viên sẽ tốt,Tiêu cực,Chương trình,15
có nhiều chỗ thầy nghĩ tụi em biết nên khi hỏi lại thầy thì thầy hơi cau mày .,0,1,train,có nhiều chỗ thầy nghĩ tụi em biết nên khi hỏi lại thầy thì thầy hơi cau mày,Tiêu cực,Chương trình,18
giáo trình không phù hợp với sinh viên .,0,1,train,giáo trình không phù hợp với sinh viên,Tiêu cực,Chương trình,8
tăng thời gian lên lớp .,0,1,train,tăng thời gian lên lớp,Tiêu cực,Chương trình,5
"đồ án môn học mới lạ , hấp dẫn , mang tính thách thức và ứng dụng cao .",1,1,train,đồ án môn học mới lạ hấp dẫn mang tính thách thức và ứng dụng cao,Tích cực,Chương trình,16
silde cần làm bằng tiếng việt vì không phải trong lớp ai cũng giỏi tiếng anh để hiểu .,0,1,train,silde cần làm bằng tiếng việt vì không phải trong lớp ai cũng giỏi tiếng anh để hiểu,Tiêu cực,Chương trình,18
"cần có thêm lớp training cho các bạn yếu , mất căn bản .",0,1,train,cần có thêm lớp training cho các bạn yếu mất căn bản,Tiêu cực,Chương trình,12
"cần đi sâu vào thực tế , khi dạy còn chung chung khó hiểu được .",0,1,train,cần đi sâu vào thực tế khi dạy còn chung chung khó hiểu được,Tiêu cực,Chương trình,14
gây khó khăn khi tìm thông tin làm bài tập và nộp bài tập trên moodle .,0,1,train,gây khó khăn khi tìm thông tin làm bài tập và nộp bài tập trên moodle,Tiêu cực,Chương trình,16
"mặc dù môn này là em học lần hai nhưng kết quả đang tồi tệ hơn , không thể theo kịp .",0,1,train,mặc dù môn này là em học lần hai nhưng kết quả đang tồi tệ hơn không thể theo kịp,Tiêu cực,Chương trình,20
"các hoạt động trong tiết học đa dạng , không gò bó , cứng nhắc gây nhàm chán mà giúp cho sinh viên cảm thấy thoải mái và sáng tạo trong học tập .",1,1,train,các hoạt động trong tiết học đa dạng không gò bó cứng nhắc gây nhàm chán mà giúp cho sinh viên cảm thấy thoải mái và sáng tạo trong học tập,Tích cực,Chương trình,31
nhưng nhiều phần em không biết học rồi có áp dụng hay không .,0,1,train,nhưng nhiều phần em không biết học rồi có áp dụng hay không,Tiêu cực,Chương trình,13
thông báo những buổi seminar và báo cáo phải chính xác để dễ dàng cho cả sinh viên lẫn giáo viên .,0,1,train,thông báo những buổi seminar và báo cáo phải chính xác để dễ dàng cho cả sinh viên lẫn giáo viên,Tiêu cực,Chương trình,21
hình thức thực hành 2 dường như không có tác dụng với sinh viên .,0,1,train,hình thức thực hành 2 dường như không có tác dụng với sinh viên,Tiêu cực,Chương trình,14
tốt nhất nên cho ví dụ tổng quan .,0,1,train,tốt nhất nên cho ví dụ tổng quan,Tiêu cực,Chương trình,8
"là một môn học về kỹ năng , cu thể là kỹ năng mềm nên có nhiều hơn những bài học kết hợp các kỹ năng hỗ trợ khác khi học môn này như kỹ năng giao tiếp nguyên lý và kinh nghiệm thuyết trình , cách đọc tài liệu ngoại ngữ chuyên ngành , các tra cứu thông tin hiệu quả .",0,1,train,là một môn học về kỹ năng cu thể là kỹ năng mềm nên có nhiều hơn những bài học kết hợp các kỹ năng hỗ trợ khác khi học môn này như kỹ năng giao tiếp nguyên lý và kinh nghiệm thuyết trình cách đọc tài liệu ngoại ngữ chuyên ngành các tra cứu thông tin hiệu quả,Tiêu cực,Chương trình,59
"cô vui vẻ , hay quan tâm sinh viên .",1,1,train,cô vui vẻ hay quan tâm sinh viên,Tích cực,Chương trình,8
"bài tập quá khó hiểu , quá lan man , chỉ có một vài bài là hợp lý nhưng cũng khó làm .",0,1,train,bài tập quá khó hiểu quá lan man chỉ có một vài bài là hợp lý nhưng cũng khó làm,Tiêu cực,Chương trình,20
môn học hay và hấp dẫn .,1,1,train,môn học hay và hấp dẫn,Tích cực,Chương trình,6
"lớp lý thuyết chủ yếu dạy về các công nghệ mới , những sáng tạo trong công nghệ trên thế giới cũng như trong lĩnh vực di động , rất ít kiến thức về lập trình để tôi có thể hiểu về lập trình trên thiết bị di động cũng như việc làm bài tập ở lớp thực hành và đồ án môn học .",0,1,train,lớp lý thuyết chủ yếu dạy về các công nghệ mới những sáng tạo trong công nghệ trên thế giới cũng như trong lĩnh vực di động rất ít kiến thức về lập trình để tôi có thể hiểu về lập trình trên thiết bị di động cũng như việc làm bài tập ở lớp thực hành và đồ án môn học,Tiêu cực,Chương trình,62
"ngoài kiến thức anh văn được cải thiện hiệu quả , sinh viên còn học được rất nhiều kỹ năng mềm khác .",1,1,train,ngoài kiến thức anh văn được cải thiện hiệu quả sinh viên còn học được rất nhiều kỹ năng mềm khác,Tích cực,Chương trình,21
"lúc đầu vào học thì chưa tập trung nội dung học , mất thời gian nhưng về sau đã tập trung việc học hơn .",0,1,train,lúc đầu vào học thì chưa tập trung nội dung học mất thời gian nhưng về sau đã tập trung việc học hơn,Tiêu cực,Chương trình,23
"nên cho sinh viên làm nhiều bài tập , từ đơn giản đến phức tạp để hiểu hết môn học .",0,1,train,nên cho sinh viên làm nhiều bài tập từ đơn giản đến phức tạp để hiểu hết môn học,Tiêu cực,Chương trình,19
không nêu thông tin rõ ràng thời gian báo cáo .,0,1,train,không nêu thông tin rõ ràng thời gian báo cáo,Tiêu cực,Chương trình,10
"em cảm thấy trên lớp học cô chỉ chú trọng vô listening là chính mà bỏ qua các phần khác , grammar chỉ dạy được có một bài , không có hoạt động speaking .",0,1,train,em cảm thấy trên lớp học cô chỉ chú trọng vô listening là chính mà bỏ qua các phần khác grammar chỉ dạy được có một bài không có hoạt động speaking,Tiêu cực,Chương trình,32
kiến thức học luôn được liên hệ với thực tế .,1,1,train,kiến thức học luôn được liên hệ với thực tế,Tích cực,Chương trình,10
"sinh viền cần có tài liệu của các bài thực hành trước để nghiên cứu , việc lên thực hành mới được cung cấp tài liệu buổi thực hành chỉ mang lại điểm số , không giúp sinh viên có được kiến thức .",0,1,train,sinh viền cần có tài liệu của các bài thực hành trước để nghiên cứu việc lên thực hành mới được cung cấp tài liệu buổi thực hành chỉ mang lại điểm số không giúp sinh viên có được kiến thức,Tiêu cực,Chương trình,41
cần tăng số buổi thực hành lên vì quá ít .,0,1,train,cần tăng số buổi thực hành lên vì quá ít,Tiêu cực,Chương trình,10
cần đề cương môn học rõ ràng .,0,1,train,cần đề cương môn học rõ ràng,Tiêu cực,Chương trình,7
"giải đáp các thắc mắc của sinh viên , hướng dẫn , theo dõi và giám sát sinh viên trong lúc thực hành .",1,1,train,giải đáp các thắc mắc của sinh viên hướng dẫn theo dõi và giám sát sinh viên trong lúc thực hành,Tích cực,Chương trình,21
nhà trường cần cài đặt các chương trình học mới nhất để sinh viên làm quen .,0,1,train,nhà trường cần cài đặt các chương trình học mới nhất để sinh viên làm quen,Tiêu cực,Chương trình,16
cách trình bày nội dung của môn học chưa cập nhật mới .,0,1,train,cách trình bày nội dung của môn học chưa cập nhật mới,Tiêu cực,Chương trình,12
ít bài tập hay .,0,1,train,ít bài tập hay,Tiêu cực,Chương trình,4
nên tăng thêm nhiều tiết thực hành 1 tuần .,0,1,train,nên tăng thêm nhiều tiết thực hành 1 tuần,Tiêu cực,Chương trình,9
quá nhiều trò .,0,1,train,quá nhiều trò,Tiêu cực,Chương trình,3
nội dung slide doubledot em thấy slide này làm tài liệu đọc ôn lại ( khi đã hiểu rồi ) thì phù hợp hơn tài liệu giảng .,0,1,train,nội dung slide doubledot em thấy slide này làm tài liệu đọc ôn lại khi đã hiểu rồi thì phù hợp hơn tài liệu giảng,Tiêu cực,Chương trình,25
đồ án nên giới hạn chủ đề .,0,1,train,đồ án nên giới hạn chủ đề,Tiêu cực,Chương trình,7
"sách cung cấp rất nhiều bài tập và kiến thức , nhưng do số tiết không đủ nên giáo viên đã bỏ qua nhiều phần , nhất là phần nói và viết .",0,1,train,sách cung cấp rất nhiều bài tập và kiến thức nhưng do số tiết không đủ nên giáo viên đã bỏ qua nhiều phần nhất là phần nói và viết,Tiêu cực,Chương trình,30
nên sửa đổi nội dung môn học hợp lý hơn .,0,1,train,nên sửa đổi nội dung môn học hợp lý hơn,Tiêu cực,Chương trình,10
"đề thi quá dài , rất nhiều phần xử lý giống nhau nhưng lại phân ra nhiều câu như vậy không có tính chất phân loại năng lực sinh viên , mà là một cuộc đua xem ai làm nhanh hơn .",0,1,train,đề thi quá dài rất nhiều phần xử lý giống nhau nhưng lại phân ra nhiều câu như vậy không có tính chất phân loại năng lực sinh viên mà là một cuộc đua xem ai làm nhanh hơn,Tiêu cực,Chương trình,39
nội dung thi không đúng giảng dạy .,0,1,train,nội dung thi không đúng giảng dạy,Tiêu cực,Chương trình,7
"tuy nhiên , kiến thức về giải bài tập là chưa đủ để thi .",0,1,train,tuy nhiên kiến thức về giải bài tập là chưa đủ để thi,Tiêu cực,Chương trình,13
thêm giờ thực hành .,2,1,train,thêm giờ thực hành,Trung lập,Chương trình,4
cần thêm nhiều video demo hướng dẫn thực hành các quy trình thì chất lượng học môn này sẽ cao hơn .,0,1,train,cần thêm nhiều video demo hướng dẫn thực hành các quy trình thì chất lượng học môn này sẽ cao hơn,Tiêu cực,Chương trình,21
bài giảng tạo cảm giác hứng thú và tiếp thu bài nhanh .,1,1,train,bài giảng tạo cảm giác hứng thú và tiếp thu bài nhanh,Tích cực,Chương trình,12
tăng hoạt động speaking .,0,1,train,tăng hoạt động speaking,Tiêu cực,Chương trình,4
tài liệu phục vụ cho môn học chưa được nhà trường hỗ trợ .,0,1,train,tài liệu phục vụ cho môn học chưa được nhà trường hỗ trợ,Tiêu cực,Chương trình,13
tăng cường kỹ năng làm việc nhóm .,0,1,train,tăng cường kỹ năng làm việc nhóm,Tiêu cực,Chương trình,7
tăng cường buổi học .,0,1,train,tăng cường buổi học,Tiêu cực,Chương trình,4
"slide giảng dạy rất chán , không cập nhật từ năm 2009 tới giờ vẫn sài .",0,1,train,slide giảng dạy rất chán không cập nhật từ năm 2009 tới giờ vẫn sài,Tiêu cực,Chương trình,15
em đề xuất nên bỏ một số phần giảng lại lý thuyết ra để có thời gian làm bài tập nhiều hơn .,0,1,train,em đề xuất nên bỏ một số phần giảng lại lý thuyết ra để có thời gian làm bài tập nhiều hơn,Tiêu cực,Chương trình,22
"khi nghỉ học , thầy đã thông báo nghỉ , khoa cần cập nhập kịp thời thông tin nghỉ trên web khoa .",0,1,train,khi nghỉ học thầy đã thông báo nghỉ khoa cần cập nhập kịp thời thông tin nghỉ trên web khoa,Tiêu cực,Chương trình,20
thời khóa biểu cách nộp bài vào những tuần nghỉ ôn thi giữa kỳ không hợp lý .,0,1,train,thời khóa biểu cách nộp bài vào những tuần nghỉ ôn thi giữa kỳ không hợp lý,Tiêu cực,Chương trình,17
50% giành cho kiến thức chi tiết một loại công nghệ dotnet doubledot có thể giống đồ án cuối kỳ hiện tại .,2,1,train,50 giành cho kiến thức chi tiết một loại công nghệ dotnet doubledot có thể giống đồ án cuối kỳ hiện tại,Trung lập,Chương trình,22
kiến thức này liệu có chắc là cơ bản và được cập nhật phù hợp với dân it hiện nay chưa .,0,1,train,kiến thức này liệu có chắc là cơ bản và được cập nhật phù hợp với dân it hiện nay chưa,Tiêu cực,Chương trình,21
"thời gian làm việc trên lớp không hiệu quả , giảng viên thường cho nghỉ học .",0,1,train,thời gian làm việc trên lớp không hiệu quả giảng viên thường cho nghỉ học,Tiêu cực,Chương trình,15
tổ chức học bù cho các buổi nghỉ để cung cấp đầy đủ kiến thức .,0,1,train,tổ chức học bù cho các buổi nghỉ để cung cấp đầy đủ kiến thức,Tiêu cực,Chương trình,15
nhiều bài tập kiểm tra năng lực qua từng phần .,1,1,train,nhiều bài tập kiểm tra năng lực qua từng phần,Tích cực,Chương trình,10
mong phòng đào tạo phản hồi lại với thầy để thầy dạy tốt hơn .,0,1,train,mong phòng đào tạo phản hồi lại với thầy để thầy dạy tốt hơn,Tiêu cực,Chương trình,14
"lớp học rất thoải mái , thầy rất nhiệt tình , vui tính .",1,1,train,lớp học rất thoải mái thầy rất nhiệt tình vui tính,Tích cực,Chương trình,11
tài liệu học tập phong phú .,1,1,train,tài liệu học tập phong phú,Tích cực,Chương trình,6
"thang điểm của đề thi cuối kỳ không hợp lý , đề 4 câu nhưng nếu làm đúng hết 3 câu 1 , 2 và 4 vẫn chưa được 50% số điểm .",0,1,train,thang điểm của đề thi cuối kỳ không hợp lý đề 4 câu nhưng nếu làm đúng hết 3 câu 1 2 và 4 vẫn chưa được 50 số điểm,Tiêu cực,Chương trình,30
theo em thì thời lượng môn học quá dài và liên tục khiến mệt mỏi và không tập trung học tốt được .,0,1,train,theo em thì thời lượng môn học quá dài và liên tục khiến mệt mỏi và không tập trung học tốt được,Tiêu cực,Chương trình,22
"theo em nghĩ là sẽ ứng dụng thực tế được , và nhiều vì viễn thông , vệ tinh của nước mình cũng đang phát triển , chỉ là môn này chưa đi sâu vào lĩnh vựa này nên làm chúng em bị mơ hồ chưa nắm được trọng tâm môn học .",0,1,train,theo em nghĩ là sẽ ứng dụng thực tế được và nhiều vì viễn thông vệ tinh của nước mình cũng đang phát triển chỉ là môn này chưa đi sâu vào lĩnh vựa này nên làm chúng em bị mơ hồ chưa nắm được trọng tâm môn học,Tiêu cực,Chương trình,49
môn học mang tính thực tiễn cao .,1,1,train,môn học mang tính thực tiễn cao,Tích cực,Chương trình,7
bỏ thi lý thuyết cuối kỳ do làm đồ án tốn khá nhiều thời gian .,0,1,train,bỏ thi lý thuyết cuối kỳ do làm đồ án tốn khá nhiều thời gian,Tiêu cực,Chương trình,15
bài giảng dễ hiểu .,1,1,train,bài giảng dễ hiểu,Tích cực,Chương trình,4
chưa có diễn đàn trên courses để sinh viên có thể hỏi .,0,1,train,chưa có diễn đàn trên courses để sinh viên có thể hỏi,Tiêu cực,Chương trình,12
chúng em nhận được nhiều hơn thế .,0,1,train,chúng em nhận được nhiều hơn thế,Tiêu cực,Chương trình,7
"bỏ qua những phần của những môn khác như báo cáo hoặc những phần thứ yếu như làm poster , youtube , giới thiệu về đồ án như một sản phẩm công nghệ thực sự .",0,1,train,bỏ qua những phần của những môn khác như báo cáo hoặc những phần thứ yếu như làm poster youtube giới thiệu về đồ án như một sản phẩm công nghệ thực sự,Tiêu cực,Chương trình,33
slide trình chiếu đã quá cũ không cập nhật thông tin mới .,0,1,train,slide trình chiếu đã quá cũ không cập nhật thông tin mới,Tiêu cực,Chương trình,12
"nên sử dụng phấn , bảng hơn slide .",0,1,train,nên sử dụng phấn bảng hơn slide,Tiêu cực,Chương trình,7
nên học thực hành thường xuyên hơn ( không học cách tuần ) .,1,1,train,nên học thực hành thường xuyên hơn không học cách tuần,Tích cực,Chương trình,11
giáo trình có vẻ cứng nhắc khó tiếp thu gây chán nản .,0,1,train,giáo trình có vẻ cứng nhắc khó tiếp thu gây chán nản,Tiêu cực,Chương trình,12
"môn này là môn học mới vì vậy cô chưa có đủ kiến thức để truyền tải , hỗ trợ tốt tới sinh viên .",0,1,train,môn này là môn học mới vì vậy cô chưa có đủ kiến thức để truyền tải hỗ trợ tốt tới sinh viên,Tiêu cực,Chương trình,23
"những chủ đề , khía cạnh về tiếng anh phải được cho để sinh viên tìm hiểu .",0,1,train,những chủ đề khía cạnh về tiếng anh phải được cho để sinh viên tìm hiểu,Tiêu cực,Chương trình,16
có thể tăng cường phần speaking và listening trong các giờ học .,1,1,train,có thể tăng cường phần speaking và listening trong các giờ học,Tích cực,Chương trình,12
bài học còn tương đối sơ sài .,0,1,train,bài học còn tương đối sơ sài,Tiêu cực,Chương trình,7
thời gian học hiệu quả .,1,1,train,thời gian học hiệu quả,Tích cực,Chương trình,5
"kiểm chứng phần mềm là một môn học khó , nên thực hành cần phải liên hệ thường xuyên với giáo viên , phải được gặp giáo viên hướng dẫn thường xuyên .",0,1,train,kiểm chứng phần mềm là một môn học khó nên thực hành cần phải liên hệ thường xuyên với giáo viên phải được gặp giáo viên hướng dẫn thường xuyên,Tiêu cực,Chương trình,30
"tăng cường hệ thống thiết bị phòng học quạt , ổ điện .",0,1,train,tăng cường hệ thống thiết bị phòng học quạt ổ điện,Tiêu cực,Chương trình,11
nên thực hành nói nhiều hơn và lên lớp nên có những hoạt động vui hơn .,0,1,train,nên thực hành nói nhiều hơn và lên lớp nên có những hoạt động vui hơn,Tiêu cực,Chương trình,16
"điều chỉnh chất lượng doubledot với chương trình học tập hiên nay , sinh viên thương lắm vững kiến thức khi gần đến cuối kỳ gây khó cho sinh viên làm đồ án thời gian hạn hẹp .",0,1,train,điều chỉnh chất lượng doubledot với chương trình học tập hiên nay sinh viên thương lắm vững kiến thức khi gần đến cuối kỳ gây khó cho sinh viên làm đồ án thời gian hạn hẹp,Tiêu cực,Chương trình,36
"slide bài giảng chưa được chuẩn hóa , đa phần sao chép nhặt mỗi nơi một ít .",0,1,train,slide bài giảng chưa được chuẩn hóa đa phần sao chép nhặt mỗi nơi một ít,Tiêu cực,Chương trình,16
"bài thi cũng sử dụng nửa tiếng việt nửa tiếng anh với câu hỏi và đáp án khó hiểu , không rõ ràng .",0,1,train,bài thi cũng sử dụng nửa tiếng việt nửa tiếng anh với câu hỏi và đáp án khó hiểu không rõ ràng,Tiêu cực,Chương trình,22
tăng cường cập nhập kiến thức mới .,0,1,train,tăng cường cập nhập kiến thức mới,Tiêu cực,Chương trình,7
"phần hướng dẫn thực hành nên tập trung vào bài tập cần làm , hơn là hướng dẫn các ví dụ khó hiểu và không liên quan ví dụ như cho input và output để sinh viên có thể hình dung ra những công việc cần làm .",0,1,train,phần hướng dẫn thực hành nên tập trung vào bài tập cần làm hơn là hướng dẫn các ví dụ khó hiểu và không liên quan ví dụ như cho input và output để sinh viên có thể hình dung ra những công việc cần làm,Tiêu cực,Chương trình,46
cần cân bằng giữa lý thuyết và thực hành .,0,1,train,cần cân bằng giữa lý thuyết và thực hành,Tiêu cực,Chương trình,9
"bài tập nhiều quá , không phù hợp lắm .",0,1,train,bài tập nhiều quá không phù hợp lắm,Tiêu cực,Chương trình,8
có các ví dụ thực tiễn .,1,1,train,có các ví dụ thực tiễn,Tích cực,Chương trình,6
nội dung môn học rõ ràng .,1,1,train,nội dung môn học rõ ràng,Tích cực,Chương trình,6
"tận dụng tốt website môn học để chia sẻ tài liệu , thảo luận .",1,1,train,tận dụng tốt website môn học để chia sẻ tài liệu thảo luận,Tích cực,Chương trình,13
các bài tập wireshark đều là của năm 2007 hết .,0,1,train,các bài tập wireshark đều là của năm 2007 hết,Tiêu cực,Chương trình,10
lịch học thực hành trùng với lịch học lý thuyết .,0,1,train,lịch học thực hành trùng với lịch học lý thuyết,Tiêu cực,Chương trình,10
kiến thức xã hội .,2,1,train,kiến thức xã hội,Trung lập,Chương trình,4
học thì đơn giản mà sao đề khó quá ạ !,0,1,train,học thì đơn giản mà sao đề khó quá ạ,Tiêu cực,Chương trình,10
chỉ bảo rõ ràng .,1,1,train,chỉ bảo rõ ràng,Tích cực,Chương trình,4
"bài giảng của cô khá hay , có nhiều bài chúng em dễ mắc phải , cô đều chỉ rõ ra cho chúng em .",1,1,train,bài giảng của cô khá hay có nhiều bài chúng em dễ mắc phải cô đều chỉ rõ ra cho chúng em,Tích cực,Chương trình,22
"phương pháp học môn anh văn trên trường tốt với mọi người , nhưng nó xung khắc với phương pháp em đang tự học , nếu duy trì lâu em có biến cố .",0,1,train,phương pháp học môn anh văn trên trường tốt với mọi người nhưng nó xung khắc với phương pháp em đang tự học nếu duy trì lâu em có biến cố,Tiêu cực,Chương trình,31
cần có thêm nhiều bài tập .,0,1,train,cần có thêm nhiều bài tập,Tiêu cực,Chương trình,6
bây giờ vẫn chưa có điểm lớp it003dote21 .,0,1,train,bây giờ vẫn chưa có điểm lớp it003dote21,Tiêu cực,Chương trình,8
chất lượng buổi học tốt .,1,1,train,chất lượng buổi học tốt,Tích cực,Chương trình,5
những môn liên quan đến lập trình em nghĩ nên lấy điểm đồ án làm điểm cuối kỳ .,0,1,train,những môn liên quan đến lập trình em nghĩ nên lấy điểm đồ án làm điểm cuối kỳ,Tiêu cực,Chương trình,18
"theo bản thân em thấy sinh viên làm đồ án kết thúc môn học đã đủ để đánh giá , không cần thi lý thuyết cuối kỳ , nó thật sự không mang lại hiệu quả .",0,1,train,theo bản thân em thấy sinh viên làm đồ án kết thúc môn học đã đủ để đánh giá không cần thi lý thuyết cuối kỳ nó thật sự không mang lại hiệu quả,Tiêu cực,Chương trình,34
team 8 người mà có 2 người gánh hết cái trình bày giữa kỳ và cuối kỳ cực khổ lắm luôn thầy .,0,1,train,team 8 người mà có 2 người gánh hết cái trình bày giữa kỳ và cuối kỳ cực khổ lắm luôn thầy,Tiêu cực,Chương trình,22
nhất là môn anh văn vì số tiết trong buổi học là 4 nên khá căng thẳng .,0,1,train,nhất là môn anh văn vì số tiết trong buổi học là 4 nên khá căng thẳng,Tiêu cực,Chương trình,17
nên thời gian thực hành được phân công từ tiết 1 đến tiết 3 mỗi tuần là hơi ít .,0,1,train,nên thời gian thực hành được phân công từ tiết 1 đến tiết 3 mỗi tuần là hơi ít,Tiêu cực,Chương trình,19
môn học rất hay .,1,1,train,môn học rất hay,Tích cực,Chương trình,4
liên hệ kiến thức với chuyện thực tiễn .,1,1,train,liên hệ kiến thức với chuyện thực tiễn,Tích cực,Chương trình,8
học kỳ 2 cần học riêng theo từng lớp để có được kết quả học tập tốt nhất .,0,1,train,học kỳ 2 cần học riêng theo từng lớp để có được kết quả học tập tốt nhất,Tiêu cực,Chương trình,18
"lý thuyết thầy wzjwz22 giảng khá kỹ nên có chậm hơn so với quá trình thực hành , mong phòng đào tạo làm sao để cho quá trình học lý thuyết và học thực hành đi song song với nhau .",0,1,train,lý thuyết thầy wzjwz22 giảng khá kỹ nên có chậm hơn so với quá trình thực hành mong phòng đào tạo làm sao để cho quá trình học lý thuyết và học thực hành đi song song với nhau,Tiêu cực,Chương trình,39
"tăng tiết học , 1 tuần học lý thuyết chỉ 2 tiết em thấy không đủ .",0,1,train,tăng tiết học 1 tuần học lý thuyết chỉ 2 tiết em thấy không đủ,Tiêu cực,Chương trình,15
thêm tiết dạy thực hành .,0,1,train,thêm tiết dạy thực hành,Tiêu cực,Chương trình,5
đưa ra các tiêu chí tính điểm một cách cụ thể .,0,1,train,đưa ra các tiêu chí tính điểm một cách cụ thể,Tiêu cực,Chương trình,11
"cập nhật các phương thức giảng dạy mới học sơ lược , tiến tới loại bỏ những môn không cần thiết cho ngành sau này nên có thêm các lớp kỹ năng giao tiếp .",0,1,train,cập nhật các phương thức giảng dạy mới học sơ lược tiến tới loại bỏ những môn không cần thiết cho ngành sau này nên có thêm các lớp kỹ năng giao tiếp,Tiêu cực,Chương trình,33
"cập nhật kiến thức thực tế , giải đáp mọi thắc mắc .",1,1,train,cập nhật kiến thức thực tế giải đáp mọi thắc mắc,Tích cực,Chương trình,11
nên đổi giáo trình .,0,1,train,nên đổi giáo trình,Tiêu cực,Chương trình,4
cần thực hành nhiều lên .,0,1,train,cần thực hành nhiều lên,Tiêu cực,Chương trình,5
"cô xinh , dạy tốt .",1,1,train,cô xinh dạy tốt,Tích cực,Chương trình,4
bài tập lớn trong slide tiếng anh gây khó khăn cho sinh viên .,0,1,train,bài tập lớn trong slide tiếng anh gây khó khăn cho sinh viên,Tiêu cực,Chương trình,13
"nói chung , chắc cũng là luyện cho sinh viên tự học .",2,1,train,nói chung chắc cũng là luyện cho sinh viên tự học,Trung lập,Chương trình,11
"quá trình giảng dạy không bám sát đồ án môn học , sinh viên phải tự tìm hiều qua nhiều mới báo cáo đồ án kịp tiến độ , không nên tổ chức thi giữa kỳ mà thay vào đó là các bài tập nhỏ cộng điểm cho sinh viên .",0,1,train,quá trình giảng dạy không bám sát đồ án môn học sinh viên phải tự tìm hiều qua nhiều mới báo cáo đồ án kịp tiến độ không nên tổ chức thi giữa kỳ mà thay vào đó là các bài tập nhỏ cộng điểm cho sinh viên,Tiêu cực,Chương trình,48
nên thi theo hình thức ra đề .,0,1,train,nên thi theo hình thức ra đề,Tiêu cực,Chương trình,7
"không thấy giảng viên dạy thực hành buổi nào , lên lớp 2 tiết tâm sự với sinh viên .",0,1,train,không thấy giảng viên dạy thực hành buổi nào lên lớp 2 tiết tâm sự với sinh viên,Tiêu cực,Chương trình,18
buổi học cuối cùng trước đợt thi cuối kỳ chưa nói rõ về nội dung sẽ được thi .,0,1,train,buổi học cuối cùng trước đợt thi cuối kỳ chưa nói rõ về nội dung sẽ được thi,Tiêu cực,Chương trình,18
bài tập làm đầy đủ .,2,1,train,bài tập làm đầy đủ,Trung lập,Chương trình,5
bài đồ án cuối kỳ thì phổ biến không rõ ràng phải làm gì để có điểm cao .,0,1,train,bài đồ án cuối kỳ thì phổ biến không rõ ràng phải làm gì để có điểm cao,Tiêu cực,Chương trình,18
em xin đề xuất thêm những buổi thực hành để nâng cao tầm hiệu quả của môn học .,0,1,train,em xin đề xuất thêm những buổi thực hành để nâng cao tầm hiệu quả của môn học,Tiêu cực,Chương trình,18
"tăng thời gian thực hành , sinh viên nên được làm việc với các thiết bị thực tế .",0,1,train,tăng thời gian thực hành sinh viên nên được làm việc với các thiết bị thực tế,Tiêu cực,Chương trình,17
"kiến thức dễ hiểu , tiết học vui .",1,1,train,kiến thức dễ hiểu tiết học vui,Tích cực,Chương trình,7
mở thêm các lớp training chuyên ngành .,0,1,train,mở thêm các lớp training chuyên ngành,Tiêu cực,Chương trình,7
ít bài tập về nhà .,0,1,train,ít bài tập về nhà,Tiêu cực,Chương trình,5
"bài tập về code hơi ít , thực hành chưa đi đôi với lý thuyết .",0,1,train,bài tập về code hơi ít thực hành chưa đi đôi với lý thuyết,Tiêu cực,Chương trình,14
"thời gian lên lớp sinh viên chúng em không được học gì từ thầy , chỉ toàn là tự tìm hiểu .",0,1,train,thời gian lên lớp sinh viên chúng em không được học gì từ thầy chỉ toàn là tự tìm hiểu,Tiêu cực,Chương trình,20
đánh giá môn học sơ sài và không công bằng .,0,1,train,đánh giá môn học sơ sài và không công bằng,Tiêu cực,Chương trình,10
"tuy nhiên , bài tập thực hành còn hơi đơn giản và chưa thực sự phù hợp với thực tế .",0,1,train,tuy nhiên bài tập thực hành còn hơi đơn giản và chưa thực sự phù hợp với thực tế,Tiêu cực,Chương trình,19
nói lý thuyết hay nhưng không biết áp dụng vào đâu .,0,1,train,nói lý thuyết hay nhưng không biết áp dụng vào đâu,Tiêu cực,Chương trình,11
em thấy nên tăng thêm nhiều bài tập kèm theo ôn lại khái quát lý thuyết rồi mới vào thực hành những phần lý thuyết đã học .,0,1,train,em thấy nên tăng thêm nhiều bài tập kèm theo ôn lại khái quát lý thuyết rồi mới vào thực hành những phần lý thuyết đã học,Tiêu cực,Chương trình,27
thật sự em rất mơ hồ về môn học này .,0,1,train,thật sự em rất mơ hồ về môn học này,Tiêu cực,Chương trình,10
cho ghi bài nhiều .,0,1,train,cho ghi bài nhiều,Tiêu cực,Chương trình,4
do học buổi trưa cả thầy và trò đều mệt .,0,1,train,do học buổi trưa cả thầy và trò đều mệt,Tiêu cực,Chương trình,10
em nghĩ là nên giảm số giờ nói lý thuyết cho thêm giờ làm bài tập .,0,1,train,em nghĩ là nên giảm số giờ nói lý thuyết cho thêm giờ làm bài tập,Tiêu cực,Chương trình,16
"khả năng hoạt động nhóm , tinh thần tự học cao .",1,1,train,khả năng hoạt động nhóm tinh thần tự học cao,Tích cực,Chương trình,10
tài liệu ít được cập nhật .,0,1,train,tài liệu ít được cập nhật,Tiêu cực,Chương trình,6
"nên đa phần chúng em phải chia nhau ra để học , như vậy chất lượng rất khó đảm bảo .",0,1,train,nên đa phần chúng em phải chia nhau ra để học như vậy chất lượng rất khó đảm bảo,Tiêu cực,Chương trình,19
slide tiếng việt của trường có nhiều chỗ bị sai .,0,1,train,slide tiếng việt của trường có nhiều chỗ bị sai,Tiêu cực,Chương trình,10
"đồng thời , những tiết thực hành giúp em hiểu nhiều hơn những gì em đọc từ tài liệu .",1,1,train,đồng thời những tiết thực hành giúp em hiểu nhiều hơn những gì em đọc từ tài liệu,Tích cực,Chương trình,18
thêm nhiều kiến thức ngoài mới .,1,1,train,thêm nhiều kiến thức ngoài mới,Tích cực,Chương trình,6
chất lượng đào tạo môn học hiện nay tương đối đạt .,1,1,train,chất lượng đào tạo môn học hiện nay tương đối đạt,Tích cực,Chương trình,11
tài liệu sử dụng nhiều kí hiệu nhưng không rõ ràng và các định nghĩa mang tính tổng quát quá cao gây sự khó hiểu cho sinh viên và khó khăn cho sự truyền đạt của giảng viên .,0,1,train,tài liệu sử dụng nhiều kí hiệu nhưng không rõ ràng và các định nghĩa mang tính tổng quát quá cao gây sự khó hiểu cho sinh viên và khó khăn cho sự truyền đạt của giảng viên,Tiêu cực,Chương trình,38
về cách cho sinh viên thảo luận nhóm .,2,1,train,về cách cho sinh viên thảo luận nhóm,Trung lập,Chương trình,8
ít vận dụng nhiều vào thực tiễn .,0,1,train,ít vận dụng nhiều vào thực tiễn,Tiêu cực,Chương trình,7
có vài điều bất cập là cô giảng đôi lúc giống như hơi đuối .,0,1,train,có vài điều bất cập là cô giảng đôi lúc giống như hơi đuối,Tiêu cực,Chương trình,14
"cho ít bài tập , ví dụ cho dễ , bài tập cho khó hơn nhiều , thầy chép lý thuyết trên bảng và đọc lại y chang , sinh viên không có kỹ năng giải bài tập một cách uyển chuyển .",0,1,train,cho ít bài tập ví dụ cho dễ bài tập cho khó hơn nhiều thầy chép lý thuyết trên bảng và đọc lại y chang sinh viên không có kỹ năng giải bài tập một cách uyển chuyển,Tiêu cực,Chương trình,38
tài liệu nên được đưa lên moodle .,0,1,train,tài liệu nên được đưa lên moodle,Tiêu cực,Chương trình,7
"thực hành một đằng , lý thuyết một nẻo !",0,1,train,thực hành một đằng lý thuyết một nẻo,Tiêu cực,Chương trình,8
"nội dung giảng dạy hơi khó hiểu , đi nhanh , sinh viên khó nắm bắt kịp bài giảng .",0,1,train,nội dung giảng dạy hơi khó hiểu đi nhanh sinh viên khó nắm bắt kịp bài giảng,Tiêu cực,Chương trình,17
đối với người lần đầu tìm hiểu directx với những yêu cầu đặt ra là rất khó .,0,1,train,đối với người lần đầu tìm hiểu directx với những yêu cầu đặt ra là rất khó,Tiêu cực,Chương trình,17
"môn học cung cấp nhiều kiến thức cần thiết , đặc biệt là cô dạy rất tận tâm và hướng đến sinh viên .",1,1,train,môn học cung cấp nhiều kiến thức cần thiết đặc biệt là cô dạy rất tận tâm và hướng đến sinh viên,Tích cực,Chương trình,22
do nghỉ cho năm nhất học quốc phòng nên quá trình học bị gián đoạn .,0,1,train,do nghỉ cho năm nhất học quốc phòng nên quá trình học bị gián đoạn,Tiêu cực,Chương trình,15
môn học này rất thú vị và có ứng dụng nhiều trong thực tiễn cuộc sống !,1,1,train,môn học này rất thú vị và có ứng dụng nhiều trong thực tiễn cuộc sống,Tích cực,Chương trình,16
em nghĩ nên giảm bớt chương trình đào tạo với môn này .,0,1,train,em nghĩ nên giảm bớt chương trình đào tạo với môn này,Tiêu cực,Chương trình,12
khuyến nghị nên chia 3 tiết 1 buổi .,0,1,train,khuyến nghị nên chia 3 tiết 1 buổi,Tiêu cực,Chương trình,8
"bài tập hay , nâng cao .",1,1,train,bài tập hay nâng cao,Tích cực,Chương trình,5
kiểu đề thi trắc nghiệm quá phức tạp .,0,1,train,kiểu đề thi trắc nghiệm quá phức tạp,Tiêu cực,Chương trình,8
áp dụng bài học vào thực tế .,1,1,train,áp dụng bài học vào thực tế,Tích cực,Chương trình,7
em nghĩ nhà trường nên kiểm tra kỹ trình độ giảng viên trước khi bố trí để họ dạy một môn học nào đó .,0,1,train,em nghĩ nhà trường nên kiểm tra kỹ trình độ giảng viên trước khi bố trí để họ dạy một môn học nào đó,Tiêu cực,Chương trình,24
dễ tiếp thu .,1,1,train,dễ tiếp thu,Tích cực,Chương trình,3
"anh văn ở đại học không thể dạy giống như cấp 3 được khi cô dạy lớp im không sôi nổi , chỉ có vài người giơ tay vì câu hỏi không mang tính tương tác , câu trả lời có sẵn trong bài chỉ cần đọc lên nên nhiều người chán không giơ tay , đi học chỉ để điểm danh .",0,1,train,anh văn ở đại học không thể dạy giống như cấp 3 được khi cô dạy lớp im không sôi nổi chỉ có vài người giơ tay vì câu hỏi không mang tính tương tác câu trả lời có sẵn trong bài chỉ cần đọc lên nên nhiều người chán không giơ tay đi học chỉ để điểm danh,Tiêu cực,Chương trình,59
tài liệu của môn này quá ít .,0,1,train,tài liệu của môn này quá ít,Tiêu cực,Chương trình,7
em cảm thấy hài lòng với môn này .,1,1,train,em cảm thấy hài lòng với môn này,Tích cực,Chương trình,8
cần mớ lớp anh văn thêm để nâng cao trình độ cho sinh viên .,0,1,train,cần mớ lớp anh văn thêm để nâng cao trình độ cho sinh viên,Tiêu cực,Chương trình,14
"mở các lớp tiếng anh tăng cường , để sinh viên được cải tiến chất lượng học tập tốt hơn , không tính điểm vào học phần , học phí có thể không free .",0,1,train,mở các lớp tiếng anh tăng cường để sinh viên được cải tiến chất lượng học tập tốt hơn không tính điểm vào học phần học phí có thể không free,Tiêu cực,Chương trình,31
nhưng một số phần trong môn học em thấy thiếu thực tế ạ .,0,1,train,nhưng một số phần trong môn học em thấy thiếu thực tế ạ,Tiêu cực,Chương trình,13
"cần các thầy xây dựng một bộ giáo trình , tài liệu cụ thể .",0,1,train,cần các thầy xây dựng một bộ giáo trình tài liệu cụ thể,Tiêu cực,Chương trình,13
có bài tập rõ ràng .,1,1,train,có bài tập rõ ràng,Tích cực,Chương trình,5
"môn thực hành cần có bài tập về nhà , tài liệu cập nhật rõ ràng hơn .",0,1,train,môn thực hành cần có bài tập về nhà tài liệu cập nhật rõ ràng hơn,Tiêu cực,Chương trình,16
nguồn tài liệu tự học không nhiều .,0,1,train,nguồn tài liệu tự học không nhiều,Tiêu cực,Chương trình,7
ngôn ngữ thực hành các bài lab của từng bộ môn nên được trang bị trước cho sinh viên .,0,1,train,ngôn ngữ thực hành các bài lab của từng bộ môn nên được trang bị trước cho sinh viên,Tiêu cực,Chương trình,19
slide hướng dẫn rất trực quan và bổ ích .,1,1,train,slide hướng dẫn rất trực quan và bổ ích,Tích cực,Chương trình,9
không có tính thực tiễn .,0,1,train,không có tính thực tiễn,Tiêu cực,Chương trình,5
"không biết là học để làm gì , nên đi sâu vào chuyên ngành từng khoa .",0,1,train,không biết là học để làm gì nên đi sâu vào chuyên ngành từng khoa,Tiêu cực,Chương trình,15
đề hơi khó với thực tế .,0,1,train,đề hơi khó với thực tế,Tiêu cực,Chương trình,6
tiếp thu được nhiều kiến thức .,1,1,train,tiếp thu được nhiều kiến thức,Tích cực,Chương trình,6
chưa có nhiều bài tập cho sinh viên .,0,1,train,chưa có nhiều bài tập cho sinh viên,Tiêu cực,Chương trình,8
"môn này rất chán , giáo viên dạy cũng chán , nói chung vô cùng không hài lòng với môn này .",0,1,train,môn này rất chán giáo viên dạy cũng chán nói chung vô cùng không hài lòng với môn này,Tiêu cực,Chương trình,19
nên cập nhật kiến thức thực tiễn .,0,1,train,nên cập nhật kiến thức thực tiễn,Tiêu cực,Chương trình,7
được thực hành những bài tập mang tính vận dụng kiến thức đã học cao .,1,1,train,được thực hành những bài tập mang tính vận dụng kiến thức đã học cao,Tích cực,Chương trình,15
bài tập về nhà hơi khó .,0,1,train,bài tập về nhà hơi khó,Tiêu cực,Chương trình,6
cần cung cấp nhiều thông tin bài học hơn .,1,1,train,cần cung cấp nhiều thông tin bài học hơn,Tích cực,Chương trình,9
"một số kiến thức chỉ được giới hạn trong khuôn khổ của môn học , cần phát huy thêm khả năng tìm tòi sáng tạo của sinh viên trong các định lý định nghĩa có sẵn .",0,1,train,một số kiến thức chỉ được giới hạn trong khuôn khổ của môn học cần phát huy thêm khả năng tìm tòi sáng tạo của sinh viên trong các định lý định nghĩa có sẵn,Tiêu cực,Chương trình,35
"hệ thống chấm điểm wecode kém thông minh , thường hay chấm sai cho những kết quả tương đương với kết quả đúng , thường gặp nhiều lỗi ngớ ngẩn .",0,1,train,hệ thống chấm điểm wecode kém thông minh thường hay chấm sai cho những kết quả tương đương với kết quả đúng thường gặp nhiều lỗi ngớ ngẩn,Tiêu cực,Chương trình,28
cần nêu các công thức cơ bản khi dạy anh văn bổ túc .,0,1,train,cần nêu các công thức cơ bản khi dạy anh văn bổ túc,Tiêu cực,Chương trình,13
"em đã đi làm , em không phủ nhận những kiến kiến nền tảng trên trường đại học nhưng thực sự tụi em phải trải qua quá trình đào tạo rèn luyện lại để phù hợp với môi trường doanh nghiệp .",0,1,train,em đã đi làm em không phủ nhận những kiến kiến nền tảng trên trường đại học nhưng thực sự tụi em phải trải qua quá trình đào tạo rèn luyện lại để phù hợp với môi trường doanh nghiệp,Tiêu cực,Chương trình,40
"nên có những giáo trình hướng dẫn giải bài tập nhiều hơn vì trong trường dường như chỉ có 1 , 2 loại giáo trình bao gồm cả lý thuyết và bài tập chứ không có giáo trình hướng dẫn giải bài tập .",0,1,train,nên có những giáo trình hướng dẫn giải bài tập nhiều hơn vì trong trường dường như chỉ có 1 2 loại giáo trình bao gồm cả lý thuyết và bài tập chứ không có giáo trình hướng dẫn giải bài tập,Tiêu cực,Chương trình,42
nên đơn giản hóa với các phần không quan trọng .,0,1,train,nên đơn giản hóa với các phần không quan trọng,Tiêu cực,Chương trình,10
bài tập cô đảm bảo đủ và bám theo nội dung lý thuyết !,1,1,train,bài tập cô đảm bảo đủ và bám theo nội dung lý thuyết,Tích cực,Chương trình,13
cần cung cấp tài liệu đầy đủ và chính xác hơn .,0,1,train,cần cung cấp tài liệu đầy đủ và chính xác hơn,Tiêu cực,Chương trình,11
"có thể cho nhiều bài kiểm tra mỗi phần để biết được tình trạng học tập , hiểu bài của sinh viên .",0,1,train,có thể cho nhiều bài kiểm tra mỗi phần để biết được tình trạng học tập hiểu bài của sinh viên,Tiêu cực,Chương trình,21
tăng thêm giờ học ngoại khoá .,0,1,train,tăng thêm giờ học ngoại khoá,Tiêu cực,Chương trình,6
cần tăng thêm nhiều tiết thực hành .,0,1,train,cần tăng thêm nhiều tiết thực hành,Tiêu cực,Chương trình,7
em nghĩ có nhiều hoạt động giao tiếp bắng tiếng anh thì sẽ hay hơn rất nhiều .,0,1,train,em nghĩ có nhiều hoạt động giao tiếp bắng tiếng anh thì sẽ hay hơn rất nhiều,Tiêu cực,Chương trình,17
"bài tập tại lớp còn hơi ít , hướng dẫn hơi nhanh !",0,1,train,bài tập tại lớp còn hơi ít hướng dẫn hơi nhanh,Tiêu cực,Chương trình,11
nên cung cấp thêm tài liệu và bài tập cho sinh viên .,0,1,train,nên cung cấp thêm tài liệu và bài tập cho sinh viên,Tiêu cực,Chương trình,12
nội dung còn khá khó để tiếp thu .,0,1,train,nội dung còn khá khó để tiếp thu,Tiêu cực,Chương trình,8
không thể nào đầu tư vô mỗi một môn java này .,0,1,train,không thể nào đầu tư vô mỗi một môn java này,Tiêu cực,Chương trình,11
thời khóa biểu linh hoạt phù hợp cho sinh viên đang đi thực tập .,1,1,train,thời khóa biểu linh hoạt phù hợp cho sinh viên đang đi thực tập,Tích cực,Chương trình,14
giảm bớt thời gian phần speaking bắt kịp tốc độ giảng dạy .,0,1,train,giảm bớt thời gian phần speaking bắt kịp tốc độ giảng dạy,Tiêu cực,Chương trình,12
môn học cung cấp nhiều kiến thức bổ ích .,1,1,train,môn học cung cấp nhiều kiến thức bổ ích,Tích cực,Chương trình,9
"bài tập ngập mặt , deadline vào giờ khó đỡ .",0,1,train,bài tập ngập mặt deadline vào giờ khó đỡ,Tiêu cực,Chương trình,9
bài giảng khô khan .,0,1,train,bài giảng khô khan,Tiêu cực,Chương trình,4
đôi khi bị lố giờ giảng .,0,1,train,đôi khi bị lố giờ giảng,Tiêu cực,Chương trình,6
bài giảng hơi nhanh .,1,1,train,bài giảng hơi nhanh,Tích cực,Chương trình,4
"môn này chẳng khác gì mấy môn học xàm xàm học cho qua , chẳng thu được kiến thức gì .",0,1,train,môn này chẳng khác gì mấy môn học xàm xàm học cho qua chẳng thu được kiến thức gì,Tiêu cực,Chương trình,19
môn học trang bị kiến thức tổng quát về các ngành học .,1,1,train,môn học trang bị kiến thức tổng quát về các ngành học,Tích cực,Chương trình,12
"nội dung ôn tập thi giữa kỳ và cuối kỳ nên đa dạng hơn , có thêm các câu hỏi lý thuyết suy luận thay vì chỉ là 10% bài tập có thể khiến nhiều sinh viên không hiểu rõ nội dung môn học mà chỉ biết làm bài tập .",0,1,train,nội dung ôn tập thi giữa kỳ và cuối kỳ nên đa dạng hơn có thêm các câu hỏi lý thuyết suy luận thay vì chỉ là 10 bài tập có thể khiến nhiều sinh viên không hiểu rõ nội dung môn học mà chỉ biết làm bài tập,Tiêu cực,Chương trình,49
mỗi buổi thực hành giảng viên chỉ đưa sinh viên một file bài tập rồi bắt sinh viên làm nhưng không có hướng dẫn và đưa ra yêu cầu cụ thể .,0,1,train,mỗi buổi thực hành giảng viên chỉ đưa sinh viên một file bài tập rồi bắt sinh viên làm nhưng không có hướng dẫn và đưa ra yêu cầu cụ thể,Tiêu cực,Chương trình,31
nên tổ chức thi hình thức trăc nghiệm .,0,1,train,nên tổ chức thi hình thức trăc nghiệm,Tiêu cực,Chương trình,8
cần ra các bài thực hành sát với thực tế môn học hơn .,0,1,train,cần ra các bài thực hành sát với thực tế môn học hơn,Tiêu cực,Chương trình,13
slide của thầy đưa cho sinh viên có nhiều chỗ sai .,0,1,train,slide của thầy đưa cho sinh viên có nhiều chỗ sai,Tiêu cực,Chương trình,11
tăng thời gian thực hành .,0,1,train,tăng thời gian thực hành,Tiêu cực,Chương trình,5
"đa phần là tự học là chính , có thể là do chương trình đại học quốc gia .",0,1,train,đa phần là tự học là chính có thể là do chương trình đại học quốc gia,Tiêu cực,Chương trình,17
không nêu rõ ví dụ chi tiết cho các bài tập .,0,1,train,không nêu rõ ví dụ chi tiết cho các bài tập,Tiêu cực,Chương trình,11
hoàn thiện giáo trình thực hành .,2,1,train,hoàn thiện giáo trình thực hành,Trung lập,Chương trình,6
slide còn khó hiểu .,0,1,train,slide còn khó hiểu,Tiêu cực,Chương trình,4
nắm bắt được những điều khái quát ban đầu về môn học của mình .,1,1,train,nắm bắt được những điều khái quát ban đầu về môn học của mình,Tích cực,Chương trình,14
"nên bỏ kiểm tra code trên giấy , thay vào đó code bằng máy tính sẽ dễ sửa lỗi và điều chỉnh hơn .",0,1,train,nên bỏ kiểm tra code trên giấy thay vào đó code bằng máy tính sẽ dễ sửa lỗi và điều chỉnh hơn,Tiêu cực,Chương trình,22
các bài tập thực hành áp dụng được kiến thức đã học trên lớp .,1,1,train,các bài tập thực hành áp dụng được kiến thức đã học trên lớp,Tích cực,Chương trình,14
cần mở câu lạc bộ anh văn .,0,1,train,cần mở câu lạc bộ anh văn,Tiêu cực,Chương trình,7
"cần có thêm giáo trình , tài liệu để sinh viên dễ tìm hiểu hơn .",0,1,train,cần có thêm giáo trình tài liệu để sinh viên dễ tìm hiểu hơn,Tiêu cực,Chương trình,14
"tiết thực hành nên tập trung vào đồ án , những cái chưa làm được .",0,1,train,tiết thực hành nên tập trung vào đồ án những cái chưa làm được,Tiêu cực,Chương trình,14
tạo nhiều cơ hội cho sinh viên trau dồi kiến thức cũng như cải thiện điểm số .,1,1,train,tạo nhiều cơ hội cho sinh viên trau dồi kiến thức cũng như cải thiện điểm số,Tích cực,Chương trình,17
"kiến thức trải dài , không tập trung .",0,1,train,kiến thức trải dài không tập trung,Tiêu cực,Chương trình,7
"có một điều rất bất cập là tiến độ của thực hành đi trước lý thuyết rất nhiều , thực hành đã qua từ rất lâu trong quá trình thực hành thì việc tìm hiều thông tin , tiếp thu rất khó khăn , một thời gian sau , gần hết học kỳ thì lý thuyết mới dạy tới phần đó .",0,1,train,có một điều rất bất cập là tiến độ của thực hành đi trước lý thuyết rất nhiều thực hành đã qua từ rất lâu trong quá trình thực hành thì việc tìm hiều thông tin tiếp thu rất khó khăn một thời gian sau gần hết học kỳ thì lý thuyết mới dạy tới phần đó,Tiêu cực,Chương trình,57
"ngoài các cuộc thi về game thì trường nên tổ chức những cuộc thi viết phần mềm hay sáng tạo ý tưởng phần mềm theo một hướng nào đó để học sinh vừa có thể học tập vừa có thể thi đua nhiều hơn , tạo sự năng động trong sinh viên .",0,1,train,ngoài các cuộc thi về game thì trường nên tổ chức những cuộc thi viết phần mềm hay sáng tạo ý tưởng phần mềm theo một hướng nào đó để học sinh vừa có thể học tập vừa có thể thi đua nhiều hơn tạo sự năng động trong sinh viên,Tiêu cực,Chương trình,51
ví dụ minh họa chưa thật sự gây hứng thú trong học tập .,0,1,train,ví dụ minh họa chưa thật sự gây hứng thú trong học tập,Tiêu cực,Chương trình,13
"không đảm bảo tính khách quan , công bằng trong quá trình giảng dạy sinh viên giữa các khoa , luôn thiên vị khoa wzjwz156 .",0,1,train,không đảm bảo tính khách quan công bằng trong quá trình giảng dạy sinh viên giữa các khoa luôn thiên vị khoa wzjwz156,Tiêu cực,Chương trình,23
không thấy được ứng dụng thực tế .,0,1,train,không thấy được ứng dụng thực tế,Tiêu cực,Chương trình,7
sắp xếp thời gian học phù hợp hơn cho cả sinh viên và giảng viên .,0,1,train,sắp xếp thời gian học phù hợp hơn cho cả sinh viên và giảng viên,Tiêu cực,Chương trình,15
"bài tập về nhà quá nhiều , làm cho sinh viên không có nhiều thời gian để làm đồ án và học môn khác .",0,1,train,bài tập về nhà quá nhiều làm cho sinh viên không có nhiều thời gian để làm đồ án và học môn khác,Tiêu cực,Chương trình,23
theo em lý thuyết quan trọng nhưng cơ bản là sau khi học xong sinh viên có thể làm được gì mới là điều quan trọng nên em có đề xuất là tăng tỷ lệ điểm về phần thực hành lên mức tối đa có thể để đánh giá được kết quả học tập của sinh viên .,0,1,train,theo em lý thuyết quan trọng nhưng cơ bản là sau khi học xong sinh viên có thể làm được gì mới là điều quan trọng nên em có đề xuất là tăng tỷ lệ điểm về phần thực hành lên mức tối đa có thể để đánh giá được kết quả học tập của sinh viên,Tiêu cực,Chương trình,57
nên cập nhật thêm nhiều chuẩn web mới như progressive web app hay amp có tác động tốt đến seo .,0,1,train,nên cập nhật thêm nhiều chuẩn web mới như progressive web app hay amp có tác động tốt đến seo,Tiêu cực,Chương trình,20
"chưa được cung cấp hay giới thiệu về tài liệu tham khảo , thời gian chép bài trên bảng còn tốn hơi nhiều thời gian .",0,1,train,chưa được cung cấp hay giới thiệu về tài liệu tham khảo thời gian chép bài trên bảng còn tốn hơi nhiều thời gian,Tiêu cực,Chương trình,24
cần tăng cường ôn tập để kiểm tra như doubledot đưa ra một số đề kiểm tra tham khảo cho sinh viên .,0,1,train,cần tăng cường ôn tập để kiểm tra như doubledot đưa ra một số đề kiểm tra tham khảo cho sinh viên,Tiêu cực,Chương trình,22
"về bài tập , không bao giờ dạy tính toán gì cả , mà về nhà thì bài tập , deadline , rồi bài làm 15 phút trên lớp , đủ kiểu kiểm tra .",0,1,train,về bài tập không bao giờ dạy tính toán gì cả mà về nhà thì bài tập deadline rồi bài làm 15 phút trên lớp đủ kiểu kiểm tra,Tiêu cực,Chương trình,29
có thêm nhiều phong trào liên quan tới tiếng anh hơn nữa .,0,1,train,có thêm nhiều phong trào liên quan tới tiếng anh hơn nữa,Tiêu cực,Chương trình,12
cần nâng cao chất lượng dạy .,0,1,train,cần nâng cao chất lượng dạy,Tiêu cực,Chương trình,6
kiến thức cao .,0,1,train,kiến thức cao,Tiêu cực,Chương trình,3
tăng cường ôn tập để kiểm tra như doubledot cho sinh viên làm thử các đề kiểm tra .,0,1,train,tăng cường ôn tập để kiểm tra như doubledot cho sinh viên làm thử các đề kiểm tra,Tiêu cực,Chương trình,18
"nếu có thể nhà trường ngoài việc lên kế hoạch thành lập một câu lạc bộ tiếng anh , cũng nên tạo điều kiện cho sinh viên tìm hiểu ngoại ngữ khác như tiếng nhật , tiếng trung .",0,1,train,nếu có thể nhà trường ngoài việc lên kế hoạch thành lập một câu lạc bộ tiếng anh cũng nên tạo điều kiện cho sinh viên tìm hiểu ngoại ngữ khác như tiếng nhật tiếng trung,Tiêu cực,Chương trình,36
"bên cạnh đó còn có rèn kỹ năng viết , kỹ năng hoạt động nhóm và tương tác trực tiếp rất hiệu quả .",1,1,train,bên cạnh đó còn có rèn kỹ năng viết kỹ năng hoạt động nhóm và tương tác trực tiếp rất hiệu quả,Tích cực,Chương trình,22
nên cập nhật những phương pháp dạy phản xạ để tạo hướng thú cho sinh viên .,0,1,train,nên cập nhật những phương pháp dạy phản xạ để tạo hướng thú cho sinh viên,Tiêu cực,Chương trình,16
tránh trường hợp lý thuyết chưa học mà làm bài thực hành .,0,1,train,tránh trường hợp lý thuyết chưa học mà làm bài thực hành,Tiêu cực,Chương trình,12
cần có đề cương môn học rõ ràng .,0,1,train,cần có đề cương môn học rõ ràng,Tiêu cực,Chương trình,8
"dành thời gian cho kỹ năng nói trong giờ học càng nhiều càng tốt , thời gian dành cho việc này em thấy chưa đủ .",0,1,train,dành thời gian cho kỹ năng nói trong giờ học càng nhiều càng tốt thời gian dành cho việc này em thấy chưa đủ,Tiêu cực,Chương trình,24
cần viết riêng một cuốn sách về hướng dẫn thực hành oop .,0,1,train,cần viết riêng một cuốn sách về hướng dẫn thực hành oop,Tiêu cực,Chương trình,12
bài tập đầy đủ lý thuyết dễ hiểu .,1,1,train,bài tập đầy đủ lý thuyết dễ hiểu,Tích cực,Chương trình,8
thời gian bù môn học thường bị trùng với những tiết khác nên em thường phải bị vắng tiết .,0,1,train,thời gian bù môn học thường bị trùng với những tiết khác nên em thường phải bị vắng tiết,Tiêu cực,Chương trình,19
"đề cương cần được đổi mới , phân rõ phần trọng tâm môn học và phần đọc thêm mở rộng .",0,1,train,đề cương cần được đổi mới phân rõ phần trọng tâm môn học và phần đọc thêm mở rộng,Tiêu cực,Chương trình,19
cần cho ví dụ nhiều hơn .,0,1,train,cần cho ví dụ nhiều hơn,Tiêu cực,Chương trình,6
theo em thì không thể trách thầy wzjwz120 mà lỗi là do daa đưa lịch học thực hành quá chậm trễ .,0,1,train,theo em thì không thể trách thầy wzjwz120 mà lỗi là do daa đưa lịch học thực hành quá chậm trễ,Tiêu cực,Chương trình,21
ngoài ra còn cung cấp thêm một số kiến thức mới mà không có trong chương trình dạy .,1,1,train,ngoài ra còn cung cấp thêm một số kiến thức mới mà không có trong chương trình dạy,Tích cực,Chương trình,18
môn học vẫn còn là một môn với nhiều lý thuyết trong slide .,0,1,train,môn học vẫn còn là một môn với nhiều lý thuyết trong slide,Tiêu cực,Chương trình,13
mong nhà trường tạo điều kiện cho sinh viên chúng em được nghiên cứu nhiều hơn là phải làm theo .,0,1,train,mong nhà trường tạo điều kiện cho sinh viên chúng em được nghiên cứu nhiều hơn là phải làm theo,Tiêu cực,Chương trình,20
cần có thêm bài tập về nhà và sửa một vài bài tập đó trên lớp để việc tiếp thu bài được sâu hơn và hiệu quả hơn .,0,1,train,cần có thêm bài tập về nhà và sửa một vài bài tập đó trên lớp để việc tiếp thu bài được sâu hơn và hiệu quả hơn,Tiêu cực,Chương trình,28
"lý do doubledot sinh viên mới bắt đầu tiếp cận môn học chưa hiểu rõ các từ chuyên nghành nên không hiểu nội dung bài giảng , dù giảng viên giải thích bằng tiếng việt .",0,1,train,lý do doubledot sinh viên mới bắt đầu tiếp cận môn học chưa hiểu rõ các từ chuyên nghành nên không hiểu nội dung bài giảng dù giảng viên giải thích bằng tiếng việt,Tiêu cực,Chương trình,34
quá nhiều kiến thức phải học .,0,1,train,quá nhiều kiến thức phải học,Tiêu cực,Chương trình,6
có nhiều chỗ hơi khó hiểu trong khi thầy dạy nhưng thầy không giải thích nhiều .,0,1,train,có nhiều chỗ hơi khó hiểu trong khi thầy dạy nhưng thầy không giải thích nhiều,Tiêu cực,Chương trình,16
"bài giảng thu hút , dễ hiểu .",1,1,train,bài giảng thu hút dễ hiểu,Tích cực,Chương trình,6
bài tập thầy cho khá hay và dễ hiểu bài .,1,1,train,bài tập thầy cho khá hay và dễ hiểu bài,Tích cực,Chương trình,10
"theo ý kiến chủ quan của em , việc giảng dạy hoàn toàn bằng tiếng anh cho lớp chất lượng cao là rất thiết thực , nhưng với trình độ tiếng anh hiện nay của lớp thì hiệu quả học tập của lớp vẫn còn kém .",0,1,train,theo ý kiến chủ quan của em việc giảng dạy hoàn toàn bằng tiếng anh cho lớp chất lượng cao là rất thiết thực nhưng với trình độ tiếng anh hiện nay của lớp thì hiệu quả học tập của lớp vẫn còn kém,Tiêu cực,Chương trình,44
ra đề thi giữa kỳ không bám sát vào bài tập đã làm trên lớp .,0,1,train,ra đề thi giữa kỳ không bám sát vào bài tập đã làm trên lớp,Tiêu cực,Chương trình,15
đề thi thì trong vòng 90 phút phải code hoàn chính game 2048 .,0,1,train,đề thi thì trong vòng 90 phút phải code hoàn chính game 2048,Tiêu cực,Chương trình,13
nhiều kiến thức hơn .,0,1,train,nhiều kiến thức hơn,Tiêu cực,Chương trình,4
phần thực hành và lý thuyết phải đi cùng tiến độ .,0,1,train,phần thực hành và lý thuyết phải đi cùng tiến độ,Tiêu cực,Chương trình,11
"đặc thù môn học là phải ghi phấn , nên tiết bài tập tuyệt đối không nên sử dụng máy chiếu để giảng !",0,1,train,đặc thù môn học là phải ghi phấn nên tiết bài tập tuyệt đối không nên sử dụng máy chiếu để giảng,Tiêu cực,Chương trình,22
thật sự anh văn là một môn rất quan trọng trong lĩnh vực công việc và học tập .,2,1,train,thật sự anh văn là một môn rất quan trọng trong lĩnh vực công việc và học tập,Trung lập,Chương trình,18
"cập nhật những đổi mới về môn học , nên có chương trình đào tạo phù hợp hơn .",0,1,train,cập nhật những đổi mới về môn học nên có chương trình đào tạo phù hợp hơn,Tiêu cực,Chương trình,17
điểm danh đúng giờ .,1,1,train,điểm danh đúng giờ,Tích cực,Chương trình,4
em xin nhà trường xem lại bài thi anh văn đầu vào .,0,1,train,em xin nhà trường xem lại bài thi anh văn đầu vào,Tiêu cực,Chương trình,12
"nội dung lan man , khó áp dụng vào thực tế .",0,1,train,nội dung lan man khó áp dụng vào thực tế,Tiêu cực,Chương trình,10
"thú vị , cải thiện khả năng giao tiếp bằng tiếng anh .",0,1,train,thú vị cải thiện khả năng giao tiếp bằng tiếng anh,Tiêu cực,Chương trình,11
ngoài ra cũng cần có tiết học để sinh viên được nói tiếng anh với nhau nhiều hơn !,0,1,train,ngoài ra cũng cần có tiết học để sinh viên được nói tiếng anh với nhau nhiều hơn,Tiêu cực,Chương trình,18
"nên cho bài tập hàng tuần sát với nội dung bài học và nội dung thi , giảng viên cần giảng chậm lại , làm bài tập vận dụng chứ không nên nói một lèo cho hết slide rồi mới làm bài tập .",0,1,train,nên cho bài tập hàng tuần sát với nội dung bài học và nội dung thi giảng viên cần giảng chậm lại làm bài tập vận dụng chứ không nên nói một lèo cho hết slide rồi mới làm bài tập,Tiêu cực,Chương trình,41
môn này giải bài tập khá nhiều và khó .,0,1,train,môn này giải bài tập khá nhiều và khó,Tiêu cực,Chương trình,9
"nên có các buổi ra ngoài tiếp xúc ví dụ như quận 1 có các người nước ngoài , trung tâm văn hóa thanh niên có câu lạc bộ tiếng anh .",0,1,train,nên có các buổi ra ngoài tiếp xúc ví dụ như quận 1 có các người nước ngoài trung tâm văn hóa thanh niên có câu lạc bộ tiếng anh,Tiêu cực,Chương trình,30
"giờ thực hành hầu như không dạy được gì , nên lúc đầu em thường ra sớm và sau đó không vào lớp thực hành .",0,1,train,giờ thực hành hầu như không dạy được gì nên lúc đầu em thường ra sớm và sau đó không vào lớp thực hành,Tiêu cực,Chương trình,24
vì lịch thực hành không được sắp xếp từ đầu dẫn đến trùng giờ với môn khác .,0,1,train,vì lịch thực hành không được sắp xếp từ đầu dẫn đến trùng giờ với môn khác,Tiêu cực,Chương trình,17
cần phương pháp học môn này .,0,1,train,cần phương pháp học môn này,Tiêu cực,Chương trình,6
bài giảng cần rõ ràng hơn .,0,1,train,bài giảng cần rõ ràng hơn,Tiêu cực,Chương trình,6
đề thực hành cho xa rời với lý thuyết rất nhiều những phần lý thuyết chưa học thực hành đã bắt nộp bài rồi .,0,1,train,đề thực hành cho xa rời với lý thuyết rất nhiều những phần lý thuyết chưa học thực hành đã bắt nộp bài rồi,Tiêu cực,Chương trình,24
tạo tính chủ động cho sinh viên trong học tập .,1,1,train,tạo tính chủ động cho sinh viên trong học tập,Tích cực,Chương trình,10
không nên sử dụng thực hành hình thức 2 .,0,1,train,không nên sử dụng thực hành hình thức 2,Tiêu cực,Chương trình,9
chủ đề học thường lan man .,0,1,train,chủ đề học thường lan man,Tiêu cực,Chương trình,6
phần bài làm trên moodle có nhiều sai sót gây ảnh hưởng đến điểm chuyên cần .,0,1,train,phần bài làm trên moodle có nhiều sai sót gây ảnh hưởng đến điểm chuyên cần,Tiêu cực,Chương trình,16
giảm số lượng sinh viên fraction lớp .,0,1,train,giảm số lượng sinh viên fraction lớp,Tiêu cực,Chương trình,7
kiến thức cơ sở vững chắc .,1,1,train,kiến thức cơ sở vững chắc,Tích cực,Chương trình,6
không đảm bảo đúng thời gian dạy học .,0,1,train,không đảm bảo đúng thời gian dạy học,Tiêu cực,Chương trình,8
bài tập thầy ra hơi khó .,0,1,train,bài tập thầy ra hơi khó,Tiêu cực,Chương trình,6
ít bài tập nâng cao .,0,1,train,ít bài tập nâng cao,Tiêu cực,Chương trình,5
"hiện có quá nhiều kiến thức , quá rộng , không tập trung chuyên sâu nên gây khó khăn trong tiếp thu .",0,1,train,hiện có quá nhiều kiến thức quá rộng không tập trung chuyên sâu nên gây khó khăn trong tiếp thu,Tiêu cực,Chương trình,20
"nên bổ sung phần xây dựng kiến trúc game , tiếp xúc vơi các kiến trúc game phổ biến hiện nay .",0,1,train,nên bổ sung phần xây dựng kiến trúc game tiếp xúc vơi các kiến trúc game phổ biến hiện nay,Tiêu cực,Chương trình,20
em không thích học môn này .,0,1,train,em không thích học môn này,Tiêu cực,Chương trình,6
phần thuyết trình của từng nhóm rất vui và bổ ích .,1,1,train,phần thuyết trình của từng nhóm rất vui và bổ ích,Tích cực,Chương trình,11
giờ thực hành môn còn quá ít 3 buổi .,0,1,train,giờ thực hành môn còn quá ít 3 buổi,Tiêu cực,Chương trình,9
"môn học này thiên về định hướng logic , nên học theo hướng trao đổi và tham khảo , tránh đặt nặng bài tập .",0,1,train,môn học này thiên về định hướng logic nên học theo hướng trao đổi và tham khảo tránh đặt nặng bài tập,Tiêu cực,Chương trình,22
"không có hoạt động nhóm , bài tập ít .",0,1,train,không có hoạt động nhóm bài tập ít,Tiêu cực,Chương trình,8
"nội dung môn học không rõ ràng , không xác định được mục tiêu cần đạt được .",0,1,train,nội dung môn học không rõ ràng không xác định được mục tiêu cần đạt được,Tiêu cực,Chương trình,16
tăng thời gian học vì anh văn là môn học khó .,0,1,train,tăng thời gian học vì anh văn là môn học khó,Tiêu cực,Chương trình,11
thêm tiết sửa bài tập nhiều hơn .,0,1,train,thêm tiết sửa bài tập nhiều hơn,Tiêu cực,Chương trình,7
vài nội dung thầy giảng khó hiểu .,0,1,train,vài nội dung thầy giảng khó hiểu,Tiêu cực,Chương trình,7
em nghĩ học theo phương pháp cũ cây phấn tấm bảng .,0,1,train,em nghĩ học theo phương pháp cũ cây phấn tấm bảng,Tiêu cực,Chương trình,11
cần giảm bớt các nội dung không cần thiết tùy theo chuyên ngành mà sinh viên theo học .,0,1,train,cần giảm bớt các nội dung không cần thiết tùy theo chuyên ngành mà sinh viên theo học,Tiêu cực,Chương trình,18
lớp lý thuyết và lớp thực hành không song song kiến thức .,0,1,train,lớp lý thuyết và lớp thực hành không song song kiến thức,Tiêu cực,Chương trình,12
không nên đề hình thức thực hành là số 2 gây nhàm chán cho sinh viên sau những ngày học lý thuyết thì sinh viên nên được thực hành trên phòng lab dưới sự hướng dẫn của giảng viên .,0,1,train,không nên đề hình thức thực hành là số 2 gây nhàm chán cho sinh viên sau những ngày học lý thuyết thì sinh viên nên được thực hành trên phòng lab dưới sự hướng dẫn của giảng viên,Tiêu cực,Chương trình,39
"cần áp dụng vào thực tiễn một cách cụ thể hơn , lý thuyết vẫn còn mang đầu óc tưởng tượng cao .",0,1,train,cần áp dụng vào thực tiễn một cách cụ thể hơn lý thuyết vẫn còn mang đầu óc tưởng tượng cao,Tiêu cực,Chương trình,21
semimar là hình thức tiếp thu kiến thức nhưng do những người seminar nói bâng quơ và thật sự có những nhóm không biết đang làm gì thì sao người ngồi dưới hiểu gì .,0,1,train,semimar là hình thức tiếp thu kiến thức nhưng do những người seminar nói bâng quơ và thật sự có những nhóm không biết đang làm gì thì sao người ngồi dưới hiểu gì,Tiêu cực,Chương trình,34
"em nhận thấy , môn này học xong hầu như là vẽ mô hình , thi cuối kỳ cũng vẽ mô hình toàn tập .",0,1,train,em nhận thấy môn này học xong hầu như là vẽ mô hình thi cuối kỳ cũng vẽ mô hình toàn tập,Tiêu cực,Chương trình,22
không có hoạt động nhóm .,0,1,train,không có hoạt động nhóm,Tiêu cực,Chương trình,5
"kiến thức thì được dồn lại , thời gian ở nhà thì đâu phải chỉ có để học anh văn và có những thắc mắc thì hỏi ai bây giờ .",0,1,train,kiến thức thì được dồn lại thời gian ở nhà thì đâu phải chỉ có để học anh văn và có những thắc mắc thì hỏi ai bây giờ,Tiêu cực,Chương trình,29
tụi em chưa thật sự vững ngữ pháp .,0,1,train,tụi em chưa thật sự vững ngữ pháp,Tiêu cực,Chương trình,8
liên hệ thực tế .,2,1,train,liên hệ thực tế,Trung lập,Chương trình,4
"nên có nhiều ví dụ thực tiễn cho môn học , đi tham quan hoặc thực hành trên các thiết bị thật .",0,1,train,nên có nhiều ví dụ thực tiễn cho môn học đi tham quan hoặc thực hành trên các thiết bị thật,Tiêu cực,Chương trình,21
quá nhiều hoạt động làm sinh viên choáng ngợp không bắt kịp .,0,1,train,quá nhiều hoạt động làm sinh viên choáng ngợp không bắt kịp,Tiêu cực,Chương trình,12
"nêu rõ các lý do để học môn học này , ứng dụng thự tế của môn học này ví dụ doubledot đưa ra bài toán hay về thuật toán thông minh trong game để tạo hứng thú cho người học , hoặc xây dựng một số ứng dụng thực tế cho người học đang cần để người học phải tự giác tìm kiếm tài liệu cho mình để học .",0,1,train,nêu rõ các lý do để học môn học này ứng dụng thự tế của môn học này ví dụ doubledot đưa ra bài toán hay về thuật toán thông minh trong game để tạo hứng thú cho người học hoặc xây dựng một số ứng dụng thực tế cho người học đang cần để người học phải tự giác tìm kiếm tài liệu cho mình để học,Tiêu cực,Chương trình,68
bài tập anh văn nên sát với yêu cầu ở ngoài .,0,1,train,bài tập anh văn nên sát với yêu cầu ở ngoài,Tiêu cực,Chương trình,11
"nên cắt giảm bớt chương trình học môn lý a2 vì theo em thấy có một số phần không áp dụng vào trong thực tế ngày nay của it , chỉ có một số phần là có áp dụng vì thế nên giảm thiểu chương trình học .",0,1,train,nên cắt giảm bớt chương trình học môn lý a2 vì theo em thấy có một số phần không áp dụng vào trong thực tế ngày nay của it chỉ có một số phần là có áp dụng vì thế nên giảm thiểu chương trình học,Tiêu cực,Chương trình,46
"các nội dung kiến thức khó trong slides bài giảng được thầy trình bày hay , hết sức dễ hiểu và dễ tiếp thu .",1,1,train,các nội dung kiến thức khó trong slides bài giảng được thầy trình bày hay hết sức dễ hiểu và dễ tiếp thu,Tích cực,Chương trình,23
nên tạo điều kiện linh động hơn trong thời gian thực hành cho sinh viên .,0,1,train,nên tạo điều kiện linh động hơn trong thời gian thực hành cho sinh viên,Tiêu cực,Chương trình,15
chắc cũng sẽ không ảnh hưởng nhiều lắm đến thời gian dạy bài mới trên lớp .,2,1,train,chắc cũng sẽ không ảnh hưởng nhiều lắm đến thời gian dạy bài mới trên lớp,Trung lập,Chương trình,16
môn học cần xác định rõ ràng tính ứng dụng tránh để sinh viên mơ hồ về cái mình đang học như vậy rất khó để tiếp cận với vấn đề cần nghiên cứu .,0,1,train,môn học cần xác định rõ ràng tính ứng dụng tránh để sinh viên mơ hồ về cái mình đang học như vậy rất khó để tiếp cận với vấn đề cần nghiên cứu,Tiêu cực,Chương trình,34
nên giảm sĩ số một lớp xuống khoảng 30 sinh viên thì sẽ hiệu quả trong việc học .,0,1,train,nên giảm sĩ số một lớp xuống khoảng 30 sinh viên thì sẽ hiệu quả trong việc học,Tiêu cực,Chương trình,18
việc tổ chức các trò chơi tạo nhiều hứng thú cho sinh viên .,1,1,train,việc tổ chức các trò chơi tạo nhiều hứng thú cho sinh viên,Tích cực,Chương trình,13
"môn game này có đồ án được xem là nặng nhất trong chuyên ngành cnpm , em không hiểu thi lý thuyết là thi cái gì , nó làm chúng em mất thời gian hơn là cho chúng em được ích lợi .",0,1,train,môn game này có đồ án được xem là nặng nhất trong chuyên ngành cnpm em không hiểu thi lý thuyết là thi cái gì nó làm chúng em mất thời gian hơn là cho chúng em được ích lợi,Tiêu cực,Chương trình,40
"dạy quá tốt , kiến thức tổng hợp vững .",1,1,train,dạy quá tốt kiến thức tổng hợp vững,Tích cực,Chương trình,8
"hơn nữa , môn học cần có sự sáng tạo tư duy để sinh viên có thể dễ dàng tiếp cận và vận động sự sáng tạo cũng như khả năng vốn có của mỗi sinh viên .",0,1,train,hơn nữa môn học cần có sự sáng tạo tư duy để sinh viên có thể dễ dàng tiếp cận và vận động sự sáng tạo cũng như khả năng vốn có của mỗi sinh viên,Tiêu cực,Chương trình,36
nó rất rập khuôn và không thể khiến cho sinh viên tiến bộ được .,0,1,train,nó rất rập khuôn và không thể khiến cho sinh viên tiến bộ được,Tiêu cực,Chương trình,14
"ra đề thi giữa kỳ không đúng với nội dung dặn trước dặn ko có "" vertical fragmentation "" mà thi vẫn có 1 câu chiếm khoảng 40% số điểm , có lẽ người ra đề với thầy dạy khác nhau và không thống nhất .",0,1,train,ra đề thi giữa kỳ không đúng với nội dung dặn trước dặn ko có vertical fragmentation mà thi vẫn có 1 câu chiếm khoảng 40 số điểm có lẽ người ra đề với thầy dạy khác nhau và không thống nhất,Tiêu cực,Chương trình,42
"môn học là kiểm chứng phần mềm , nhưng tất cả nội dung giảng dạy chỉ là lý thuyết suông , có chăng là một số phần mềm có thể được sử dụng trong thực tiễn , nhưng sự tìm hiểu chỉ dừng lại ở mức độ "" giới thiệu "" của cấp độ sinh viên , các bài seminar do sinh viên trình bày hoàn toàn không đạt chất lượng , không truyền đạt được kiến thức , slide hơn 95% là chữ , một số không nhỏ là nội dung dịch từ sách ngoại văn , nhưng lại sai nghĩa , tối nghĩa .",0,1,train,môn học là kiểm chứng phần mềm nhưng tất cả nội dung giảng dạy chỉ là lý thuyết suông có chăng là một số phần mềm có thể được sử dụng trong thực tiễn nhưng sự tìm hiểu chỉ dừng lại ở mức độ giới thiệu của cấp độ sinh viên các bài seminar do sinh viên trình bày hoàn toàn không đạt chất lượng không truyền đạt được kiến thức slide hơn 95 là chữ một số không nhỏ là nội dung dịch từ sách ngoại văn nhưng lại sai nghĩa tối nghĩa,Tiêu cực,Chương trình,94
"cần cải tiến , đổi mới thực hành hình thức 2 .",0,1,train,cần cải tiến đổi mới thực hành hình thức 2,Tiêu cực,Chương trình,10
"lượng kiến thức nhiều hơn lượng tín chỉ môn học , mất cân xứng !",0,1,train,lượng kiến thức nhiều hơn lượng tín chỉ môn học mất cân xứng,Tiêu cực,Chương trình,13
nên ra đề xác thực hơn .,0,1,train,nên ra đề xác thực hơn,Tiêu cực,Chương trình,6
thêm giờ giải bài tập trên lớp .,0,1,train,thêm giờ giải bài tập trên lớp,Tiêu cực,Chương trình,7
chất lượng cơ bản đảm bảo nhưng cần phù với các đối tượng sinh viên hơn .,0,1,train,chất lượng cơ bản đảm bảo nhưng cần phù với các đối tượng sinh viên hơn,Tiêu cực,Chương trình,16
bài giảng không thu hút học sinh .,0,1,train,bài giảng không thu hút học sinh,Tiêu cực,Chương trình,7
bài tập thầy cho áp lực quá .,0,1,train,bài tập thầy cho áp lực quá,Tiêu cực,Chương trình,7
"cần phải thay đổi phần nội dung của phần thực hành và cách giảng dạy của giảng viên thực hành , sinh viên chưa được học lý thuyết mà thực hành đã phải làm bài tập trong khi giảng viên thực hành không hướng dẫn sinh viên cụ thể phải làm gì với bài tập đó .",0,1,train,cần phải thay đổi phần nội dung của phần thực hành và cách giảng dạy của giảng viên thực hành sinh viên chưa được học lý thuyết mà thực hành đã phải làm bài tập trong khi giảng viên thực hành không hướng dẫn sinh viên cụ thể phải làm gì với bài tập đó,Tiêu cực,Chương trình,55
"ngoài ra sinh viên cũng không có đủ khả năng để hiểu được "" source code "" có tốt hay không .",0,1,train,ngoài ra sinh viên cũng không có đủ khả năng để hiểu được source code có tốt hay không,Tiêu cực,Chương trình,19
"bài giảng dài , không quá hứng thú cho sinh viên để học .",0,1,train,bài giảng dài không quá hứng thú cho sinh viên để học,Tiêu cực,Chương trình,12
"cần được thực hành liên tục , để có sự hướng dẫn của giáo viên khi làm đồ án .",0,1,train,cần được thực hành liên tục để có sự hướng dẫn của giáo viên khi làm đồ án,Tiêu cực,Chương trình,18
phương pháp làm bài tập .,2,1,train,phương pháp làm bài tập,Trung lập,Chương trình,5
"có demo , video giới thiệu đầy đủ .",1,1,train,có demo video giới thiệu đầy đủ,Tích cực,Chương trình,7
chấm bài không nói lên tính khách quan .,0,1,train,chấm bài không nói lên tính khách quan,Tiêu cực,Chương trình,8
cần sử dụng bài giảng tiếng việt .,0,1,train,cần sử dụng bài giảng tiếng việt,Tiêu cực,Chương trình,7
có nhiều hoạt động cho phần speaking .,1,1,train,có nhiều hoạt động cho phần speaking,Tích cực,Chương trình,7
cố gắng làm nhiều bài tập .,1,1,train,cố gắng làm nhiều bài tập,Tích cực,Chương trình,6
"đề thi khá khó , hy vọng thi cuối kỳ thầy cho đề dễ thở hơn ạ .",0,1,train,đề thi khá khó hy vọng thi cuối kỳ thầy cho đề dễ thở hơn ạ,Tiêu cực,Chương trình,16
môn học giúp em nắm rõ các phương pháp và kỹ năng cần thiết để tổ chức cơ sở dữ liệu và sử dụng nó một cách hiệu quả ở mức cơ bản dữ liệu không lớn .,1,1,train,môn học giúp em nắm rõ các phương pháp và kỹ năng cần thiết để tổ chức cơ sở dữ liệu và sử dụng nó một cách hiệu quả ở mức cơ bản dữ liệu không lớn,Tích cực,Chương trình,37
chia ra nhiều hình thức điểm seminar bài tập bài tập thực hành .,1,1,train,chia ra nhiều hình thức điểm seminar bài tập bài tập thực hành,Tích cực,Chương trình,13
nên chọn phòng học có không gian phù hợp với sĩ số lớp phòng quá lớn trong khi sĩ số chỉ có vài chục sinh viên .,0,1,train,nên chọn phòng học có không gian phù hợp với sĩ số lớp phòng quá lớn trong khi sĩ số chỉ có vài chục sinh viên,Tiêu cực,Chương trình,26
bài tập về nhà hằng tuần giúp cho sinh viên củng cố kiến thức lý thuyết và thực hành một cách chắc chắn .,1,1,train,bài tập về nhà hằng tuần giúp cho sinh viên củng cố kiến thức lý thuyết và thực hành một cách chắc chắn,Tích cực,Chương trình,23
nội dung cơ bản đầy đủ .,1,1,train,nội dung cơ bản đầy đủ,Tích cực,Chương trình,6
"nên có thêm nhiều tài liệu học tập , bộ môn này rất ít tài liệu tam khảo trên mạng .",0,1,train,nên có thêm nhiều tài liệu học tập bộ môn này rất ít tài liệu tam khảo trên mạng,Tiêu cực,Chương trình,19
chú trọng vào việc giải bài tập hơn là củng cố phương pháp học tập của sinh viên .,0,1,train,chú trọng vào việc giải bài tập hơn là củng cố phương pháp học tập của sinh viên,Tiêu cực,Chương trình,18
mô học cung cấp kiến thức mơ hồ lắm .,0,1,train,mô học cung cấp kiến thức mơ hồ lắm,Tiêu cực,Chương trình,9
em có gửi mail thắc mắc thì không thấy trả lời .,0,1,train,em có gửi mail thắc mắc thì không thấy trả lời,Tiêu cực,Chương trình,11
đề thi thực hành và lý thuyết nên được trưởng khoa xem qua trước khi cho sinh viên thi để tránh trường hợp vào thi thực hành giáo viên phải sửa lại đề .,0,1,train,đề thi thực hành và lý thuyết nên được trưởng khoa xem qua trước khi cho sinh viên thi để tránh trường hợp vào thi thực hành giáo viên phải sửa lại đề,Tiêu cực,Chương trình,33
cần có nhiều giờ thực hành hơn !,0,1,train,cần có nhiều giờ thực hành hơn,Tiêu cực,Chương trình,7
mong phòng đào tạo cập nhật điểm giữa kỳ nhanh hơn nữa .,0,1,train,mong phòng đào tạo cập nhật điểm giữa kỳ nhanh hơn nữa,Tiêu cực,Chương trình,12
"thời lượng phân bổ thoạt đầu bị thay đổi kiến nhiều sinh viên bức xúc , và em cũng vậy .",0,1,train,thời lượng phân bổ thoạt đầu bị thay đổi kiến nhiều sinh viên bức xúc và em cũng vậy,Tiêu cực,Chương trình,19
các buổi thực hành ht2 không thông báo với sinh viên .,0,1,train,các buổi thực hành ht2 không thông báo với sinh viên,Tiêu cực,Chương trình,11
"nội dung môn học mang tính cập nhật , mới mẻ .",1,1,train,nội dung môn học mang tính cập nhật mới mẻ,Tích cực,Chương trình,10
bài thực hành được xây dựng phù hợp với nội dung lý thuyết .,1,1,train,bài thực hành được xây dựng phù hợp với nội dung lý thuyết,Tích cực,Chương trình,13
nên có đồ án môn học .,0,1,train,nên có đồ án môn học,Tiêu cực,Chương trình,6
"nội dung của môn học hiện tại chỉ ở mức lý thuyết khá nhiều , ít thực hành .",0,1,train,nội dung của môn học hiện tại chỉ ở mức lý thuyết khá nhiều ít thực hành,Tiêu cực,Chương trình,17
bài tập nên thiết thực .,0,1,train,bài tập nên thiết thực,Tiêu cực,Chương trình,5
"em nghĩ môn này rất khó , nên cần có cách học riêng .",0,1,train,em nghĩ môn này rất khó nên cần có cách học riêng,Tiêu cực,Chương trình,12
"chu đáo , nhiệt tình .",1,1,train,chu đáo nhiệt tình,Tích cực,Chương trình,4
"em có thể sử dụng kiến thức đã học để vọc một số trang web , cách dạy và đồ án của thầy thực tế dù thầy có trí tưởng tượng hơi bị phong phú .",1,1,train,em có thể sử dụng kiến thức đã học để vọc một số trang web cách dạy và đồ án của thầy thực tế dù thầy có trí tưởng tượng hơi bị phong phú,Tích cực,Chương trình,34
có thêm đồ án mang tính chất sáng tạo .,0,1,train,có thêm đồ án mang tính chất sáng tạo,Tiêu cực,Chương trình,9
tổ chức các trò chơi để vận dụng các kiến thức vừa học .,1,1,train,tổ chức các trò chơi để vận dụng các kiến thức vừa học,Tích cực,Chương trình,13
"lượng kiến thức thì đòi hỏi quá cao , đề thi cũng khó .",0,1,train,lượng kiến thức thì đòi hỏi quá cao đề thi cũng khó,Tiêu cực,Chương trình,12
"sách giáo khoa wrede dan murray không dễ học , còn nhiều sai sót và các trình bày khó hiểu .",0,1,train,sách giáo khoa wrede dan murray không dễ học còn nhiều sai sót và các trình bày khó hiểu,Tiêu cực,Chương trình,19
cần sửa thêm bài tập trên lớp .,0,1,train,cần sửa thêm bài tập trên lớp,Tiêu cực,Chương trình,7
nên thêm giờ học thực hành trên lớp nếu có thể .,0,1,train,nên thêm giờ học thực hành trên lớp nếu có thể,Tiêu cực,Chương trình,11
"hình thức thực hành mới lạ , thu hút .",1,1,train,hình thức thực hành mới lạ thu hút,Tích cực,Chương trình,8
không ý kiến vì chất lượng môn học tốt .,1,1,train,không ý kiến vì chất lượng môn học tốt,Tích cực,Chương trình,9
tài liệu còn thiếu chủ yếu sinh viên phải tự tìm .,0,1,train,tài liệu còn thiếu chủ yếu sinh viên phải tự tìm,Tiêu cực,Chương trình,11
nên tăng các chương trình ngoại khóa .,0,1,train,nên tăng các chương trình ngoại khóa,Tiêu cực,Chương trình,7
"slide bài giảng tốt , giảng viên giải đáp vấn đề tốt .",1,1,train,slide bài giảng tốt giảng viên giải đáp vấn đề tốt,Tích cực,Chương trình,11
"học kỳ này em học lại môn game , và giờ của thời khoá biểu là tiết 1 - 2 ngày thứ 4 thế nhưng em không hiểu lý do gì lại chuyển sang thứ 7 vào tiết 6 - 7 và em bị kẹt giờ học anh văn bên ngoài nên không học được .",0,1,train,học kỳ này em học lại môn game và giờ của thời khoá biểu là tiết 1 2 ngày thứ 4 thế nhưng em không hiểu lý do gì lại chuyển sang thứ 7 vào tiết 6 7 và em bị kẹt giờ học anh văn bên ngoài nên không học được,Tiêu cực,Chương trình,52
lượng kiến thức giảng dạy chưa được chuẩn bị kỹ càng .,0,1,train,lượng kiến thức giảng dạy chưa được chuẩn bị kỹ càng,Tiêu cực,Chương trình,11
nội dung môn học em nghĩ là rộng quá ạ .,0,1,train,nội dung môn học em nghĩ là rộng quá ạ,Tiêu cực,Chương trình,10
"theo em , nên có thêm mục bài tập nộp qua moodle sau mỗi lần học trên lớp hay có bài tập mới , tài liệu nên được bổ sung nhiều hơn cho sinh viên .",0,1,train,theo em nên có thêm mục bài tập nộp qua moodle sau mỗi lần học trên lớp hay có bài tập mới tài liệu nên được bổ sung nhiều hơn cho sinh viên,Tiêu cực,Chương trình,33
4 tiết liên tục không tập trung được phần cuối giờ .,0,1,train,4 tiết liên tục không tập trung được phần cuối giờ,Tiêu cực,Chương trình,11
"nội dung học chất lượng nhưng khá đơn giản , thầy sử dụng giờ trên lớp không hiệu quả , chủ yếu thầy vào lớp cho bài tập , giảng một xíu rồi ngồi đó , còn sinh viên giải bài tập tới cuối giờ , dù làm bài tập tới tuần cuối môn học nhưng vẫn không biết kết quả các bài tập mình từng làm là đúng hay sai vì thầy không công bố kết quả để cho thấy được sự sai sót của mình , dẫn đến trước khi thi các sinh viên có sự phân hoá về cách giải bài tập , không thống nhất .",0,1,train,nội dung học chất lượng nhưng khá đơn giản thầy sử dụng giờ trên lớp không hiệu quả chủ yếu thầy vào lớp cho bài tập giảng một xíu rồi ngồi đó còn sinh viên giải bài tập tới cuối giờ dù làm bài tập tới tuần cuối môn học nhưng vẫn không biết kết quả các bài tập mình từng làm là đúng hay sai vì thầy không công bố kết quả để cho thấy được sự sai sót của mình dẫn đến trước khi thi các sinh viên có sự phân hoá về cách giải bài tập không thống nhất,Tiêu cực,Chương trình,102
lượng kiến thức này không chắc chắn là sau khi ra trường có thể vận dụng thực tiễn .,0,1,train,lượng kiến thức này không chắc chắn là sau khi ra trường có thể vận dụng thực tiễn,Tiêu cực,Chương trình,18
cần ví dụ và chương trình thực tế nhiều hơn .,0,1,train,cần ví dụ và chương trình thực tế nhiều hơn,Tiêu cực,Chương trình,10
"thứ nhất , môn mạch số quá "" hiếm "" tài liệu tham khảo ngay cả khi em tìm từ các nguồn trên internet , slide bài giảng thầy đưa ra không thể nào đáp ứng được khả năng tự nghiên cứu , tự học để rồi ứng dụng làm các bài tập mà thầy cho cuối cùng là làm các bài kiểm tra đánh giá .",0,1,train,thứ nhất môn mạch số quá hiếm tài liệu tham khảo ngay cả khi em tìm từ các nguồn trên internet slide bài giảng thầy đưa ra không thể nào đáp ứng được khả năng tự nghiên cứu tự học để rồi ứng dụng làm các bài tập mà thầy cho cuối cùng là làm các bài kiểm tra đánh giá,Tiêu cực,Chương trình,61
lỗi không phải là của giảng viên hay bọn em nhưng em nghĩ trước khi đưa ra lịch học thì nên làm khảo sát buổi học có nhiều sinh viên đi học nhất thì hãy dạy .,0,1,train,lỗi không phải là của giảng viên hay bọn em nhưng em nghĩ trước khi đưa ra lịch học thì nên làm khảo sát buổi học có nhiều sinh viên đi học nhất thì hãy dạy,Tiêu cực,Chương trình,36
môn học còn nhàm chán .,0,1,train,môn học còn nhàm chán,Tiêu cực,Chương trình,5
thời gian lâu như vậy ảnh hưởng rất nhiều đến chất lượng học tập .,0,1,train,thời gian lâu như vậy ảnh hưởng rất nhiều đến chất lượng học tập,Tiêu cực,Chương trình,14
tăng cường nghe và nói .,0,1,train,tăng cường nghe và nói,Tiêu cực,Chương trình,5
ít điểm danh .,2,1,train,ít điểm danh,Trung lập,Chương trình,3
"theo như danh sách phòng đào tạo đưa xuống , lớp chỉ có 47 sinh viên theo học nhưng lại được học ở trong giảng đường 2 .",0,1,train,theo như danh sách phòng đào tạo đưa xuống lớp chỉ có 47 sinh viên theo học nhưng lại được học ở trong giảng đường 2,Tiêu cực,Chương trình,26
"ngôn ngữ java đã được học từ môn lập trình nhúng , do đó mong thầy dạy kiến thức mới hơn .",0,1,train,ngôn ngữ java đã được học từ môn lập trình nhúng do đó mong thầy dạy kiến thức mới hơn,Tiêu cực,Chương trình,20
vì môn vậy lý kỹ thuật sinh viên chỉ học để lấy điểm cao kéo điểm trung bình lên thôi .,2,1,train,vì môn vậy lý kỹ thuật sinh viên chỉ học để lấy điểm cao kéo điểm trung bình lên thôi,Trung lập,Chương trình,20
cần tài liệu chính thống .,0,1,train,cần tài liệu chính thống,Tiêu cực,Chương trình,5
"làm đồ án còn phải thi cuối kỳ lý thuyết , quá nặng đối với sinh viên , vì một kỳ có rất nhiều đồ án .",0,1,train,làm đồ án còn phải thi cuối kỳ lý thuyết quá nặng đối với sinh viên vì một kỳ có rất nhiều đồ án,Tiêu cực,Chương trình,24
không đề cương ôn thi cuối kỳ .,0,1,train,không đề cương ôn thi cuối kỳ,Tiêu cực,Chương trình,7
cung cấp nhiều kiến thức hữu ích chưa được học trong lớp .,1,1,train,cung cấp nhiều kiến thức hữu ích chưa được học trong lớp,Tích cực,Chương trình,12
"deadline dài ( 1 tháng ) , thuận lợi trong việc sắp xếp thời gian , có thể chủ động thời gian trong những trường hợp có sự cố xảy ra .",1,1,train,deadline dài 1 tháng thuận lợi trong việc sắp xếp thời gian có thể chủ động thời gian trong những trường hợp có sự cố xảy ra,Tích cực,Chương trình,27
"môn này lượng kiến thức nhiều quá , cả một ngành học của người ta mà trong khi tụi em học chỉ có một kỳ .",0,1,train,môn này lượng kiến thức nhiều quá cả một ngành học của người ta mà trong khi tụi em học chỉ có một kỳ,Tiêu cực,Chương trình,24
bài giảng chưa hứng thú .,0,1,train,bài giảng chưa hứng thú,Tiêu cực,Chương trình,5
không thấy đi thực hành buổi nào !,0,1,train,không thấy đi thực hành buổi nào,Tiêu cực,Chương trình,7
"nên tiết chế lại các yêu cầu về đồ án môn học như việc chấm chéo , làm clip hướng dẫn vừa lồng tiếng lại còn chèn sub .",0,1,train,nên tiết chế lại các yêu cầu về đồ án môn học như việc chấm chéo làm clip hướng dẫn vừa lồng tiếng lại còn chèn sub,Tiêu cực,Chương trình,27
đưa ra đồ án chưa hoàn toàn phù hợp với hình thức học thực hành .,0,1,train,đưa ra đồ án chưa hoàn toàn phù hợp với hình thức học thực hành,Tiêu cực,Chương trình,15
nội dung bài giảng không thực sự hấp dẫn .,0,1,train,nội dung bài giảng không thực sự hấp dẫn,Tiêu cực,Chương trình,9
thực hành thực tế nên giúp cho sinh viên hiểu rỏ hơn về mạch số và những cái trong mạch số .,1,1,train,thực hành thực tế nên giúp cho sinh viên hiểu rỏ hơn về mạch số và những cái trong mạch số,Tích cực,Chương trình,21
bài tập không sát với đề cương .,0,1,train,bài tập không sát với đề cương,Tiêu cực,Chương trình,7
lập trình web mà thi trên giấy .,0,1,train,lập trình web mà thi trên giấy,Tiêu cực,Chương trình,7
"bài mẫu thực hành nên cụ thể hơn, bài mẫu hiện tại khó áp dụng vào đồ án , bởi nó chỉ lướt qua tổng quan các control .",0,1,train,bài mẫu thực hành nên cụ thể hơn bài mẫu hiện tại khó áp dụng vào đồ án bởi nó chỉ lướt qua tổng quan các control,Tiêu cực,Chương trình,27
"slide được biện soạn từ sách network programing with csharp , trong sách viết rất rõ ràng , tuy nhiên khi dịch và đưa vào slide thì gây khó hiểu , như là đưa các ý chính vào slide để cho có , vấn đề là slide là nơi để trình bày các hình ảnh , các minh họa chứ không phải là nơi để các câu bưng từ sách ra .",0,1,train,slide được biện soạn từ sách network programing with csharp trong sách viết rất rõ ràng tuy nhiên khi dịch và đưa vào slide thì gây khó hiểu như là đưa các ý chính vào slide để cho có vấn đề là slide là nơi để trình bày các hình ảnh các minh họa chứ không phải là nơi để các câu bưng từ sách ra,Tiêu cực,Chương trình,66
"thực hành cần song song với lý thuyết , thực hành dạy nhanh hơn lý thuyết nên rất khó hiểu .",0,1,train,thực hành cần song song với lý thuyết thực hành dạy nhanh hơn lý thuyết nên rất khó hiểu,Tiêu cực,Chương trình,19
giờ không hợp lý .,0,1,train,giờ không hợp lý,Tiêu cực,Chương trình,4
thêm nhiều bài tập hơn .,0,1,train,thêm nhiều bài tập hơn,Tiêu cực,Chương trình,5
kiến thức không áp dụng được nhiều cho thực tế .,0,1,train,kiến thức không áp dụng được nhiều cho thực tế,Tiêu cực,Chương trình,10
nên giảm thời lượng môn học còn 7 tuần !,0,1,train,nên giảm thời lượng môn học còn 7 tuần,Tiêu cực,Chương trình,9
môn học hơi khó hiểu nên cập nhật giáo trình .,0,1,train,môn học hơi khó hiểu nên cập nhật giáo trình,Tiêu cực,Chương trình,10
"cần nhiều thời gian hơn nữa cho việc giảng dạy , vì kiến thức đáp ứng cho môn học chưa chuyên sâu .",0,1,train,cần nhiều thời gian hơn nữa cho việc giảng dạy vì kiến thức đáp ứng cho môn học chưa chuyên sâu,Tiêu cực,Chương trình,21
"kiến thức , tài liệu , đề cương đầy đủ chi tiết .",1,1,train,kiến thức tài liệu đề cương đầy đủ chi tiết,Tích cực,Chương trình,10
"chương trình nên sát với nhu cầu thực tế , mang tính hiệu quả , không đem những cái framework cũ biện hộ là nền tảng để học trong khi thế giới đang dần loại bỏ gần như toàn bộ bạn bè mà em biết đều không hiểu đang học cái gì và học làm chi , không có hứng để học tập như môn oop hay trí tuệ nhân tạo , tụi em học chỉ để đối phó và gần như không đối phó nổi .",0,1,train,chương trình nên sát với nhu cầu thực tế mang tính hiệu quả không đem những cái framework cũ biện hộ là nền tảng để học trong khi thế giới đang dần loại bỏ gần như toàn bộ bạn bè mà em biết đều không hiểu đang học cái gì và học làm chi không có hứng để học tập như môn oop hay trí tuệ nhân tạo tụi em học chỉ để đối phó và gần như không đối phó nổi,Tiêu cực,Chương trình,82
cần có các đề tài cụ thể và quy trình thực tế để sinh viên thực hiện ở môn học này !,0,1,train,cần có các đề tài cụ thể và quy trình thực tế để sinh viên thực hiện ở môn học này,Tiêu cực,Chương trình,21
và cần có thêm những lưu ý cho học sinh .,0,1,train,và cần có thêm những lưu ý cho học sinh,Tiêu cực,Chương trình,10
bài tập hơi nhiều .,0,1,train,bài tập hơi nhiều,Tiêu cực,Chương trình,4
trong khi đề thi cho phép sinh viên dùng mạng .,2,1,train,trong khi đề thi cho phép sinh viên dùng mạng,Trung lập,Chương trình,10
bài tập trực tuyến .,2,1,train,bài tập trực tuyến,Trung lập,Chương trình,4
giảm tải lượng bài tập phần thực hành .,0,1,train,giảm tải lượng bài tập phần thực hành,Tiêu cực,Chương trình,8
mở rộng kiến thức làm cơ sở cho các môn học khác .,2,1,train,mở rộng kiến thức làm cơ sở cho các môn học khác,Trung lập,Chương trình,12
làm như vậy gây khó khăn rất lớn cho sinh viên trong việc phân bổ thời gian phù hợp cho môn học này .,0,1,train,làm như vậy gây khó khăn rất lớn cho sinh viên trong việc phân bổ thời gian phù hợp cho môn học này,Tiêu cực,Chương trình,23
nên tăng tiết thực hành .,0,1,train,nên tăng tiết thực hành,Tiêu cực,Chương trình,5
"cần chuyên nghiệp hơn , cụ thể hơn để sinh viên dễ dàng tiếp cận .",0,1,train,cần chuyên nghiệp hơn cụ thể hơn để sinh viên dễ dàng tiếp cận,Tiêu cực,Chương trình,14
"nên ra đề phù hợp với năng lực của sinh viên hơn , hình thức đề thi không nên đánh đố sinh viên .",0,1,train,nên ra đề phù hợp với năng lực của sinh viên hơn hình thức đề thi không nên đánh đố sinh viên,Tiêu cực,Chương trình,22
cần nên cho bài tập về nhà .,0,1,train,cần nên cho bài tập về nhà,Tiêu cực,Chương trình,7
phân bổ thời gian theo kiểu chưa học tới lý thuyết đã thực hành nên không biết gì để làm .,0,1,train,phân bổ thời gian theo kiểu chưa học tới lý thuyết đã thực hành nên không biết gì để làm,Tiêu cực,Chương trình,20
"cô tận tâm , có những chuẩn mực tốt đẹp của một nhà giáo .",1,1,train,cô tận tâm có những chuẩn mực tốt đẹp của một nhà giáo,Tích cực,Chương trình,13
"cập nhật bài giảng trên trang coursedotuitdotedudotvn đầy đủ , có bài tập hàng tuần .",1,1,train,cập nhật bài giảng trên trang coursedotuitdotedudotvn đầy đủ có bài tập hàng tuần,Tích cực,Chương trình,14
cần post thêm nhiều bài tập liên quan đến nội dung môn học trên web để sinh viên thuận tiện down về và làm .,0,1,train,cần post thêm nhiều bài tập liên quan đến nội dung môn học trên web để sinh viên thuận tiện down về và làm,Tiêu cực,Chương trình,24
"em thấy nó rất cần thiết sau này , em đề nghị với văn phòng chương trình đặc biệt năm sau lại tiếp tục mời thầy về dạy .",0,1,train,em thấy nó rất cần thiết sau này em đề nghị với văn phòng chương trình đặc biệt năm sau lại tiếp tục mời thầy về dạy,Tiêu cực,Chương trình,27
thực hành cần được quan tâm hơn .,0,1,train,thực hành cần được quan tâm hơn,Tiêu cực,Chương trình,7
lý thuyết quá nhiều nhưng không có thời gian để sửa bài tập .,0,1,train,lý thuyết quá nhiều nhưng không có thời gian để sửa bài tập,Tiêu cực,Chương trình,13
phần nghe nói được cải thiện .,1,1,train,phần nghe nói được cải thiện,Tích cực,Chương trình,6
"nên phân bổ thời gian hợp thực hành sớm hơn , sau khi vào học chính khoảng một tháng , cần tránh các ngày thi giữa kỳ ngày lễ vì vừa rồi nhiều hôm thực hành trúng vào các ngày này , phòng thực hành còn nóng và bụi bặm , máy chiếu tuy vẫn thấy như là khá mờ , nếu ngồi xa hay trời sáng quá sẽ không thấy rõ .",0,1,train,nên phân bổ thời gian hợp thực hành sớm hơn sau khi vào học chính khoảng một tháng cần tránh các ngày thi giữa kỳ ngày lễ vì vừa rồi nhiều hôm thực hành trúng vào các ngày này phòng thực hành còn nóng và bụi bặm máy chiếu tuy vẫn thấy như là khá mờ nếu ngồi xa hay trời sáng quá sẽ không thấy rõ,Tiêu cực,Chương trình,67
"đôi khi bài thực hành và lý thuyết không khớp gì nhau cả , có 2 tuần lớp thực hành học trước lý thuyết .",0,1,train,đôi khi bài thực hành và lý thuyết không khớp gì nhau cả có 2 tuần lớp thực hành học trước lý thuyết,Tiêu cực,Chương trình,23
nội dung bài giảng trên lớp rất liên quan đến nội dung thi .,1,1,train,nội dung bài giảng trên lớp rất liên quan đến nội dung thi,Tích cực,Chương trình,13
cần có sự thay đổi trong các file tài liệu cung cấp cho sinh viên ví dụ như cần nhiều ví dụ hoặc các bài tập từ dễ đến khó hơn để sinh viên tự chủ động trong việc học sẽ giúp sinh viên nhớ lâu hơn .,0,1,train,cần có sự thay đổi trong các file tài liệu cung cấp cho sinh viên ví dụ như cần nhiều ví dụ hoặc các bài tập từ dễ đến khó hơn để sinh viên tự chủ động trong việc học sẽ giúp sinh viên nhớ lâu hơn,Tiêu cực,Chương trình,47
bài tập cần bám sát trên lý thuyết hơn .,0,1,train,bài tập cần bám sát trên lý thuyết hơn,Tiêu cực,Chương trình,9
"chương trình của môn khá nặng ở những phần cuối , cần giảm tải một số phần để có hiệu quả trong việc tiếp thu .",0,1,train,chương trình của môn khá nặng ở những phần cuối cần giảm tải một số phần để có hiệu quả trong việc tiếp thu,Tiêu cực,Chương trình,24
em nghĩ cần có những giải pháp đặc biệt giúp những sinh viên dưới tỉnh lên thành phố học tập tốt anh văn .,0,1,train,em nghĩ cần có những giải pháp đặc biệt giúp những sinh viên dưới tỉnh lên thành phố học tập tốt anh văn,Tiêu cực,Chương trình,23
bài tập còn hơi ít .,0,1,train,bài tập còn hơi ít,Tiêu cực,Chương trình,5
bài tập cụ thể .,1,1,train,bài tập cụ thể,Tích cực,Chương trình,4
không thực hành .,0,1,train,không thực hành,Tiêu cực,Chương trình,3
tài liệu tham khảo đầy đủ .,1,1,train,tài liệu tham khảo đầy đủ,Tích cực,Chương trình,6
nâng cao kỹ năng nghe .,1,1,train,nâng cao kỹ năng nghe,Tích cực,Chương trình,5
nên giảm thời lượng môn học còn 7 tuần và tăng thời gian mỗi buổi học lên 4 tiết .,0,1,train,nên giảm thời lượng môn học còn 7 tuần và tăng thời gian mỗi buổi học lên 4 tiết,Tiêu cực,Chương trình,19
"mà chủ yếu tập trung vào phần quản lý thao tác đã được học trong môn hệ quản trị cơ sỡ dữ liệu trong khi đó theo đề cương môn học chỉ dạy một buổi , mà giảng viên dạy nhiều buổi .",0,1,train,mà chủ yếu tập trung vào phần quản lý thao tác đã được học trong môn hệ quản trị cơ sỡ dữ liệu trong khi đó theo đề cương môn học chỉ dạy một buổi mà giảng viên dạy nhiều buổi,Tiêu cực,Chương trình,41
ví dụ doubledot lý thuyết chưa học mà đã cho thực hành .,0,1,train,ví dụ doubledot lý thuyết chưa học mà đã cho thực hành,Tiêu cực,Chương trình,12
có nhiều bài tập giúp sinh viên thực hành nhiều từ đó nắm được kiến thức môn học .,1,1,train,có nhiều bài tập giúp sinh viên thực hành nhiều từ đó nắm được kiến thức môn học,Tích cực,Chương trình,18
"thiết nghĩ , nên chia thời gian học ra thành 2 buổi , mỗi buổi 2 tiết !",0,1,train,thiết nghĩ nên chia thời gian học ra thành 2 buổi mỗi buổi 2 tiết,Tiêu cực,Chương trình,15
chương trình hơi nhanh so với lý thuyết .,0,1,train,chương trình hơi nhanh so với lý thuyết,Tiêu cực,Chương trình,8
"các bài thực hành thường rất khó , quá tầm hiện tại của các sinh viên , dẫn đến các sinh viên thường nản chí và hầu như bỏ đi 20% số điểm của môn thực hành !",0,1,train,các bài thực hành thường rất khó quá tầm hiện tại của các sinh viên dẫn đến các sinh viên thường nản chí và hầu như bỏ đi 20 số điểm của môn thực hành,Tiêu cực,Chương trình,35
cần bài tập thêm vê nhà .,0,1,train,cần bài tập thêm vê nhà,Tiêu cực,Chương trình,6
nội dung môn học cần mở rộng hơn .,0,1,train,nội dung môn học cần mở rộng hơn,Tiêu cực,Chương trình,8
cần có sự kết hợp để chương lý thuyết kịp với thực hành .,0,1,train,cần có sự kết hợp để chương lý thuyết kịp với thực hành,Tiêu cực,Chương trình,13
phần học nội dung chương trình đào tạo của mỗi khoa quá thừa .,0,1,train,phần học nội dung chương trình đào tạo của mỗi khoa quá thừa,Tiêu cực,Chương trình,13
"danh sách lớp phân bổ không đều , số sinh viên nhiều hơn số máy trong phòng lab .",0,1,train,danh sách lớp phân bổ không đều số sinh viên nhiều hơn số máy trong phòng lab,Tiêu cực,Chương trình,17
"tuy nhiên , số lượng nhiệm vụ nhiều quá .",0,1,train,tuy nhiên số lượng nhiệm vụ nhiều quá,Tiêu cực,Chương trình,8
"slide còn hơi khô khan , cách giải thích của giảng viên còn chưa thuyết phục dễ hiểu .",0,1,train,slide còn hơi khô khan cách giải thích của giảng viên còn chưa thuyết phục dễ hiểu,Tiêu cực,Chương trình,17
cho nhiều bài tập vận dụng .,1,1,train,cho nhiều bài tập vận dụng,Tích cực,Chương trình,6
thông báo với sinh viên đi nộp ngày 27 nhưng công ty không làm việc .,0,1,train,thông báo với sinh viên đi nộp ngày 27 nhưng công ty không làm việc,Tiêu cực,Chương trình,15
đi dạy trễ .,0,1,train,đi dạy trễ,Tiêu cực,Chương trình,3
bài tập hơi ít .,0,1,train,bài tập hơi ít,Tiêu cực,Chương trình,4
"nên giảng hết chương trình rồi cho sinh viên tìm hiểu nghiên cứu , vì có như thế sinh viên sẽ không mất thời gian và mức độ hiểu và ứng dụng được cao hơn .",0,1,train,nên giảng hết chương trình rồi cho sinh viên tìm hiểu nghiên cứu vì có như thế sinh viên sẽ không mất thời gian và mức độ hiểu và ứng dụng được cao hơn,Tiêu cực,Chương trình,34
cần giảng bài bằng tiếng anh nhiều hơn .,0,1,train,cần giảng bài bằng tiếng anh nhiều hơn,Tiêu cực,Chương trình,8
nên tăng thời lượng 3 tiết 1 buổi thành 4 tiết 1 buổi để sinh viên tiếp thu nhiều kiến thức hơn .,0,1,train,nên tăng thời lượng 3 tiết 1 buổi thành 4 tiết 1 buổi để sinh viên tiếp thu nhiều kiến thức hơn,Tiêu cực,Chương trình,22
lý thuyết liên hệ với thực tế dễ hình dung và hiểu rõ vấn đề .,1,1,train,lý thuyết liên hệ với thực tế dễ hình dung và hiểu rõ vấn đề,Tích cực,Chương trình,15
nội dung đúng chuyên môn và thực tiễn .,1,1,train,nội dung đúng chuyên môn và thực tiễn,Tích cực,Chương trình,8
"đến lớp muộn 15 phút , ra sớm từ 15 đến 30 phút .",0,1,train,đến lớp muộn 15 phút ra sớm từ 15 đến 30 phút,Tiêu cực,Chương trình,12
cần có nhiều bài học thực tế hơn nữa .,0,1,train,cần có nhiều bài học thực tế hơn nữa,Tiêu cực,Chương trình,9
cần đẩy mạnh tiếng anh liên quan đến ngành .,0,1,train,cần đẩy mạnh tiếng anh liên quan đến ngành,Tiêu cực,Chương trình,9
cần phân chia trình độ giữa các bạn để chia lớp rõ ràng hơn .,0,1,train,cần phân chia trình độ giữa các bạn để chia lớp rõ ràng hơn,Tiêu cực,Chương trình,14
"thay hình thức thi giữa kỳ tự luận bằng thi trắc nghiệm , mở lớp đăng ký thực hành sớm để sinh viên không bị đăng ký trùng lịch .",0,1,train,thay hình thức thi giữa kỳ tự luận bằng thi trắc nghiệm mở lớp đăng ký thực hành sớm để sinh viên không bị đăng ký trùng lịch,Tiêu cực,Chương trình,28
nên thông báo về chương trình học của môn học để sinh viên biết trước khi đăng ký môn học đặc biệt là ngôn ngữ được sử dụng trong chương trình học .,0,1,train,nên thông báo về chương trình học của môn học để sinh viên biết trước khi đăng ký môn học đặc biệt là ngôn ngữ được sử dụng trong chương trình học,Tiêu cực,Chương trình,32
các buổi training giúp sinh viên bám sát với cấu trúc đề thi .,1,1,train,các buổi training giúp sinh viên bám sát với cấu trúc đề thi,Tích cực,Chương trình,13
đề thi quá dài không phù hợp với lượng thời gian thi .,0,1,train,đề thi quá dài không phù hợp với lượng thời gian thi,Tiêu cực,Chương trình,12
thực hành đa số sinh viên không hiểu .,0,1,train,thực hành đa số sinh viên không hiểu,Tiêu cực,Chương trình,8
"seminar thì lung tung , không rõ ràng .",0,1,train,seminar thì lung tung không rõ ràng,Tiêu cực,Chương trình,7
đều đều không rõ nghĩa .,0,1,train,đều đều không rõ nghĩa,Tiêu cực,Chương trình,5
nên chú trọng bài tập hơn lý thuyết .,0,1,train,nên chú trọng bài tập hơn lý thuyết,Tiêu cực,Chương trình,8
"cần cung cấp đề cương chi tiết của môn học khi bắt đầu học kỳ , hướng dẫn và cung cấp cho sinh viên tài liệu về môn học được nhiều hơn , đầy đủ hơn .",0,1,train,cần cung cấp đề cương chi tiết của môn học khi bắt đầu học kỳ hướng dẫn và cung cấp cho sinh viên tài liệu về môn học được nhiều hơn đầy đủ hơn,Tiêu cực,Chương trình,34
môn này theo em thì nên giảng dạy ở hình thức 1 sẽ giúp sinh viên nắm bắt được kiến thức tốt hơn .,0,1,train,môn này theo em thì nên giảng dạy ở hình thức 1 sẽ giúp sinh viên nắm bắt được kiến thức tốt hơn,Tiêu cực,Chương trình,23
"môn học 2 cái đồ án , đồ án lý thuyết thì không liên quan đến nội dung môn học dẫn đến khó hiểu .",0,1,train,môn học 2 cái đồ án đồ án lý thuyết thì không liên quan đến nội dung môn học dẫn đến khó hiểu,Tiêu cực,Chương trình,23
"tóm lại , kiến thức tổng quan thì có thể tiếp nhận nhưng kiến thức về chi tiết nội dung thì mập mờ .",0,1,train,tóm lại kiến thức tổng quan thì có thể tiếp nhận nhưng kiến thức về chi tiết nội dung thì mập mờ,Tiêu cực,Chương trình,22
"đề kiểm tra không phù hợp với các dạng bài được hướng dẫn trong lớp , ra kiểm tra các dạng bài mới , phân bổ nội dung trong bài kiểm tra không đồng đều với nội dung giảng dạy .",0,1,train,đề kiểm tra không phù hợp với các dạng bài được hướng dẫn trong lớp ra kiểm tra các dạng bài mới phân bổ nội dung trong bài kiểm tra không đồng đều với nội dung giảng dạy,Tiêu cực,Chương trình,38
chất lượng môn học rất tốt .,1,1,train,chất lượng môn học rất tốt,Tích cực,Chương trình,6
nên tăng cường các bài tập về nhà .,0,1,train,nên tăng cường các bài tập về nhà,Tiêu cực,Chương trình,8
không dạy bài tập cho sinh viên .,0,1,train,không dạy bài tập cho sinh viên,Tiêu cực,Chương trình,7
"quá nhiều , quá lan man .",0,1,train,quá nhiều quá lan man,Tiêu cực,Chương trình,5
nhiều bài tập hay .,1,1,train,nhiều bài tập hay,Tích cực,Chương trình,4
"nên cập nhât giáo trình , tài liêu vì tài liệu từ 10 năm trước , rất cũ so với hiện nay .",0,1,train,nên cập nhât giáo trình tài liêu vì tài liệu từ 10 năm trước rất cũ so với hiện nay,Tiêu cực,Chương trình,20
"còn visual basic em thấy không cần thiết , nên rút ngắn thời gian giảng dạy lại thay vì mất gần nửa học kỳ để giới thiệu khái quát về visual basic .",0,1,train,còn visual basic em thấy không cần thiết nên rút ngắn thời gian giảng dạy lại thay vì mất gần nửa học kỳ để giới thiệu khái quát về visual basic,Tiêu cực,Chương trình,31
đề nghị chuyển tất cả các lớp toán và lý sang phòng học dùng bảng và phấn viết .,0,1,train,đề nghị chuyển tất cả các lớp toán và lý sang phòng học dùng bảng và phấn viết,Tiêu cực,Chương trình,18
"nội dung môn học còn mới , khá nặng , quá nhiều kiến thức gây khó khăn cho sinh viên trong việc tiếp thu .",1,1,train,nội dung môn học còn mới khá nặng quá nhiều kiến thức gây khó khăn cho sinh viên trong việc tiếp thu,Tích cực,Chương trình,22
không liên quan hay hỗ trợ gì cho ngành học .,0,1,train,không liên quan hay hỗ trợ gì cho ngành học,Tiêu cực,Chương trình,10
"kiến thức cung cấp cho sinh viên khá ít cũng như chỉ trong khuôn mẫu , cần có thêm nhiều kiến thức cho thực tế , để các sinh viên thuộc các khoa khác nắm rõ hơn và có thể tìm hiểu và xử lý trong cuộc sống nếu gặp phải .",0,1,train,kiến thức cung cấp cho sinh viên khá ít cũng như chỉ trong khuôn mẫu cần có thêm nhiều kiến thức cho thực tế để các sinh viên thuộc các khoa khác nắm rõ hơn và có thể tìm hiểu và xử lý trong cuộc sống nếu gặp phải,Tiêu cực,Chương trình,49
"bài tập lớn năm nay khá hay , tuy nhiên giảng viên chưa hướng dẫn sinh viên làm nhiều .",0,1,train,bài tập lớn năm nay khá hay tuy nhiên giảng viên chưa hướng dẫn sinh viên làm nhiều,Tiêu cực,Chương trình,18
quá tập trung vào slide .,0,1,train,quá tập trung vào slide,Tiêu cực,Chương trình,5
như thế làm bài thật nhàm chán .,0,1,train,như thế làm bài thật nhàm chán,Tiêu cực,Chương trình,7
em nghĩ nên có nhiều tài liệu học tập hơn .,0,1,train,em nghĩ nên có nhiều tài liệu học tập hơn,Tiêu cực,Chương trình,10
làm bài tập và kiểm tra bài thường xuyên .,1,1,train,làm bài tập và kiểm tra bài thường xuyên,Tích cực,Chương trình,9
"chất lượng dạy còn khá nhiều chỗ chưa tốt , thời gian dạy còn chưa hiệu quả .",0,1,train,chất lượng dạy còn khá nhiều chỗ chưa tốt thời gian dạy còn chưa hiệu quả,Tiêu cực,Chương trình,16
"môn học quá chú trọng vào cách làm giàu , cách mở công ty , cách kinh doanh , mặt hàng kinh doanh .",0,1,train,môn học quá chú trọng vào cách làm giàu cách mở công ty cách kinh doanh mặt hàng kinh doanh,Tiêu cực,Chương trình,20
"nội dung thực hành nên có tính gợi mở và giáo viên hướng dẫn sinh viên làm , chứ cho bài thực hành kiểu như sắp xếp cứ làm y như vậy là được , nhưng chả hiểu nó từ đâu đến và nằm ở đâu .",0,1,train,nội dung thực hành nên có tính gợi mở và giáo viên hướng dẫn sinh viên làm chứ cho bài thực hành kiểu như sắp xếp cứ làm y như vậy là được nhưng chả hiểu nó từ đâu đến và nằm ở đâu,Tiêu cực,Chương trình,44
cho ra nhiều tiết thực hành hơn .,0,1,train,cho ra nhiều tiết thực hành hơn,Tiêu cực,Chương trình,7
môn học này khi ra trường có thể sẽ không ứng dụng nhiều .,0,1,train,môn học này khi ra trường có thể sẽ không ứng dụng nhiều,Tiêu cực,Chương trình,13
slide còn nhiêu chỗ khó hiểu nếu chỉ ở nhà đọc slide mà không lên lớp nghe giảng .,0,1,train,slide còn nhiêu chỗ khó hiểu nếu chỉ ở nhà đọc slide mà không lên lớp nghe giảng,Tiêu cực,Chương trình,18
nên có nhiều buổi đi thực tế .,0,1,train,nên có nhiều buổi đi thực tế,Tiêu cực,Chương trình,7
chắc tại bữa giáo viên dạy mà hôm đó em học mác – lênin .,2,1,train,chắc tại bữa giáo viên dạy mà hôm đó em học mác lênin,Trung lập,Chương trình,13
cần thay đổi phương pháp giúp truyền đạt giúp học sinh dễ hiểu hơn vì đây là môn khá nặng về lý thuyết .,0,1,train,cần thay đổi phương pháp giúp truyền đạt giúp học sinh dễ hiểu hơn vì đây là môn khá nặng về lý thuyết,Tiêu cực,Chương trình,23
dẫn đến việc chưa nắm rõ lý thuyết đã phải làm bài tập .,0,1,train,dẫn đến việc chưa nắm rõ lý thuyết đã phải làm bài tập,Tiêu cực,Chương trình,13
đảm bảo giờ lên lớp đầy đủ cho sinh viên .,1,1,train,đảm bảo giờ lên lớp đầy đủ cho sinh viên,Tích cực,Chương trình,10
thời gian hướng dẫn thực hành với môn học quá ít .,0,1,train,thời gian hướng dẫn thực hành với môn học quá ít,Tiêu cực,Chương trình,11
"cần chú trọng hiệu quả môn học , đảm bảo sinh viên có thể giao tiếp được .",0,1,train,cần chú trọng hiệu quả môn học đảm bảo sinh viên có thể giao tiếp được,Tiêu cực,Chương trình,16
bài tập thực hành nên cho thời gian dài hơn .,0,1,train,bài tập thực hành nên cho thời gian dài hơn,Tiêu cực,Chương trình,10
chất lượng của môn học rất tốt .,1,1,train,chất lượng của môn học rất tốt,Tích cực,Chương trình,7
"đề thi giữa kỳ do giảng viên ra có 15 câu trắc nghiệm nhưng lại có 3 câu ra sai đáp án , trong đó có 1 câu giảng viên không biết câu nào sai và vì sao sai , phần tự luận ra sai câu trigger .",0,1,train,đề thi giữa kỳ do giảng viên ra có 15 câu trắc nghiệm nhưng lại có 3 câu ra sai đáp án trong đó có 1 câu giảng viên không biết câu nào sai và vì sao sai phần tự luận ra sai câu trigger,Tiêu cực,Chương trình,45
"như vậy , chất lượng dạy và học sẽ được nâng lên đáng kể ạ .",1,1,train,như vậy chất lượng dạy và học sẽ được nâng lên đáng kể ạ,Tích cực,Chương trình,14
các bài thực hành cần có tính định hướng hơn thay vì làm các công việc cụ thể như nạp firmware cho router .,0,1,train,các bài thực hành cần có tính định hướng hơn thay vì làm các công việc cụ thể như nạp firmware cho router,Tiêu cực,Chương trình,23
đề nghị phòng đào tạo sắp lịch thực hành cho môn này kỹ lưỡng hơn .,0,1,train,đề nghị phòng đào tạo sắp lịch thực hành cho môn này kỹ lưỡng hơn,Tiêu cực,Chương trình,15
nên bớt học sinh .,0,1,train,nên bớt học sinh,Tiêu cực,Chương trình,4
đề thi sát với môn học .,1,1,train,đề thi sát với môn học,Tích cực,Chương trình,6
cập nhật hệ thống tài liệu môn học trọng tâm vào những yếu tố chính và cơ bản .,0,1,train,cập nhật hệ thống tài liệu môn học trọng tâm vào những yếu tố chính và cơ bản,Tiêu cực,Chương trình,18
kết hợp lý thuyết và thực hành .,2,1,train,kết hợp lý thuyết và thực hành,Trung lập,Chương trình,7
"hiếm có môn học nào mà hình thức kiểm tra bao gồm cả việc thi giữa kỳ , cuối kỳ , thực hành lẫn làm đồ án môn học .",2,1,train,hiếm có môn học nào mà hình thức kiểm tra bao gồm cả việc thi giữa kỳ cuối kỳ thực hành lẫn làm đồ án môn học,Trung lập,Chương trình,27
"em thấy nên sử dụng slide tiếng việt , sinh viên sẽ dễ tiếp thu hơn .",0,1,train,em thấy nên sử dụng slide tiếng việt sinh viên sẽ dễ tiếp thu hơn,Tiêu cực,Chương trình,15
em thông qua kênh này lần nữa để báo lại với phòng đào tạo là môn này wzjwz68 và wzjwz69 bị nhầm mã môn và điểm thành phần với nhau ạ .,0,1,train,em thông qua kênh này lần nữa để báo lại với phòng đào tạo là môn này wzjwz68 và wzjwz69 bị nhầm mã môn và điểm thành phần với nhau ạ,Tiêu cực,Chương trình,31
cần tăng cường nhiều biện pháp trừng phạt khi sinh viên không làm bài tập .,0,1,train,cần tăng cường nhiều biện pháp trừng phạt khi sinh viên không làm bài tập,Tiêu cực,Chương trình,15
"dạy tốt , nhiệt tình , truyền đạt tốt .",1,1,train,dạy tốt nhiệt tình truyền đạt tốt,Tích cực,Chương trình,7
chủ động trong việc giảng dạy .,1,1,train,chủ động trong việc giảng dạy,Tích cực,Chương trình,6
phải tạo điều kiện cho sinh viên thực hành nhiều hơn .,0,1,train,phải tạo điều kiện cho sinh viên thực hành nhiều hơn,Tiêu cực,Chương trình,11
"luyện nói , nghe ít hoạt động vui , thoải mái .",1,1,train,luyện nói nghe ít hoạt động vui thoải mái,Tích cực,Chương trình,9
"bài giảng của cô rất hay , tuy nhiên sinh viên không nắm được các phần quan trọng , và phủ đều lên toàn bộ bài giảng , do đó gây khó hiểu , mất tập trung , hoặc gây buồn ngủ .",0,1,train,bài giảng của cô rất hay tuy nhiên sinh viên không nắm được các phần quan trọng và phủ đều lên toàn bộ bài giảng do đó gây khó hiểu mất tập trung hoặc gây buồn ngủ,Tiêu cực,Chương trình,37
lần sau nên chuyển sang trắc nghiệm hỏi được nhiều cái hơn .,0,1,train,lần sau nên chuyển sang trắc nghiệm hỏi được nhiều cái hơn,Tiêu cực,Chương trình,12
cần nâng cao công tác giảng dạy .,0,1,train,cần nâng cao công tác giảng dạy,Tiêu cực,Chương trình,7
"bài tập nhiều , đầy đủ dạng .",1,1,train,bài tập nhiều đầy đủ dạng,Tích cực,Chương trình,6
"tên môn học là seminar các vấn đề hiện đại của công nghệ phần mềm , nhưng phần seminar của mỗi nhóm là trình bày các vấn đề của các phần mềm trong lịch sử , thời trước .",0,1,train,tên môn học là seminar các vấn đề hiện đại của công nghệ phần mềm nhưng phần seminar của mỗi nhóm là trình bày các vấn đề của các phần mềm trong lịch sử thời trước,Tiêu cực,Chương trình,36
do gộp cả cấu trúc dữ liệu 1 và 2 vào trong cùng 1 học kỳ nên lượng kiến thức khá nhiều .,0,1,train,do gộp cả cấu trúc dữ liệu 1 và 2 vào trong cùng 1 học kỳ nên lượng kiến thức khá nhiều,Tiêu cực,Chương trình,22
hiện tại trong khi chương trình thực hành đã kết thúc nhưng vẫn không có lịch thi cụ thể .,0,1,train,hiện tại trong khi chương trình thực hành đã kết thúc nhưng vẫn không có lịch thi cụ thể,Tiêu cực,Chương trình,19
cần tăng thời gian môn học lên 20 - 40% để sinh viên có đủ thời gian tiếp thu sâu hơn kiến thức môn học .,0,1,train,cần tăng thời gian môn học lên 20 40 để sinh viên có đủ thời gian tiếp thu sâu hơn kiến thức môn học,Tiêu cực,Chương trình,24
có nhiều bài tập và giảng dạy nhiệt tình .,1,1,train,có nhiều bài tập và giảng dạy nhiệt tình,Tích cực,Chương trình,9
không dạy nói toàn thứ ngoài lề môn học .,0,1,train,không dạy nói toàn thứ ngoài lề môn học,Tiêu cực,Chương trình,9
"nội dung môn học không thừa , không thiếu .",2,1,train,nội dung môn học không thừa không thiếu,Trung lập,Chương trình,8
cũng tự học là chính vì là môn thực hành mà .,2,1,train,cũng tự học là chính vì là môn thực hành mà,Trung lập,Chương trình,11
"theo như em biết là mọi người đánh giá môn này là môn buồn ngủ nhất , nặng về lý thuyết .",0,1,train,theo như em biết là mọi người đánh giá môn này là môn buồn ngủ nhất nặng về lý thuyết,Tiêu cực,Chương trình,20
cần có bài tập về nhà .,0,1,train,cần có bài tập về nhà,Tiêu cực,Chương trình,6
"giải tích đã khó , đừng làm mọi thứ khác trở nên bất bình thường .",0,1,train,giải tích đã khó đừng làm mọi thứ khác trở nên bất bình thường,Tiêu cực,Chương trình,14
bài tập sinh động .,1,1,train,bài tập sinh động,Tích cực,Chương trình,4
đặc biệt đây là môn chuyên ngành cần giảng viên phù hợp .,0,1,train,đặc biệt đây là môn chuyên ngành cần giảng viên phù hợp,Tiêu cực,Chương trình,12
lý thuyết hơi khó hiểu .,0,1,train,lý thuyết hơi khó hiểu,Tiêu cực,Chương trình,5
cần giành nhiều thời gian trên lớp để luyện tập phần nghe và nói .,0,1,train,cần giành nhiều thời gian trên lớp để luyện tập phần nghe và nói,Tiêu cực,Chương trình,14
bài tập giáo viên dạy khá thú vị .,1,1,train,bài tập giáo viên dạy khá thú vị,Tích cực,Chương trình,8
"bài học rõ ràng , bám sát nội dung thi .",1,1,train,bài học rõ ràng bám sát nội dung thi,Tích cực,Chương trình,9
nhưng điều đáng nói là điểm thi lại cao hơn những bạn thi đậu lần đầu và điểm này được lấy cho các bạn đó .,2,1,train,nhưng điều đáng nói là điểm thi lại cao hơn những bạn thi đậu lần đầu và điểm này được lấy cho các bạn đó,Trung lập,Chương trình,25
chất lượng giảng dạy rất tốt .,1,1,train,chất lượng giảng dạy rất tốt,Tích cực,Chương trình,6
slide và bài tập cụ thể .,1,1,train,slide và bài tập cụ thể,Tích cực,Chương trình,6
các bài thực hành không hỗ trợ nhiều cho đồ án .,0,1,train,các bài thực hành không hỗ trợ nhiều cho đồ án,Tiêu cực,Chương trình,11
rất mong thầy dùng giáo trình tiếng việt để giảng dạy .,0,1,train,rất mong thầy dùng giáo trình tiếng việt để giảng dạy,Tiêu cực,Chương trình,11
kiến thức thực cần phải tế hơn .,0,1,train,kiến thức thực cần phải tế hơn,Tiêu cực,Chương trình,7
"môn học hay và bổ ích , giảng viên nhiệt tình .",1,1,train,môn học hay và bổ ích giảng viên nhiệt tình,Tích cực,Chương trình,10
"nên tăng thời lượng môn học , vì đây là một môn học khó đối với người mới học lần đầu .",0,1,train,nên tăng thời lượng môn học vì đây là một môn học khó đối với người mới học lần đầu,Tiêu cực,Chương trình,20
chưa có sự đồng bộ giữa lý thuyết và thực hành .,0,1,train,chưa có sự đồng bộ giữa lý thuyết và thực hành,Tiêu cực,Chương trình,11
chứ em thấy đa số các bạn đều chọn chuyên ngành máy học bên kia .,2,1,train,chứ em thấy đa số các bạn đều chọn chuyên ngành máy học bên kia,Trung lập,Chương trình,15
"đề cập nhiều hơn về các vấn đề , nội dung thực tế hiện nay ví dụ ipv6 là điều cần quan tâm nhưng chỉ đề cập sơ sài .",0,1,train,đề cập nhiều hơn về các vấn đề nội dung thực tế hiện nay ví dụ ipv6 là điều cần quan tâm nhưng chỉ đề cập sơ sài,Tiêu cực,Chương trình,28
cho phép được sử dụng android trong báo cáo .,0,1,train,cho phép được sử dụng android trong báo cáo,Tiêu cực,Chương trình,9
cần thống nhất giữa giáo viên lý thuyết và thực hành .,0,1,train,cần thống nhất giữa giáo viên lý thuyết và thực hành,Tiêu cực,Chương trình,11
số tiết thực hành còn ít .,0,1,train,số tiết thực hành còn ít,Tiêu cực,Chương trình,6
"nên cập nhật book , slide thường xuyên vì quá cũ không tích hợp được với chương trình bây giờ .",0,1,train,nên cập nhật book slide thường xuyên vì quá cũ không tích hợp được với chương trình bây giờ,Tiêu cực,Chương trình,19
"không nên dùng hình thức thi lý thuyết , nên cho sinh viên làm đồ án và yêu cầu của đồ án phải cao hơn môn "" lập trình windows "" môn "" lập trình trực quan "" .",0,1,train,không nên dùng hình thức thi lý thuyết nên cho sinh viên làm đồ án và yêu cầu của đồ án phải cao hơn môn lập trình windows môn lập trình trực quan,Tiêu cực,Chương trình,33
"đầu tư một bộ giáo trình chất lượng , dễ hiểu .",0,1,train,đầu tư một bộ giáo trình chất lượng dễ hiểu,Tiêu cực,Chương trình,10
chiếm 20% điểm bất công so với lớp của giáo viên dạy cùng môn .,0,1,train,chiếm 20 điểm bất công so với lớp của giáo viên dạy cùng môn,Tiêu cực,Chương trình,14
"môn học rất hay ạ , chỉ tiết rằng , phòng đào tạo xếp môn này vào năm 3 , em nghĩ môn học này không phù hợp cho năm 3 mà là năm nhất cơ .",0,1,train,môn học rất hay ạ chỉ tiết rằng phòng đào tạo xếp môn này vào năm 3 em nghĩ môn học này không phù hợp cho năm 3 mà là năm nhất cơ,Tiêu cực,Chương trình,33
mang tính cập nhật .,1,1,train,mang tính cập nhật,Tích cực,Chương trình,4
"những thứ này không nên giảng dạy vì không phải cứ học những thứ đó là "" thành công "" , rất phí thời gian đến lớp .",0,1,train,những thứ này không nên giảng dạy vì không phải cứ học những thứ đó là thành công rất phí thời gian đến lớp,Tiêu cực,Chương trình,24
"cần có thêm nhiều thời gian ôn tập lại lý thuyết , kỹ năng cho học sinh .",0,1,train,cần có thêm nhiều thời gian ôn tập lại lý thuyết kỹ năng cho học sinh,Tiêu cực,Chương trình,16
cho về sớm .,0,1,train,cho về sớm,Tiêu cực,Chương trình,3
chia lớp theo đúng khả năng !,2,1,train,chia lớp theo đúng khả năng,Trung lập,Chương trình,6
không nên thêm bảng băm vào môn này .,0,1,train,không nên thêm bảng băm vào môn này,Tiêu cực,Chương trình,8
"không đảm bảo được thời gian lên lớp , giờ học lung tung .",0,1,train,không đảm bảo được thời gian lên lớp giờ học lung tung,Tiêu cực,Chương trình,12
nghe tiếng anh nhiều .,2,1,train,nghe tiếng anh nhiều,Trung lập,Chương trình,4
đối với môn này thì khá hữu ích cho sinh viên trong đời sống xã hội hay trong công việc .,1,1,train,đối với môn này thì khá hữu ích cho sinh viên trong đời sống xã hội hay trong công việc,Tích cực,Chương trình,20
"không có giải thích rõ , cụ thể về bài tập .",0,1,train,không có giải thích rõ cụ thể về bài tập,Tiêu cực,Chương trình,10
chất lượng đào tạo rất tốt .,1,1,train,chất lượng đào tạo rất tốt,Tích cực,Chương trình,6
"nên thực hành những thứ dễ tiếp thu bài học lý thuyết trước đó , và có cuộc thi cộng điểm cho những ai làm thêm bài tập hoặc chương trình .",0,1,train,nên thực hành những thứ dễ tiếp thu bài học lý thuyết trước đó và có cuộc thi cộng điểm cho những ai làm thêm bài tập hoặc chương trình,Tiêu cực,Chương trình,30
cho luyện hơi ít bài tập .,0,1,train,cho luyện hơi ít bài tập,Tiêu cực,Chương trình,6
chưa có hoạt động nhóm .,0,1,train,chưa có hoạt động nhóm,Tiêu cực,Chương trình,5
chưa thật sự dễ hiểu .,0,1,train,chưa thật sự dễ hiểu,Tiêu cực,Chương trình,5
cần thực hành môn học nhiều hơn .,0,1,train,cần thực hành môn học nhiều hơn,Tiêu cực,Chương trình,7
"có nhiều kiến thức thực tiễn , phù hợp với môi trường làm việc hiện đại .",1,1,train,có nhiều kiến thức thực tiễn phù hợp với môi trường làm việc hiện đại,Tích cực,Chương trình,15
tăng cường speaking trong giờ học .,0,1,train,tăng cường speaking trong giờ học,Tiêu cực,Chương trình,6
thực hành với lý thuyết có vẻ không có liên quan với nhau .,0,1,train,thực hành với lý thuyết có vẻ không có liên quan với nhau,Tiêu cực,Chương trình,13
em thấy môn này không áp dụng thực tế đối với trường mình .,0,1,train,em thấy môn này không áp dụng thực tế đối với trường mình,Tiêu cực,Chương trình,13
làm chủ đề đồ án nhóm .,2,1,train,làm chủ đề đồ án nhóm,Trung lập,Chương trình,6
"thiết kế và trình bày bài giảng mạch lạc , ngắn gọn , chi tiết giúp sinh viên dễ nắm bắt làm quen các khái niệm trong xác suất thống kê .",1,1,train,thiết kế và trình bày bài giảng mạch lạc ngắn gọn chi tiết giúp sinh viên dễ nắm bắt làm quen các khái niệm trong xác suất thống kê,Tích cực,Chương trình,29
slide bài giảng đầy đủ .,1,1,train,slide bài giảng đầy đủ,Tích cực,Chương trình,5
cần đưa ra những ứng dụng thực tế để có thể hiểu dễ dàng hơn .,0,1,train,cần đưa ra những ứng dụng thực tế để có thể hiểu dễ dàng hơn,Tiêu cực,Chương trình,15
"nội dung học vừa phải , không quá nặng cũng như không quá nhẹ .",1,1,train,nội dung học vừa phải không quá nặng cũng như không quá nhẹ,Tích cực,Chương trình,13
"nội dung môn học quá nhiều so với thời lượng một học kỳ , môn trong toàn bộ chương trình đào tạo thì chỉ có duy nhất môn này liên quan đến tín hiệu số và là một phần khá quan trọng trong kỹ năng kiến thức cần có , nhưng thời lượng bố trí chỉ có một học kỳ và chỉ một môn , khiến nội dung phải nhồi nhét khá nhiều , kiến thức chỉ ở cơ bản và không thể chuyên sâu được .",0,1,train,nội dung môn học quá nhiều so với thời lượng một học kỳ môn trong toàn bộ chương trình đào tạo thì chỉ có duy nhất môn này liên quan đến tín hiệu số và là một phần khá quan trọng trong kỹ năng kiến thức cần có nhưng thời lượng bố trí chỉ có một học kỳ và chỉ một môn khiến nội dung phải nhồi nhét khá nhiều kiến thức chỉ ở cơ bản và không thể chuyên sâu được,Tiêu cực,Chương trình,82
vui nhộn trong giờ học .,1,1,train,vui nhộn trong giờ học,Tích cực,Chương trình,5
khi gộp lại chương trình trở nên nhiều và rộng .,0,1,train,khi gộp lại chương trình trở nên nhiều và rộng,Tiêu cực,Chương trình,10
"em tham gia đầy đủ buổi học của lớp này , em không có một chút hài lòng về môn học này .",0,1,train,em tham gia đầy đủ buổi học của lớp này em không có một chút hài lòng về môn học này,Tiêu cực,Chương trình,21
môn học không bổ trợ cho sinh viên khả năng làm việc sau này .,0,1,train,môn học không bổ trợ cho sinh viên khả năng làm việc sau này,Tiêu cực,Chương trình,14
cần bỏ môn xác suất thống kê thay bằng học lập trình trực quan để sinh viên có thể dễ tiếp thu kiến thức .,0,1,train,cần bỏ môn xác suất thống kê thay bằng học lập trình trực quan để sinh viên có thể dễ tiếp thu kiến thức,Tiêu cực,Chương trình,24
không hài lòng là ở việc người dạy lý thuyết với người thực hành khác nhau .,0,1,train,không hài lòng là ở việc người dạy lý thuyết với người thực hành khác nhau,Tiêu cực,Chương trình,16
nội dung thi khá nặng so với sinh viên không chuyên .,0,1,train,nội dung thi khá nặng so với sinh viên không chuyên,Tiêu cực,Chương trình,11
"thực hành mạng cần cung cấp tài liệu thực hành trước , những câu hỏi trong thực hành cần cho sinh viên biết để tìm hiểu nghiên cứu trước chứ đến khi thực hành mới cho biết để nghiên cứu thật sự không hiểu quả .",0,1,train,thực hành mạng cần cung cấp tài liệu thực hành trước những câu hỏi trong thực hành cần cho sinh viên biết để tìm hiểu nghiên cứu trước chứ đến khi thực hành mới cho biết để nghiên cứu thật sự không hiểu quả,Tiêu cực,Chương trình,44
đôi khi để giờ trống nhiều .,0,1,train,đôi khi để giờ trống nhiều,Tiêu cực,Chương trình,6
sinh viên chưa thể hình dung và tiếp thu hết được tất cả nội dung .,0,1,train,sinh viên chưa thể hình dung và tiếp thu hết được tất cả nội dung,Tiêu cực,Chương trình,15
"mong nhà trường luôn cập nhật giáo trình giảng dạy phù hợp , nên phân bổ thời gian nhiều hơn cho hoạt động giao tiếp trên lớp .",0,1,train,mong nhà trường luôn cập nhật giáo trình giảng dạy phù hợp nên phân bổ thời gian nhiều hơn cho hoạt động giao tiếp trên lớp,Tiêu cực,Chương trình,26
nên bỏ thực hành hình thức 2 đối với môn này .,0,1,train,nên bỏ thực hành hình thức 2 đối với môn này,Tiêu cực,Chương trình,11
"mỗi buổi thực hành sinh viên chỉ có nhiệm vụ download bài tập từ courses và tự làm , giảng viên không giảng nội dung thực hành cho sinh viên hiểu , chỉ khi sinh viên hỏi thì mới trả lời , mỗi buổi học thực hành , giảng viên cần phải giới thiệu sơ về bài học , mục tiêu và kết quả sinh viên sẽ học được gì .",0,1,train,mỗi buổi thực hành sinh viên chỉ có nhiệm vụ download bài tập từ courses và tự làm giảng viên không giảng nội dung thực hành cho sinh viên hiểu chỉ khi sinh viên hỏi thì mới trả lời mỗi buổi học thực hành giảng viên cần phải giới thiệu sơ về bài học mục tiêu và kết quả sinh viên sẽ học được gì,Tiêu cực,Chương trình,65
tuy nhiên môn học khá khó nên lớp hiểu không hết kiến thức trong bài học được .,0,1,train,tuy nhiên môn học khá khó nên lớp hiểu không hết kiến thức trong bài học được,Tiêu cực,Chương trình,17
nên đầu tư nhiều đầu sách tiếng anh cho thư viện trường .,0,1,train,nên đầu tư nhiều đầu sách tiếng anh cho thư viện trường,Tiêu cực,Chương trình,12
cuối cùng sinh viên đóng tiền các tín chỉ học thực hành theo hình thức 2 nhưng thực tế chẳng được học một phút nào .,0,1,train,cuối cùng sinh viên đóng tiền các tín chỉ học thực hành theo hình thức 2 nhưng thực tế chẳng được học một phút nào,Tiêu cực,Chương trình,25
"chứ chép bài tập rất mất thời gian , đã thế mỗi lần chép là mấy chụp bài !",0,1,train,chứ chép bài tập rất mất thời gian đã thế mỗi lần chép là mấy chụp bài,Tiêu cực,Chương trình,17
"cần có tài liệu để đọc thêm , tự học .",0,1,train,cần có tài liệu để đọc thêm tự học,Tiêu cực,Chương trình,9
môn này là bị trùng hoặc thừa vì mấy môn trước như lập trình mạng với đồ án vô số sinh viên đã tự học cái này rồi .,0,1,train,môn này là bị trùng hoặc thừa vì mấy môn trước như lập trình mạng với đồ án vô số sinh viên đã tự học cái này rồi,Tiêu cực,Chương trình,28
tài liệu giấy đầy đủ nhưng thứ tự bài chưa được cập nhật theo chương trình giảng .,0,1,train,tài liệu giấy đầy đủ nhưng thứ tự bài chưa được cập nhật theo chương trình giảng,Tiêu cực,Chương trình,17
nên cho mỗi thành viên trong nhóm làm báo cáo riêng để không ai thiệt thòi và ỷ lại .,0,1,train,nên cho mỗi thành viên trong nhóm làm báo cáo riêng để không ai thiệt thòi và ỷ lại,Tiêu cực,Chương trình,19
cần thực hành và làm bài tập nhiều hơn nữa .,0,1,train,cần thực hành và làm bài tập nhiều hơn nữa,Tiêu cực,Chương trình,10
"so vời những môn học khác , môn học của thầy chiếm hơn 50% thời gian làm bài tập trong một tuần của bọn em , làm cho tụi em cảm thấy không hoàn toàn thực tế em nghĩ nếu để thời gian làm bài tập đó để củng cố đồ án thì tốt hơn rất nhiều .",0,1,train,so vời những môn học khác môn học của thầy chiếm hơn 50 thời gian làm bài tập trong một tuần của bọn em làm cho tụi em cảm thấy không hoàn toàn thực tế em nghĩ nếu để thời gian làm bài tập đó để củng cố đồ án thì tốt hơn rất nhiều,Tiêu cực,Chương trình,55
và sinh viên lên trường cũng chỉ tự làm như vậy thì ở nhà làm còn sướng hơn !,0,1,train,và sinh viên lên trường cũng chỉ tự làm như vậy thì ở nhà làm còn sướng hơn,Tiêu cực,Chương trình,18
cần có thêm tài liệu cụ thể và cập nhật mới .,0,1,train,cần có thêm tài liệu cụ thể và cập nhật mới,Tiêu cực,Chương trình,11
cần có đề cương rõ ràng cho sinh viên nắm bắt .,0,1,train,cần có đề cương rõ ràng cho sinh viên nắm bắt,Tiêu cực,Chương trình,11
các buổi thuyết trình .,2,1,train,các buổi thuyết trình,Trung lập,Chương trình,4
1 tín chỉ thực hành 2 tín chỉ học phí .,2,1,train,1 tín chỉ thực hành 2 tín chỉ học phí,Trung lập,Chương trình,10
"slide môn học hoặc các tài liệu cần rõ ràng hơn nữa , nhiều phần rất khó hiểu nhưng lại rất ít kiến thức về nó , làm sinh viên không thể hiểu được bản chất của bài đó .",0,1,train,slide môn học hoặc các tài liệu cần rõ ràng hơn nữa nhiều phần rất khó hiểu nhưng lại rất ít kiến thức về nó làm sinh viên không thể hiểu được bản chất của bài đó,Tiêu cực,Chương trình,37
đôi khi bài giảng giảng viên thực hiện hơi chán không được cuốn hút .,0,1,train,đôi khi bài giảng giảng viên thực hiện hơi chán không được cuốn hút,Tiêu cực,Chương trình,14
"chương trình học không mang lại hiệu quả , chỉ mang tính chất đối phó , sinh viên không học hỏi và có thêm kinh nghiệm nhiều khi đi học thực hành .",0,1,train,chương trình học không mang lại hiệu quả chỉ mang tính chất đối phó sinh viên không học hỏi và có thêm kinh nghiệm nhiều khi đi học thực hành,Tiêu cực,Chương trình,30
và quá nhiều dạng bài tập nên làm chúng em hơi khó hiểu .,0,1,train,và quá nhiều dạng bài tập nên làm chúng em hơi khó hiểu,Tiêu cực,Chương trình,13
"môn học rất hay , thiết thực .",1,1,train,môn học rất hay thiết thực,Tích cực,Chương trình,6
nên có nhiều dụng cụ cho sinh viên thực hành hơn với sĩ số lớp đông .,0,1,train,nên có nhiều dụng cụ cho sinh viên thực hành hơn với sĩ số lớp đông,Tiêu cực,Chương trình,16
"tài liệu nên được biên soạn tốt hơn vì những slide của thầy có nhiều câu giống như dùng google dịch rồi copy qua vậy , trong slide cũng có nhiều chỗ sai sót , khi dạy thì thầy mới phát hiện sai .",0,1,train,tài liệu nên được biên soạn tốt hơn vì những slide của thầy có nhiều câu giống như dùng google dịch rồi copy qua vậy trong slide cũng có nhiều chỗ sai sót khi dạy thì thầy mới phát hiện sai,Tiêu cực,Chương trình,41
cần nêu rõ mối liên hệ giữa môn này với chuyên ngành đang theo học .,0,1,train,cần nêu rõ mối liên hệ giữa môn này với chuyên ngành đang theo học,Tiêu cực,Chương trình,15
slide bài giảng nên sử dụng hoàn toàn bằng tiếng anh thay vì sử dụng nửa việt nửa anh như hiện nay để tránh gây khó hiểu cho sinh viên .,0,1,train,slide bài giảng nên sử dụng hoàn toàn bằng tiếng anh thay vì sử dụng nửa việt nửa anh như hiện nay để tránh gây khó hiểu cho sinh viên,Tiêu cực,Chương trình,30
"đề cương khó hiểu , không có tài liệu tham khảo kể cả tài liệu nước ngoài .",0,1,train,đề cương khó hiểu không có tài liệu tham khảo kể cả tài liệu nước ngoài,Tiêu cực,Chương trình,16
em không học được bất kỳ kiến thức gì ở môn này .,0,1,train,em không học được bất kỳ kiến thức gì ở môn này,Tiêu cực,Chương trình,12
các hoạt động thi đua các nhóm trên lớp với nhau .,2,1,train,các hoạt động thi đua các nhóm trên lớp với nhau,Trung lập,Chương trình,11
"nội dung thực hành còn khá nhẹ , tôi muốn nó nhiều và khó hơn để được nghiên cứu nhiều khía cạnh hơn của môn học .",0,1,train,nội dung thực hành còn khá nhẹ tôi muốn nó nhiều và khó hơn để được nghiên cứu nhiều khía cạnh hơn của môn học,Tiêu cực,Chương trình,25
phân bố lại chương trình vì bài khá dài .,0,1,train,phân bố lại chương trình vì bài khá dài,Tiêu cực,Chương trình,9
không có y kiến .,2,1,train,không có y kiến,Trung lập,Chương trình,4
thực sự môn này chiếm 85% thời gian học mà trong khi đó bài báo cáo chỉ chiếm 15% trong tổng số điểm .,0,1,train,thực sự môn này chiếm 85 thời gian học mà trong khi đó bài báo cáo chỉ chiếm 15 trong tổng số điểm,Tiêu cực,Chương trình,23
học nhóm .,2,1,train,học nhóm,Trung lập,Chương trình,2
cần có các ví dụ minh họa thực tế bên ngoài nhiều hơn .,0,1,train,cần có các ví dụ minh họa thực tế bên ngoài nhiều hơn,Tiêu cực,Chương trình,13
nên có nhiều bài tập hơn !,0,1,train,nên có nhiều bài tập hơn,Tiêu cực,Chương trình,6
đề nghị đề thi cần phân ra mức độ dễ khó dễ rõ ràng hơn .,0,1,train,đề nghị đề thi cần phân ra mức độ dễ khó dễ rõ ràng hơn,Tiêu cực,Chương trình,15
môn này nên kết hợp lồng ghép với môn thực hành điện điện tử môn này đã học trong học kỳ 5 .,0,1,train,môn này nên kết hợp lồng ghép với môn thực hành điện điện tử môn này đã học trong học kỳ 5,Tiêu cực,Chương trình,22
"vừa đọc slide vừa giảng , dễ gây buồn ngủ và hơi khó hiểu .",0,1,train,vừa đọc slide vừa giảng dễ gây buồn ngủ và hơi khó hiểu,Tiêu cực,Chương trình,13
"nếu có thì nên mở lớp nâng cao web , như xử lý truy cập lớn , phân bố cơ sở dữ liệu có ích cho việc ra làm hơn .",0,1,train,nếu có thì nên mở lớp nâng cao web như xử lý truy cập lớn phân bố cơ sở dữ liệu có ích cho việc ra làm hơn,Tiêu cực,Chương trình,28
nên lồng ghép các trò chơi nhỏ vào buổi học để tăng hứng thú cho sinh viên .,0,1,train,nên lồng ghép các trò chơi nhỏ vào buổi học để tăng hứng thú cho sinh viên,Tiêu cực,Chương trình,17
tiết học vui vẻ .,1,1,train,tiết học vui vẻ,Tích cực,Chương trình,4
em muốn được hiểu rõ những ứng dụng của môn học này vào ngành học mà chúng ta đang học là gì .,0,1,train,em muốn được hiểu rõ những ứng dụng của môn học này vào ngành học mà chúng ta đang học là gì,Tiêu cực,Chương trình,22
cần rèn luyện thêm kỹ năng làm bài thi hơn cho sinh viên nên thường xuyên giải các đề và làm nhiều bài tập liên quan đến ngữ pháp hơn .,0,1,train,cần rèn luyện thêm kỹ năng làm bài thi hơn cho sinh viên nên thường xuyên giải các đề và làm nhiều bài tập liên quan đến ngữ pháp hơn,Tiêu cực,Chương trình,30
"cung cấp phương pháp học tập hiệu quả , thân thiện , vui vẻ với sinh viên .",1,1,train,cung cấp phương pháp học tập hiệu quả thân thiện vui vẻ với sinh viên,Tích cực,Chương trình,15
"không áp dụng vào đời sống nhiều , phân chia thời gian học chưa hợp lý .",0,1,train,không áp dụng vào đời sống nhiều phân chia thời gian học chưa hợp lý,Tiêu cực,Chương trình,15
không có sự lôi cuốn và thu hút trong cách giảng .,0,1,train,không có sự lôi cuốn và thu hút trong cách giảng,Tiêu cực,Chương trình,11
"môn học rất bổ ích , tuy là lý thuyết rất nhiều , nhưng trong những chương giảng dạy cũng nên có một vài bài tập đơn giảng để vận dụng bài tập vào thực tiễn và thông qua bài tập đó có thể rút ra kinh nghiệm làm việc .",0,1,train,môn học rất bổ ích tuy là lý thuyết rất nhiều nhưng trong những chương giảng dạy cũng nên có một vài bài tập đơn giảng để vận dụng bài tập vào thực tiễn và thông qua bài tập đó có thể rút ra kinh nghiệm làm việc,Tiêu cực,Chương trình,48
em đề nghị trường mình nên áp dung hình thức thực hành động .,0,1,train,em đề nghị trường mình nên áp dung hình thức thực hành động,Tiêu cực,Chương trình,13
cần quan tâm nhiều hơn về vấn đề bài tập .,0,1,train,cần quan tâm nhiều hơn về vấn đề bài tập,Tiêu cực,Chương trình,10
thêm nhiều tài liệu cho sinh viên .,0,1,train,thêm nhiều tài liệu cho sinh viên,Tiêu cực,Chương trình,7
nên thêm máy tính thực trong phòng thực hành .,0,1,train,nên thêm máy tính thực trong phòng thực hành,Tiêu cực,Chương trình,9
cần thống nhất giữa nội dung lý thuyết và phần thực hành học từ trên xuống mà thực hành thì dưới lên gây khó khăn cho sinh viên .,0,1,train,cần thống nhất giữa nội dung lý thuyết và phần thực hành học từ trên xuống mà thực hành thì dưới lên gây khó khăn cho sinh viên,Tiêu cực,Chương trình,28
thuộc bài một cách máy móc và trình bày không tự nhiên nhưng điểm vẫn cao .,0,1,train,thuộc bài một cách máy móc và trình bày không tự nhiên nhưng điểm vẫn cao,Tiêu cực,Chương trình,16
ít cho bài tập về nhà .,0,1,train,ít cho bài tập về nhà,Tiêu cực,Chương trình,6
"hình thức , các hoạt động học tập phong phú .",1,1,train,hình thức các hoạt động học tập phong phú,Tích cực,Chương trình,9
thời gian chỉ được phân bổ 2 tiết nên vừa mất thời gian lại không có thời gian để giảng thêm nhiều vấn đề .,0,1,train,thời gian chỉ được phân bổ 2 tiết nên vừa mất thời gian lại không có thời gian để giảng thêm nhiều vấn đề,Tiêu cực,Chương trình,24
có nhiều nguồn tài liệu slide bài giảng .,1,1,train,có nhiều nguồn tài liệu slide bài giảng,Tích cực,Chương trình,8
"môn học nên bám sát vào nội dung , mục đích cuối cùng thay vì giảng dạy lý thuyết tràn lan .",0,1,train,môn học nên bám sát vào nội dung mục đích cuối cùng thay vì giảng dạy lý thuyết tràn lan,Tiêu cực,Chương trình,20
cần có tiết sửa bài tập .,0,1,train,cần có tiết sửa bài tập,Tiêu cực,Chương trình,6
có thêm các mô hình thực tế cho sinh viên .,0,1,train,có thêm các mô hình thực tế cho sinh viên,Tiêu cực,Chương trình,10
"điểm danh , làm bài kiểm tra thường xuyên trong các buổi học .",2,1,train,điểm danh làm bài kiểm tra thường xuyên trong các buổi học,Trung lập,Chương trình,12
thực hành không liên quan gì lý thuyết .,0,1,train,thực hành không liên quan gì lý thuyết,Tiêu cực,Chương trình,8
"nội dung chương trình học cần rõ ràng hơn , cần cập nhật chương trình học , nội dung bài giảng trên slide còn lủng củng .",0,1,train,nội dung chương trình học cần rõ ràng hơn cần cập nhật chương trình học nội dung bài giảng trên slide còn lủng củng,Tiêu cực,Chương trình,24
cập những những kiến thức mới ở ngoài vào giảng dạy .,1,1,train,cập những những kiến thức mới ở ngoài vào giảng dạy,Tích cực,Chương trình,11
mong trong học kỳ tới thì chất lượng giảng dạy sẽ cải thiện hơn .,0,1,train,mong trong học kỳ tới thì chất lượng giảng dạy sẽ cải thiện hơn,Tiêu cực,Chương trình,14
cung cấp tài liệu tự học nhiều hơn .,0,1,train,cung cấp tài liệu tự học nhiều hơn,Tiêu cực,Chương trình,8
nên có nhiều tiết làm bài tập hơn .,0,1,train,nên có nhiều tiết làm bài tập hơn,Tiêu cực,Chương trình,8
các đường link tham khảo không đáp ứng tốt nhu cầu giải quyết vấn đề .,0,1,train,các đường link tham khảo không đáp ứng tốt nhu cầu giải quyết vấn đề,Tiêu cực,Chương trình,15
bài tập thực hành mang tính vận dung cao những kiến thức đã học và sự hướng dẫn tận tình của giàng viên .,1,1,train,bài tập thực hành mang tính vận dung cao những kiến thức đã học và sự hướng dẫn tận tình của giàng viên,Tích cực,Chương trình,23
lớp học đăng ký lúc đầu gần 10 người nhưng sau 2 ngày thì đi học chỉ còn khoảng từ 15 - 20 sinh viên học .,0,1,train,lớp học đăng ký lúc đầu gần 10 người nhưng sau 2 ngày thì đi học chỉ còn khoảng từ 15 20 sinh viên học,Tiêu cực,Chương trình,25
"giống giải tích 1 , không biết được mục tiêu đạt được môn học .",0,1,train,giống giải tích 1 không biết được mục tiêu đạt được môn học,Tiêu cực,Chương trình,13
nên bỏ hình thức thực hành 2 này .,0,1,train,nên bỏ hình thức thực hành 2 này,Tiêu cực,Chương trình,8
"deadline cho rất ngắn , học buổi chiều và deadline vào lúc 23h59 cùng ngày .",0,1,train,deadline cho rất ngắn học buổi chiều và deadline vào lúc 23h59 cùng ngày,Tiêu cực,Chương trình,14
cần có đề cương rõ ràng ngay từ đầu .,0,1,train,cần có đề cương rõ ràng ngay từ đầu,Tiêu cực,Chương trình,9
"sinh viên khó có thể tự tìm hiểu để học môn này tốt được , trong khi môn này là môn chính của chuyên ngành .",0,1,train,sinh viên khó có thể tự tìm hiểu để học môn này tốt được trong khi môn này là môn chính của chuyên ngành,Tiêu cực,Chương trình,24
bài tập thực hành có nhiều câu quá khó .,0,1,train,bài tập thực hành có nhiều câu quá khó,Tiêu cực,Chương trình,9
nâng cao khả năng tự học của sinh viên .,1,1,train,nâng cao khả năng tự học của sinh viên,Tích cực,Chương trình,9
mặc dù điểm thi em không cao do em làm bài không dò lại coloncontemn .,2,1,train,mặc dù điểm thi em không cao do em làm bài không dò lại coloncontemn,Trung lập,Chương trình,15
thời gian học ít .,0,1,train,thời gian học ít,Tiêu cực,Chương trình,4
cần nhiều tiết học hơn để giáo viên sửa bài trên lớp .,0,1,train,cần nhiều tiết học hơn để giáo viên sửa bài trên lớp,Tiêu cực,Chương trình,12
sinh viên thực hiện làm bài tập theo nhóm .,2,1,train,sinh viên thực hiện làm bài tập theo nhóm,Trung lập,Chương trình,9
"bài tập thầy cho quá nhiều , xong chưa có trọng tâm và quá nhiều lý thuyết dẫn đến thời gian thực hành kém .",0,1,train,bài tập thầy cho quá nhiều xong chưa có trọng tâm và quá nhiều lý thuyết dẫn đến thời gian thực hành kém,Tiêu cực,Chương trình,23
để cải tiến chất lượng môn học em nghĩ nên có thêm tài liệu cũng như bài giải để sinh viên có thể tự học thêm và tiếp thu hiệu quả .,0,1,train,để cải tiến chất lượng môn học em nghĩ nên có thêm tài liệu cũng như bài giải để sinh viên có thể tự học thêm và tiếp thu hiệu quả,Tiêu cực,Chương trình,31
tài liệu tiếng anh nên gây một chút khó khăn cho sinh viên .,0,1,train,tài liệu tiếng anh nên gây một chút khó khăn cho sinh viên,Tiêu cực,Chương trình,13
hy vọng trong học kỳ tới nhà trường sẽ nâng cao chất lượng dạy và học hơn .,0,1,train,hy vọng trong học kỳ tới nhà trường sẽ nâng cao chất lượng dạy và học hơn,Tiêu cực,Chương trình,17
"thực ra mà nói , chúng em đóng tiền thực hành 320k trên 1 chỉ , nhưng các giờ thực hành chưa tốt .",0,1,train,thực ra mà nói chúng em đóng tiền thực hành 320k trên 1 chỉ nhưng các giờ thực hành chưa tốt,Tiêu cực,Chương trình,21
"nên tăng cường cọ sát cho sinh viên trong môn học này , như làm việc nhóm và thuyết trình .",0,1,train,nên tăng cường cọ sát cho sinh viên trong môn học này như làm việc nhóm và thuyết trình,Tiêu cực,Chương trình,19
học song song lý thuyết và thực hành để kiến thức được củng cố hơn .,0,1,train,học song song lý thuyết và thực hành để kiến thức được củng cố hơn,Tiêu cực,Chương trình,15
cập nhập thêm tài liệu mới .,0,1,train,cập nhập thêm tài liệu mới,Tiêu cực,Chương trình,6
"khoa nên liên hệ các doanh nghiệp để sinh viên có điều kiện trải nghiệm việc lấy requirement thực tế của một doanh nghiệp , như thế môn học sẽ thú vị và giúp sinh viên có kỹ năng tốt hơn .",0,1,train,khoa nên liên hệ các doanh nghiệp để sinh viên có điều kiện trải nghiệm việc lấy requirement thực tế của một doanh nghiệp như thế môn học sẽ thú vị và giúp sinh viên có kỹ năng tốt hơn,Tiêu cực,Chương trình,40
slide rõ ràng cụ thể .,1,1,train,slide rõ ràng cụ thể,Tích cực,Chương trình,5
"cô dễ thương , dạy quá có tâm .",1,1,train,cô dễ thương dạy quá có tâm,Tích cực,Chương trình,7
"môn học đi sát vào thực tế tránh rập khuôn , khô cứng .",0,1,train,môn học đi sát vào thực tế tránh rập khuôn khô cứng,Tiêu cực,Chương trình,12
"ngoài ra , em mong môn học này chú trọng đơn thuần nhiều hơn về việc lập trình và lập trình trực quan , chú trọng trong việc xử lý source code và cách lập trình của sinh viên ( của đồ án ) .",0,1,train,ngoài ra em mong môn học này chú trọng đơn thuần nhiều hơn về việc lập trình và lập trình trực quan chú trọng trong việc xử lý source code và cách lập trình của sinh viên của đồ án,Tiêu cực,Chương trình,40
"slide bài giảng cứng nhắc , không trực quan , khó nắm bắt được nội dung bài học .",0,1,train,slide bài giảng cứng nhắc không trực quan khó nắm bắt được nội dung bài học,Tiêu cực,Chương trình,16
"nói chung , tôi và bạn bè sau khi học môn nay đã từ bỏ lập trình android .",0,1,train,nói chung tôi và bạn bè sau khi học môn nay đã từ bỏ lập trình android,Tiêu cực,Chương trình,17
nên tăng tỷ lệ của đồ án môn học trong điểm trung bình lên sẽ đánh giá khách quan hơn kết quả học tập của sinh viên .,0,1,train,nên tăng tỷ lệ của đồ án môn học trong điểm trung bình lên sẽ đánh giá khách quan hơn kết quả học tập của sinh viên,Tiêu cực,Chương trình,27
"nên thực hành speaking nhiều hơn và phân bổ thời gian học grammar , cũng như phân thêm thời gian học hoặc nghe phần listening .",0,1,train,nên thực hành speaking nhiều hơn và phân bổ thời gian học grammar cũng như phân thêm thời gian học hoặc nghe phần listening,Tiêu cực,Chương trình,24
chưa thể hiện được nhiều lợi ích của môn học .,0,1,train,chưa thể hiện được nhiều lợi ích của môn học,Tiêu cực,Chương trình,10
"bài tập thực hành cần nêu yêu cầu rõ ràng , không mơ hồ , cần cập nhật , có hướng dẫn cụ thể .",0,1,train,bài tập thực hành cần nêu yêu cầu rõ ràng không mơ hồ cần cập nhật có hướng dẫn cụ thể,Tiêu cực,Chương trình,21
nên sắp lịch học phù hợp .,0,1,train,nên sắp lịch học phù hợp,Tiêu cực,Chương trình,6
lớp học thực hành luôn duy trì sĩ số 10 - 50 sinh viên .,2,1,train,lớp học thực hành luôn duy trì sĩ số 10 50 sinh viên,Trung lập,Chương trình,13
hiểu được các kiến thức quan trọng của môn học .,1,1,train,hiểu được các kiến thức quan trọng của môn học,Tích cực,Chương trình,10
"kính mong nhà trường có thể tăng thời lương môn học lên 1 - 2 tiết vì đây là một môn khá khó , sinh viên cần nhiều thời gian hơn để nắm bắt kiến thức và luyện tập vận dụng kiến thức .",0,1,train,kính mong nhà trường có thể tăng thời lương môn học lên 1 2 tiết vì đây là một môn khá khó sinh viên cần nhiều thời gian hơn để nắm bắt kiến thức và luyện tập vận dụng kiến thức,Tiêu cực,Chương trình,41
môn học cần tổng hợp các kiến thức vào đầu năm để sinh viên có thể nắm bắt theo dõi khi không may nghỉ học một buổi vì lý do chính đáng .,0,1,train,môn học cần tổng hợp các kiến thức vào đầu năm để sinh viên có thể nắm bắt theo dõi khi không may nghỉ học một buổi vì lý do chính đáng,Tiêu cực,Chương trình,32
giáo trình hợp lý chất lượng cao .,1,1,train,giáo trình hợp lý chất lượng cao,Tích cực,Chương trình,7
nên cập nhật những phần mềm mới .,0,1,train,nên cập nhật những phần mềm mới,Tiêu cực,Chương trình,7
sinh viên bọn em không chỉ được thực hành những kiến thức ở lớp lý thuyết mà còn được đi sâu hơn và được biết thêm những kiến thức mới .,1,1,train,sinh viên bọn em không chỉ được thực hành những kiến thức ở lớp lý thuyết mà còn được đi sâu hơn và được biết thêm những kiến thức mới,Tích cực,Chương trình,30
slide không đầy đủ khó khăn khi xem lại kiến thức .,0,1,train,slide không đầy đủ khó khăn khi xem lại kiến thức,Tiêu cực,Chương trình,11
đôi chỗ khó hiểu .,0,1,train,đôi chỗ khó hiểu,Tiêu cực,Chương trình,4
thật sự để đánh giá tổng quát được chất lượng đào tạo thì có lẽ một sinh viên phải học qua nhiều giáo viên mới có cái nhìn tổng quát về cách giảng dạy và chất lượng .,0,1,train,thật sự để đánh giá tổng quát được chất lượng đào tạo thì có lẽ một sinh viên phải học qua nhiều giáo viên mới có cái nhìn tổng quát về cách giảng dạy và chất lượng,Tiêu cực,Chương trình,37
deadline quá nhiều và khoảng cách giữa các bài deadline quá gần .,0,1,train,deadline quá nhiều và khoảng cách giữa các bài deadline quá gần,Tiêu cực,Chương trình,12
các dùng từ ngữ của giảng viên có hơi khó hiểu nên thỉnh thoảng giảng bài làm sinh viên bối rối và không hiểu được nội dung bài học .,0,1,train,các dùng từ ngữ của giảng viên có hơi khó hiểu nên thỉnh thoảng giảng bài làm sinh viên bối rối và không hiểu được nội dung bài học,Tiêu cực,Chương trình,29
ra đề khó .,0,1,train,ra đề khó,Tiêu cực,Chương trình,3
bài giảng sống động .,1,1,train,bài giảng sống động,Tích cực,Chương trình,4
tránh lãng phí thời gian làm bài cũng như học tập .,0,1,train,tránh lãng phí thời gian làm bài cũng như học tập,Tiêu cực,Chương trình,11
"rút kinh nghiệm về sau , em sẽ ở nhà code bài cờ tướng và đọc slide và không cần lên lớp quá chuyên cần nữa .",0,1,train,rút kinh nghiệm về sau em sẽ ở nhà code bài cờ tướng và đọc slide và không cần lên lớp quá chuyên cần nữa,Tiêu cực,Chương trình,25
"em cảm thấy nếu có lộ trình để áp dụng phương pháp này một cách cụ thể thì nên áp dụng , còn không thì cứ theo phương pháp truyền thống đi ạ !",0,1,train,em cảm thấy nếu có lộ trình để áp dụng phương pháp này một cách cụ thể thì nên áp dụng còn không thì cứ theo phương pháp truyền thống đi ạ,Tiêu cực,Chương trình,32
tính chất môn học là code trực tiếp trên phần mềm dreamweaver và code sửa đi sửa lại để làm cho sinh viên hiểu .,0,1,train,tính chất môn học là code trực tiếp trên phần mềm dreamweaver và code sửa đi sửa lại để làm cho sinh viên hiểu,Tiêu cực,Chương trình,24
phòng học có số lượng sinh viên quá đông .,0,1,train,phòng học có số lượng sinh viên quá đông,Tiêu cực,Chương trình,9
tăng độ khó lên quá nhanh .,0,1,train,tăng độ khó lên quá nhanh,Tiêu cực,Chương trình,6
nâng cao hơn nữa công tác giảng dạy .,0,1,train,nâng cao hơn nữa công tác giảng dạy,Tiêu cực,Chương trình,8
1 chỉ thực hành chỉ còn ý nghĩa tượng trưng .,0,1,train,1 chỉ thực hành chỉ còn ý nghĩa tượng trưng,Tiêu cực,Chương trình,10
tăng cường speaking .,0,1,train,tăng cường speaking,Tiêu cực,Chương trình,3
"nhưng sẽ chẳng ai học nổi , nhưng một bài dạy trong một tiết thì điều đó cực kỳ tốt , để sinh viên không mất quá nhiều thì giờ cũng như giảng viên .",0,1,train,nhưng sẽ chẳng ai học nổi nhưng một bài dạy trong một tiết thì điều đó cực kỳ tốt để sinh viên không mất quá nhiều thì giờ cũng như giảng viên,Tiêu cực,Chương trình,32
"không cập nhật tin tức trên moodle , không mở diễn đàn trao đổi .",0,1,train,không cập nhật tin tức trên moodle không mở diễn đàn trao đổi,Tiêu cực,Chương trình,13
"không vào đúng môn học , còn quá mông lung .",0,1,train,không vào đúng môn học còn quá mông lung,Tiêu cực,Chương trình,9
lượng kiến thức truyền tải cho học sinh đầy đủ .,1,1,train,lượng kiến thức truyền tải cho học sinh đầy đủ,Tích cực,Chương trình,10
"tiếp cận với kiến thức thực tế , nâng cao khả năng tự học , nghiên cứu .",1,1,train,tiếp cận với kiến thức thực tế nâng cao khả năng tự học nghiên cứu,Tích cực,Chương trình,15
yêu cầu quá cao về quá trình làm đồ án .,0,1,train,yêu cầu quá cao về quá trình làm đồ án,Tiêu cực,Chương trình,10
nên tăng thời lượng học các kỹ năng này .,0,1,train,nên tăng thời lượng học các kỹ năng này,Tiêu cực,Chương trình,9
chúng em phải thuyết trình nhiều nhưng chưa có tổng hợp kiến thức sau buổi học .,0,1,train,chúng em phải thuyết trình nhiều nhưng chưa có tổng hợp kiến thức sau buổi học,Tiêu cực,Chương trình,16
quy mô dự án quá lớn mà phải thực hiện trong một thời gian ngắn và việc quản lý một dự án đó cho cả lớp không chỉ đơn giản trong một học kỳ .,0,1,train,quy mô dự án quá lớn mà phải thực hiện trong một thời gian ngắn và việc quản lý một dự án đó cho cả lớp không chỉ đơn giản trong một học kỳ,Tiêu cực,Chương trình,34
bài tập đa dạng .,1,1,train,bài tập đa dạng,Tích cực,Chương trình,4
không học được gì từ hình thức thực hành 2 này nên bỏ hình thức thực hành này .,0,1,train,không học được gì từ hình thức thực hành 2 này nên bỏ hình thức thực hành này,Tiêu cực,Chương trình,18
em nghĩ nên cho thêm nhiều bài tập về nhà để sinh viên có thể tiếp thu bài một cách hiệu quả hơn em xin cảm ơn !,0,1,train,em nghĩ nên cho thêm nhiều bài tập về nhà để sinh viên có thể tiếp thu bài một cách hiệu quả hơn em xin cảm ơn,Tiêu cực,Chương trình,27
"sinh viên chưa có một chút kiến thức nền tảng nào đã phải học những kiến thức bậc trung đến khó , chưa nói slide giảng dạy là chương trình dành cho cao học .",0,1,train,sinh viên chưa có một chút kiến thức nền tảng nào đã phải học những kiến thức bậc trung đến khó chưa nói slide giảng dạy là chương trình dành cho cao học,Tiêu cực,Chương trình,33
không nên ràng buộc về kỹ thuật sử dụng trong báo cáo .,0,1,train,không nên ràng buộc về kỹ thuật sử dụng trong báo cáo,Tiêu cực,Chương trình,12
"môn học giúp sinh viên vận dụng được các kỹ năng về lập trình , giúp sinh viên hiểu rõ về hướng đối tượng và giúp sinh viên có thể tự làm ra các phần mềm đơn giản cho riêng mình bằng ngôn ngữ c .",1,1,train,môn học giúp sinh viên vận dụng được các kỹ năng về lập trình giúp sinh viên hiểu rõ về hướng đối tượng và giúp sinh viên có thể tự làm ra các phần mềm đơn giản cho riêng mình bằng ngôn ngữ c,Tích cực,Chương trình,44
bài tập phong phú đa dạng .,1,1,train,bài tập phong phú đa dạng,Tích cực,Chương trình,6
cần có bộ giáo trình chuẩn cho môn này .,0,1,train,cần có bộ giáo trình chuẩn cho môn này,Tiêu cực,Chương trình,9
thực hành sớm hơn so với lý thuyết dẫn đến nhiều khó khăn cho sinh viên .,0,1,train,thực hành sớm hơn so với lý thuyết dẫn đến nhiều khó khăn cho sinh viên,Tiêu cực,Chương trình,16
nội dung thi nặng đối với sinh viên không chuyên .,0,1,train,nội dung thi nặng đối với sinh viên không chuyên,Tiêu cực,Chương trình,10
đề thi nên dễ hơn .,0,1,train,đề thi nên dễ hơn,Tiêu cực,Chương trình,5
sinh viên lên lớp thì muốn làm cũng được không cần phải ngồi làm bài thực hành chỉ cần đến hôm nộp bài có bài nộp là được .,0,1,train,sinh viên lên lớp thì muốn làm cũng được không cần phải ngồi làm bài thực hành chỉ cần đến hôm nộp bài có bài nộp là được,Tiêu cực,Chương trình,28
"bài giảng hay , bài tập đầy đủ .",1,1,train,bài giảng hay bài tập đầy đủ,Tích cực,Chương trình,7
"gần tới kỳ thi cuỗi kỳ mà sinh viên chưa biết được mình đang học gì , dù có cố gắng nghe nhưng vẫn không hiểu .",0,1,train,gần tới kỳ thi cuỗi kỳ mà sinh viên chưa biết được mình đang học gì dù có cố gắng nghe nhưng vẫn không hiểu,Tiêu cực,Chương trình,25
"giáo trình của môn học chưa đầy đủ , chưa cập nhập .",0,1,train,giáo trình của môn học chưa đầy đủ chưa cập nhập,Tiêu cực,Chương trình,11
"em xin có kiến nghị là nội dung môn học nên gắn bó hơn với nội dung các bài tiểu luận , kiểm tra .",0,1,train,em xin có kiến nghị là nội dung môn học nên gắn bó hơn với nội dung các bài tiểu luận kiểm tra,Tiêu cực,Chương trình,23
đôi khi cô giảng hơi nhanh .,0,1,train,đôi khi cô giảng hơi nhanh,Tiêu cực,Chương trình,6
kiến thức bổ ích .,1,1,train,kiến thức bổ ích,Tích cực,Chương trình,4
chương trình học nên được phân bổ ra riêng thành 2 phần như chương trình cũ .,0,1,train,chương trình học nên được phân bổ ra riêng thành 2 phần như chương trình cũ,Tiêu cực,Chương trình,16
đồ án của môn học có những đồ án quá nặng trong khi phân công đồ án chưa phù hợp với lực học của từng sinh viên .,0,1,train,đồ án của môn học có những đồ án quá nặng trong khi phân công đồ án chưa phù hợp với lực học của từng sinh viên,Tiêu cực,Chương trình,27
tất cả môn học .,2,1,train,tất cả môn học,Trung lập,Chương trình,4
"môn học này khá nặng nhưng giờ lên lớp em thấy chưa hiệu quả , còn nhiều thời gian trống .",0,1,train,môn học này khá nặng nhưng giờ lên lớp em thấy chưa hiệu quả còn nhiều thời gian trống,Tiêu cực,Chương trình,19
"môn học cần làm nhiều bài tập , vận dụng những kiến thức vào bài tập cụ thể .",0,1,train,môn học cần làm nhiều bài tập vận dụng những kiến thức vào bài tập cụ thể,Tiêu cực,Chương trình,17
nội dung hơi khó hiểu .,0,1,train,nội dung hơi khó hiểu,Tiêu cực,Chương trình,5
hiện tại sinh viên khá mơ màng về môn học này .,0,1,train,hiện tại sinh viên khá mơ màng về môn học này,Tiêu cực,Chương trình,11
đề thi thực hành cuối kỳ chưa hay .,0,1,train,đề thi thực hành cuối kỳ chưa hay,Tiêu cực,Chương trình,8
"môn học nên mở rộng ra ios , nơi store có nhiều sản phẩm chất lượng nhất hiện nay .",0,1,train,môn học nên mở rộng ra ios nơi store có nhiều sản phẩm chất lượng nhất hiện nay,Tiêu cực,Chương trình,18
tăng cường phần nghe và viết .,0,1,train,tăng cường phần nghe và viết,Tiêu cực,Chương trình,6
có những ví dụ sinh động dễ hiểu .,1,1,train,có những ví dụ sinh động dễ hiểu,Tích cực,Chương trình,8
đảm bảo cân bằng giữa học lý thuyết và làm bài tập .,1,1,train,đảm bảo cân bằng giữa học lý thuyết và làm bài tập,Tích cực,Chương trình,12
silde bằng tiếng việt .,2,1,train,silde bằng tiếng việt,Trung lập,Chương trình,4
khó tiếp thu bài giảng .,0,1,train,khó tiếp thu bài giảng,Tiêu cực,Chương trình,5
quá nhiều lý thuyết .,0,1,train,quá nhiều lý thuyết,Tiêu cực,Chương trình,4
buổi học cuối đợt thi giữa kỳ được thông báo nghỉ và lịch bù trên da nhưng thời gian thông báo quá trễ .,0,1,train,buổi học cuối đợt thi giữa kỳ được thông báo nghỉ và lịch bù trên da nhưng thời gian thông báo quá trễ,Tiêu cực,Chương trình,23
nội dung thực hành phù hợp với lý thuyết đã học !,1,1,train,nội dung thực hành phù hợp với lý thuyết đã học,Tích cực,Chương trình,11
"cần chia nhỏ thêm các phần của môn thực hành , khi đó sinh viên sẽ dễ làm và có thể hiểu được bài rõ hơn khi thiết kế mạch và kiểm tra trên kit .",0,1,train,cần chia nhỏ thêm các phần của môn thực hành khi đó sinh viên sẽ dễ làm và có thể hiểu được bài rõ hơn khi thiết kế mạch và kiểm tra trên kit,Tiêu cực,Chương trình,34
"theo ý kiến của em , việc thực hành hiện giờ không theo kịp chương trình lý thuyết trên lớp nên không củng cố cho việc hiểu rõ bài hơn .",0,1,train,theo ý kiến của em việc thực hành hiện giờ không theo kịp chương trình lý thuyết trên lớp nên không củng cố cho việc hiểu rõ bài hơn,Tiêu cực,Chương trình,29
cần thêm bài tập về nhà .,0,1,train,cần thêm bài tập về nhà,Tiêu cực,Chương trình,6
"tỉ lệ điểm số phân bố chưa đề so với phần việc , giữa điểm quá trình và điểm thực hành .",0,1,train,tỉ lệ điểm số phân bố chưa đề so với phần việc giữa điểm quá trình và điểm thực hành,Tiêu cực,Chương trình,20
chương trình giảng dạy cần được phân bố hợp lý hơn .,0,1,train,chương trình giảng dạy cần được phân bố hợp lý hơn,Tiêu cực,Chương trình,11
nếu muốn học em sẽ lên lớp nhưng nếu như có việc bận hay vì nhiều lý do như buồn ngủ chẳng hạn thì em cũng nghĩ cô không muốn thấy rằng sinh viên của mình vẫn điểm danh đều mặc dù lên lớp chỉ ngủ .,0,1,train,nếu muốn học em sẽ lên lớp nhưng nếu như có việc bận hay vì nhiều lý do như buồn ngủ chẳng hạn thì em cũng nghĩ cô không muốn thấy rằng sinh viên của mình vẫn điểm danh đều mặc dù lên lớp chỉ ngủ,Tiêu cực,Chương trình,46
nên bỏ bớt một vài phần không cần thiết .,0,1,train,nên bỏ bớt một vài phần không cần thiết,Tiêu cực,Chương trình,9
chào thầy !,2,1,train,chào thầy,Trung lập,Chương trình,2
cần làm nhiều bài tập .,0,1,train,cần làm nhiều bài tập,Tiêu cực,Chương trình,5
nên có đồ án nhỏ như một phần thế cho thi giữa kỳ hoặc điểm chiếm 20% để sinh viên cảm nhận được thực tế của môn học .,0,1,train,nên có đồ án nhỏ như một phần thế cho thi giữa kỳ hoặc điểm chiếm 20 để sinh viên cảm nhận được thực tế của môn học,Tiêu cực,Chương trình,28
không nên học theo cách học thpt gây nhàm chán .,0,1,train,không nên học theo cách học thpt gây nhàm chán,Tiêu cực,Chương trình,10
nên thay các bài thực hành rập khuôn theo lý thuyết bằng các bài thực hành mang tính logic cao như đề thi .,0,1,train,nên thay các bài thực hành rập khuôn theo lý thuyết bằng các bài thực hành mang tính logic cao như đề thi,Tiêu cực,Chương trình,23
"kính mong nhà trường trong những năm tới có thể tổ chức giảng dạy chương trình tiếng anh tăng cường từ sớm hơn , đồng thời tăng số tuần học để việc học đạt hiểu quả cao hơn .",0,1,train,kính mong nhà trường trong những năm tới có thể tổ chức giảng dạy chương trình tiếng anh tăng cường từ sớm hơn đồng thời tăng số tuần học để việc học đạt hiểu quả cao hơn,Tiêu cực,Chương trình,37
sinh viên gặp khó khăn khi làm giao diện và xử lý chuỗi khi làm đồ án .,0,1,train,sinh viên gặp khó khăn khi làm giao diện và xử lý chuỗi khi làm đồ án,Tiêu cực,Chương trình,17
"thời gian thực hành và lý thuyết mâu thuẫn nhau , thực hành thì học sau lớp lý thuyết và lại kết thúc và thi trước lớp lý thuyết .",0,1,train,thời gian thực hành và lý thuyết mâu thuẫn nhau thực hành thì học sau lớp lý thuyết và lại kết thúc và thi trước lớp lý thuyết,Tiêu cực,Chương trình,28
kiến thức chưa nhiều .,0,1,train,kiến thức chưa nhiều,Tiêu cực,Chương trình,4
chất lượng dạy kém .,0,1,train,chất lượng dạy kém,Tiêu cực,Chương trình,4
nên cho thực hành nhiều hơn lý thuyết .,0,1,train,nên cho thực hành nhiều hơn lý thuyết,Tiêu cực,Chương trình,8
"bài giảng hấp dẫn , mang tính cập nhật và ứng dụng cao .",1,1,train,bài giảng hấp dẫn mang tính cập nhật và ứng dụng cao,Tích cực,Chương trình,12
giảm nội dung chương trình lại cho phù hợp hơn .,0,1,train,giảm nội dung chương trình lại cho phù hợp hơn,Tiêu cực,Chương trình,10
cần cung cấp thêm tài liệu cho sinh viên thông qua website môn học .,0,1,train,cần cung cấp thêm tài liệu cho sinh viên thông qua website môn học,Tiêu cực,Chương trình,14
tôi nghĩ trường cần thêm nhiều giảng viên bộ môn toán lý để thêm sự lựa chọn cho sinh viên .,0,1,train,tôi nghĩ trường cần thêm nhiều giảng viên bộ môn toán lý để thêm sự lựa chọn cho sinh viên,Tiêu cực,Chương trình,20
tăng thêm tiết thực hành .,0,1,train,tăng thêm tiết thực hành,Tiêu cực,Chương trình,5
kết quả đạt được trong buổi thực hành hỗ trợ rất nhiều cho lý thuyết được học .,1,1,train,kết quả đạt được trong buổi thực hành hỗ trợ rất nhiều cho lý thuyết được học,Tích cực,Chương trình,17
phần bài tập thực hành nên bám sát với phần lý thuyết .,0,1,train,phần bài tập thực hành nên bám sát với phần lý thuyết,Tiêu cực,Chương trình,12
"cung cấp thêm tài liệu , giáo trình bộ môn .",0,1,train,cung cấp thêm tài liệu giáo trình bộ môn,Tiêu cực,Chương trình,9
nội dung hứng thú hơn .,0,1,train,nội dung hứng thú hơn,Tiêu cực,Chương trình,5
tài liệu học môn này cần được cập nhật đầy đủ hơn .,0,1,train,tài liệu học môn này cần được cập nhật đầy đủ hơn,Tiêu cực,Chương trình,12
bài giảng của cô wzjwz295 bám sát kiến thức quá đôi khi lại khô khan và gây hiện tượng kinh điển là buồn ngủ hoặc chán nản trong giờ học .,0,1,train,bài giảng của cô wzjwz295 bám sát kiến thức quá đôi khi lại khô khan và gây hiện tượng kinh điển là buồn ngủ hoặc chán nản trong giờ học,Tiêu cực,Chương trình,30
"cần có thêm tài liệu tiếng việt để sinh viên có thể tìm hiểu thêm về môn học , cũng như làm các bài tập .",0,1,train,cần có thêm tài liệu tiếng việt để sinh viên có thể tìm hiểu thêm về môn học cũng như làm các bài tập,Tiêu cực,Chương trình,24
cần nêu ý nghĩa quan trọng của môn học nhiều hơn .,0,1,train,cần nêu ý nghĩa quan trọng của môn học nhiều hơn,Tiêu cực,Chương trình,11
"môn học này học quá nhiều thứ , không vận dụng hết những gì đã học , có nhiều nội dung học không để làm gì cả chỉ gây lãng phí thời gian .",0,1,train,môn học này học quá nhiều thứ không vận dụng hết những gì đã học có nhiều nội dung học không để làm gì cả chỉ gây lãng phí thời gian,Tiêu cực,Chương trình,31
thời gian chưa được đảm bảo .,0,1,train,thời gian chưa được đảm bảo,Tiêu cực,Chương trình,6
"do đặc thù của môn học yêu cầu sinh viên phải vận dụng được lý thuyết vào phân tích tìm ra vấn đề , vì vậy nên tăng cường đưa ra các bài tập , bài lab gần với thực tiễn để sinh viên có thể luyện tập .",0,1,train,do đặc thù của môn học yêu cầu sinh viên phải vận dụng được lý thuyết vào phân tích tìm ra vấn đề vì vậy nên tăng cường đưa ra các bài tập bài lab gần với thực tiễn để sinh viên có thể luyện tập,Tiêu cực,Chương trình,46
deadline dài hơn một chút .,2,1,train,deadline dài hơn một chút,Trung lập,Chương trình,5
điều đó là sinh viên rất khó chịu trong khoảng thời gian quản lý thực hành bài tập vì thời gian lúc nào cũng phải gấp hơn lớp còn lại .,0,1,train,điều đó là sinh viên rất khó chịu trong khoảng thời gian quản lý thực hành bài tập vì thời gian lúc nào cũng phải gấp hơn lớp còn lại,Tiêu cực,Chương trình,30
có đề cương cơ bản chung .,2,1,train,có đề cương cơ bản chung,Trung lập,Chương trình,6
nên cung cấp bài giảng .,0,1,train,nên cung cấp bài giảng,Tiêu cực,Chương trình,5
cần thêm nhiều các ví dụ minh họa .,0,1,train,cần thêm nhiều các ví dụ minh họa,Tiêu cực,Chương trình,8
thời gian deadline cho bài tập nên là cuối ngày của buổi dạy tiếp theo hiện nay là 11h55 trước ngày học vì có thể cần lên lớp để trao đổi những vấn đề phát sinh trong lúc làm bài tập để sửa đổi .,0,1,train,thời gian deadline cho bài tập nên là cuối ngày của buổi dạy tiếp theo hiện nay là 11h55 trước ngày học vì có thể cần lên lớp để trao đổi những vấn đề phát sinh trong lúc làm bài tập để sửa đổi,Tiêu cực,Chương trình,44
đề nghị nhà trường dạy kiến thức xác với thực tế hơn .,0,1,train,đề nghị nhà trường dạy kiến thức xác với thực tế hơn,Tiêu cực,Chương trình,12
kết thúc môn học muộn .,0,1,train,kết thúc môn học muộn,Tiêu cực,Chương trình,5
cô rất dễ thương và gần gũi .,1,1,train,cô rất dễ thương và gần gũi,Tích cực,Chương trình,7
"khối lượng kiến thức bài tập trong một buổi thực hành là hơi nhiều với những bài tập đa dạng và có độ khó cao , điều đó vừa tốt vừa không tốt vì một số bạn sẽ khó bắt kịp .",0,1,train,khối lượng kiến thức bài tập trong một buổi thực hành là hơi nhiều với những bài tập đa dạng và có độ khó cao điều đó vừa tốt vừa không tốt vì một số bạn sẽ khó bắt kịp,Tiêu cực,Chương trình,40
"nhà trường cần thông báo trước môn học cho sinh viên đăng ký , tránh tình trạng đăng ký rồi mới thông báo môn học .",0,1,train,nhà trường cần thông báo trước môn học cho sinh viên đăng ký tránh tình trạng đăng ký rồi mới thông báo môn học,Tiêu cực,Chương trình,24
thực hành vẫn còn đi trước lý thuyết .,0,1,train,thực hành vẫn còn đi trước lý thuyết,Tiêu cực,Chương trình,8
bài tập ít đa dạng .,0,1,train,bài tập ít đa dạng,Tiêu cực,Chương trình,5
giải bài tập giúp hiểu hơn về bài học .,2,1,train,giải bài tập giúp hiểu hơn về bài học,Trung lập,Chương trình,9
xin cô cho thêm nhiều ví dụ về bài giảng .,0,1,train,xin cô cho thêm nhiều ví dụ về bài giảng,Tiêu cực,Chương trình,10
hình thức thi nên là đề mở hoặc trắc nghiệm đề đóng .,0,1,train,hình thức thi nên là đề mở hoặc trắc nghiệm đề đóng,Tiêu cực,Chương trình,12
cần cho thêm giáo trình .,0,1,train,cần cho thêm giáo trình,Tiêu cực,Chương trình,5
mong bộ môn xem xét lại cấu trúc bài thi và chương trình cần dạy .,0,1,train,mong bộ môn xem xét lại cấu trúc bài thi và chương trình cần dạy,Tiêu cực,Chương trình,15
bài tập rất tốt .,1,1,train,bài tập rất tốt,Tích cực,Chương trình,4
"học 4 tiết , nhồi nhét quá nhiều kiến thức .",0,1,train,học 4 tiết nhồi nhét quá nhiều kiến thức,Tiêu cực,Chương trình,9
"có cái em còn copy trên mạng xuống dot nhưng cơ mà nhờ thầy hỏi , thắc mắc nhóm em mà nhóm em càng hoàn chỉnh cái đồ án hơn , hiểu được là mình đang học gì , đồ án mình đang làm là gì ?",1,1,train,có cái em còn copy trên mạng xuống dot nhưng cơ mà nhờ thầy hỏi thắc mắc nhóm em mà nhóm em càng hoàn chỉnh cái đồ án hơn hiểu được là mình đang học gì đồ án mình đang làm là gì,Tích cực,Chương trình,43
bài tập hơi nặng .,0,1,train,bài tập hơi nặng,Tiêu cực,Chương trình,4
phân chia ca học hợp lý hơn để việc sắp xếp môn học được thuận tiện hơn .,0,1,train,phân chia ca học hợp lý hơn để việc sắp xếp môn học được thuận tiện hơn,Tiêu cực,Chương trình,17
"nên sử dụng máy chiếu để hiện rõ chữ , để giảm thời gian viết , tập trung thời gian vào việc giải bài tập minh họa .",0,1,train,nên sử dụng máy chiếu để hiện rõ chữ để giảm thời gian viết tập trung thời gian vào việc giải bài tập minh họa,Tiêu cực,Chương trình,25
khá giống lúc học phổ thông .,2,1,train,khá giống lúc học phổ thông,Trung lập,Chương trình,6
phần tài liệu .,2,1,train,phần tài liệu,Trung lập,Chương trình,3
thời gian hướng dẫn thực hành quá ít so với môn học .,0,1,train,thời gian hướng dẫn thực hành quá ít so với môn học,Tiêu cực,Chương trình,12
chưa giúp tôi phát triển được tốt nhất khả năng của mình .,0,1,train,chưa giúp tôi phát triển được tốt nhất khả năng của mình,Tiêu cực,Chương trình,12
thực hành chạy quá nhanh và khó hiểu .,0,1,train,thực hành chạy quá nhanh và khó hiểu,Tiêu cực,Chương trình,8
"giảm thời gian thực hành , tăng số buổi thực hành , khuyến khích hoạt động thực hành ở nhà để phân bố thời gian thực hành tốt .",0,1,train,giảm thời gian thực hành tăng số buổi thực hành khuyến khích hoạt động thực hành ở nhà để phân bố thời gian thực hành tốt,Tiêu cực,Chương trình,26
"em nghĩ môn này chỉ nên dành cho khoa khoa học máy tính , kỹ thuật máy tính .",0,1,train,em nghĩ môn này chỉ nên dành cho khoa khoa học máy tính kỹ thuật máy tính,Tiêu cực,Chương trình,17
lượng kiến thức đầy đủ .,1,1,train,lượng kiến thức đầy đủ,Tích cực,Chương trình,5
"em chỉ thắc mắc nội dung môn học có vẻ khác so với tên môn học , em cứ nghĩ môn này là để sinh viên cập nhật các vấn đề hiện đại chứ ?",0,1,train,em chỉ thắc mắc nội dung môn học có vẻ khác so với tên môn học em cứ nghĩ môn này là để sinh viên cập nhật các vấn đề hiện đại chứ,Tiêu cực,Chương trình,33
môn thiên về kiến thức lập trình nhưng lại bắt buộc thi lý thuyết trên giấy là không hợp lý .,0,1,train,môn thiên về kiến thức lập trình nhưng lại bắt buộc thi lý thuyết trên giấy là không hợp lý,Tiêu cực,Chương trình,20
"nên có nhiều tài liệu hay và cập nhật hơn , sát với môn học hơn .",0,1,train,nên có nhiều tài liệu hay và cập nhật hơn sát với môn học hơn,Tiêu cực,Chương trình,15
"những bài ôn tập không quá "" trên trời "" mà đi thẳng vào vấn đề .",1,1,train,những bài ôn tập không quá trên trời mà đi thẳng vào vấn đề,Tích cực,Chương trình,14
mong nhà trường có sự điều chỉnh cho các khoá học sau này .,0,1,train,mong nhà trường có sự điều chỉnh cho các khoá học sau này,Tiêu cực,Chương trình,13
"bài giảng thú vị dễ hiểu , khả năng truyền đạt kiến thức tốt .",1,1,train,bài giảng thú vị dễ hiểu khả năng truyền đạt kiến thức tốt,Tích cực,Chương trình,13
sinh viên không được cung cấp nhiều tài liệu cho môn học ngoài slide của giảng viên cung cấp .,0,1,train,sinh viên không được cung cấp nhiều tài liệu cho môn học ngoài slide của giảng viên cung cấp,Tiêu cực,Chương trình,19
"đem nhiều hình thức như học từ vựng qua một số hình ảnh , học ngữ pháp qua một số ví dụ cơ bản và một số dẫn chứng thực tế , luyện nói thường xuyên và hỗ trợ sinh viên tự tin khi nói tự tin trình bày vấn đề , luyện nghe thường xuyên hỗ trợ sinh viên có thể hiểu được vấn đề của bài nghe , hỗ trợ các phương pháp đọc viết và một số kỹ năng trong giao tiếp .",1,1,train,đem nhiều hình thức như học từ vựng qua một số hình ảnh học ngữ pháp qua một số ví dụ cơ bản và một số dẫn chứng thực tế luyện nói thường xuyên và hỗ trợ sinh viên tự tin khi nói tự tin trình bày vấn đề luyện nghe thường xuyên hỗ trợ sinh viên có thể hiểu được vấn đề của bài nghe hỗ trợ các phương pháp đọc viết và một số kỹ năng trong giao tiếp,Tích cực,Chương trình,81
môn này cũng được nghe thầy nói của chỉ có ở trường chúng ta .,2,1,train,môn này cũng được nghe thầy nói của chỉ có ở trường chúng ta,Trung lập,Chương trình,14
"cần phải cân bằng kiến thức giữa lý thuyết và thực hành , phần thực hành luôn đi trước lý thuyết , sinh viên không biết phải làm bài thực hành như thế nào , giảng viên thực hành không hướng dẫn cụ thể cho sinh viên làm bài , chỉ đưa lab rồi bắt sinh viên tự làm .",0,1,train,cần phải cân bằng kiến thức giữa lý thuyết và thực hành phần thực hành luôn đi trước lý thuyết sinh viên không biết phải làm bài thực hành như thế nào giảng viên thực hành không hướng dẫn cụ thể cho sinh viên làm bài chỉ đưa lab rồi bắt sinh viên tự làm,Tiêu cực,Chương trình,55
không có bài giải ví dụ mẫu được đưa ra nhằm tiệm cận sinh viên với chuẩn code .,0,1,train,không có bài giải ví dụ mẫu được đưa ra nhằm tiệm cận sinh viên với chuẩn code,Tiêu cực,Chương trình,18
môn này em bị trùng lịch học do lịch thực hành hình thức 2 được công bố sau vì thế mà thời gian đi học thực hành của em cũng bị hạn chế .,0,1,train,môn này em bị trùng lịch học do lịch thực hành hình thức 2 được công bố sau vì thế mà thời gian đi học thực hành của em cũng bị hạn chế,Tiêu cực,Chương trình,33
slide khi khó hiểu vì vậy khi kết hợp slide và nghe cô giảng mới hiểu .,0,1,train,slide khi khó hiểu vì vậy khi kết hợp slide và nghe cô giảng mới hiểu,Tiêu cực,Chương trình,16
cần thêm thời gian thực hành .,0,1,train,cần thêm thời gian thực hành,Tiêu cực,Chương trình,6
"hệ thống chấm điểm thực hành wecode rất tiện lợi , hiệu quả .",1,1,train,hệ thống chấm điểm thực hành wecode rất tiện lợi hiệu quả,Tích cực,Chương trình,12
phải nghe những thứ mà chưa được thấy thì thật khó mà tiếp thu .,0,1,train,phải nghe những thứ mà chưa được thấy thì thật khó mà tiếp thu,Tiêu cực,Chương trình,14
nhiều lúc nội dung thực hành không đồng bộ với nội dung đã học ở lớp lý thuyết .,0,1,train,nhiều lúc nội dung thực hành không đồng bộ với nội dung đã học ở lớp lý thuyết,Tiêu cực,Chương trình,18
tăng cường giảng viên hỗ trợ thực hành .,0,1,train,tăng cường giảng viên hỗ trợ thực hành,Tiêu cực,Chương trình,8
sinh viên tốn thời gian lên trường mà không được học .,0,1,train,sinh viên tốn thời gian lên trường mà không được học,Tiêu cực,Chương trình,11
so sánh không mang tính tương quan .,0,1,train,so sánh không mang tính tương quan,Tiêu cực,Chương trình,7
"nhà trường cần công bố điểm sớm hơn , các thiết bị máy chiếu , loa , micro cần được đảm bảo hơn .",0,1,train,nhà trường cần công bố điểm sớm hơn các thiết bị máy chiếu loa micro cần được đảm bảo hơn,Tiêu cực,Chương trình,20
"chỉnh lại thời lượng làm bài thi và nội dung thi , vì không tương thích , đề dài và thời gian ngắn .",0,1,train,chỉnh lại thời lượng làm bài thi và nội dung thi vì không tương thích đề dài và thời gian ngắn,Tiêu cực,Chương trình,21
và em nghĩ mức độ gây áp lực về nội dung bài tập còn ít ( nội dung bài tập chưa nâng cao và yêu cầu nhiều về kiến thức ) .,0,1,train,và em nghĩ mức độ gây áp lực về nội dung bài tập còn ít nội dung bài tập chưa nâng cao và yêu cầu nhiều về kiến thức,Tiêu cực,Chương trình,29
nên thêm thời gian học .,0,1,train,nên thêm thời gian học,Tiêu cực,Chương trình,5
hiệu quả trình bày kiến thức không cao .,0,1,train,hiệu quả trình bày kiến thức không cao,Tiêu cực,Chương trình,8
nội dung bài thực hành nên chú trọng vào chất lượng hơn là số lượng .,0,1,train,nội dung bài thực hành nên chú trọng vào chất lượng hơn là số lượng,Tiêu cực,Chương trình,15
"các nội dung trong tài liệu môn học chưa đầy đủ và chi tiết , chưa đi sâu vào bản chất của vấn đề , đặc biệt là phần xml và hướng đối tượng .",0,1,train,các nội dung trong tài liệu môn học chưa đầy đủ và chi tiết chưa đi sâu vào bản chất của vấn đề đặc biệt là phần xml và hướng đối tượng,Tiêu cực,Chương trình,32
số bài thực hành quá nhiều cho một môn thực hành hình thức 2 .,0,1,train,số bài thực hành quá nhiều cho một môn thực hành hình thức 2,Tiêu cực,Chương trình,14
"phần thực hành khó , em thường làm rất mơ hồ và không hiểu ý nghĩa của bài tập .",0,1,train,phần thực hành khó em thường làm rất mơ hồ và không hiểu ý nghĩa của bài tập,Tiêu cực,Chương trình,18
không học gì .,0,1,train,không học gì,Tiêu cực,Chương trình,3
"em mong môn học cập nhập thêm nhiều điều mới , có những ví dụ thực tiễn , sinh động , nội dung môn học nên súc tích và nhấn mạnh trọng tâm hơn .",0,1,train,em mong môn học cập nhập thêm nhiều điều mới có những ví dụ thực tiễn sinh động nội dung môn học nên súc tích và nhấn mạnh trọng tâm hơn,Tiêu cực,Chương trình,31
"học xong môn học chỉ có thể nói chắc chắn một điều , đủ để chém gió , còn lại thực tế mạng là cái gì ?",0,1,train,học xong môn học chỉ có thể nói chắc chắn một điều đủ để chém gió còn lại thực tế mạng là cái gì,Tiêu cực,Chương trình,24
"nếu liên hệ thực tế , liên kết của môn học với các mô học sau , ngành nghề sau này , em nghĩ sẽ dễ hiểu và tiếp thu môn học hơn .",0,1,train,nếu liên hệ thực tế liên kết của môn học với các mô học sau ngành nghề sau này em nghĩ sẽ dễ hiểu và tiếp thu môn học hơn,Tiêu cực,Chương trình,30
đừng quá nhiều lý thuyết .,0,1,train,đừng quá nhiều lý thuyết,Tiêu cực,Chương trình,5
"môn học cần tạo được định hướng cho sinh viên làm đồ án ngay từ đầu , gần cuối kỳ chúng em mới biết làm cái gì nên lúc đó chạy đồ án rất là cực và còn nhiều sai sót cho đồ án của mình .",0,1,train,môn học cần tạo được định hướng cho sinh viên làm đồ án ngay từ đầu gần cuối kỳ chúng em mới biết làm cái gì nên lúc đó chạy đồ án rất là cực và còn nhiều sai sót cho đồ án của mình,Tiêu cực,Chương trình,45
vận dụng được một số kiến thức để áp dụng những môn học sau .,1,1,train,vận dụng được một số kiến thức để áp dụng những môn học sau,Tích cực,Chương trình,14
một số bài lab khá dài và nâng cao .,0,1,train,một số bài lab khá dài và nâng cao,Tiêu cực,Chương trình,9
thời gian làm bài tập nên kéo dài hơn một chút .,0,1,train,thời gian làm bài tập nên kéo dài hơn một chút,Tiêu cực,Chương trình,11
"nội dung môn học quá rộng , nên điều chỉnh lại và tập trung vào những phần quan trọng .",0,1,train,nội dung môn học quá rộng nên điều chỉnh lại và tập trung vào những phần quan trọng,Tiêu cực,Chương trình,18
tiết sửa bài tập không đạt được hiệu quả cao .,0,1,train,tiết sửa bài tập không đạt được hiệu quả cao,Tiêu cực,Chương trình,10
tên môn học là quản trị mạng nhưng nó chẳng đúng với nội dung đã học ở trên lớp .,0,1,train,tên môn học là quản trị mạng nhưng nó chẳng đúng với nội dung đã học ở trên lớp,Tiêu cực,Chương trình,19
"slide tài liệu các chương thường không có , hoặc thường rất ít các bài tập mà chỉ tập trung vào slide ôn tập cuối kỳ fraction giữa kỳ .",0,1,train,slide tài liệu các chương thường không có hoặc thường rất ít các bài tập mà chỉ tập trung vào slide ôn tập cuối kỳ fraction giữa kỳ,Tiêu cực,Chương trình,28
"thực hành luôn đi trước lý thuyết , rất bất cập , mong nhà trường chỉnh sửa lại cho phù hợp .",0,1,train,thực hành luôn đi trước lý thuyết rất bất cập mong nhà trường chỉnh sửa lại cho phù hợp,Tiêu cực,Chương trình,19
"một số nội dung cơ bản như doubledot cấu trúc của json , xml .",2,1,train,một số nội dung cơ bản như doubledot cấu trúc của json xml,Trung lập,Chương trình,13
cần tăng cường các buổi training do giảng viên đứng lớp để giải thêm các bài tập .,0,1,train,cần tăng cường các buổi training do giảng viên đứng lớp để giải thêm các bài tập,Tiêu cực,Chương trình,17
bài học chưa thực sự sinh động .,0,1,train,bài học chưa thực sự sinh động,Tiêu cực,Chương trình,7
"cần thêm các giờ thực hành tại các công ty , doanh nghiệp .",0,1,train,cần thêm các giờ thực hành tại các công ty doanh nghiệp,Tiêu cực,Chương trình,12
lý thuyết thường chỉ là slide muốn sinh viên hiểu rõ cũng khó .,0,1,train,lý thuyết thường chỉ là slide muốn sinh viên hiểu rõ cũng khó,Tiêu cực,Chương trình,13
cô phát âm chưa chuẩn .,0,1,train,cô phát âm chưa chuẩn,Tiêu cực,Chương trình,5
nhưng ra đề đừng đánh đố sinh viên .,0,1,train,nhưng ra đề đừng đánh đố sinh viên,Tiêu cực,Chương trình,8
slide quá dài và dùng từ ngữ khó hiểu .,0,1,train,slide quá dài và dùng từ ngữ khó hiểu,Tiêu cực,Chương trình,9
có giới thiệu về những công cụ hay .,1,1,train,có giới thiệu về những công cụ hay,Tích cực,Chương trình,8
"bài giảng hay , gần gũi với sinh viên .",1,1,train,bài giảng hay gần gũi với sinh viên,Tích cực,Chương trình,8
cần kiến thực thực tế cụ thể .,0,1,train,cần kiến thực thực tế cụ thể,Tiêu cực,Chương trình,7
"slide bài giảng chưa sinh động , chưa đưa được tinh thần học tập của lớp đạt hạt hiệu quả cao .",0,1,train,slide bài giảng chưa sinh động chưa đưa được tinh thần học tập của lớp đạt hạt hiệu quả cao,Tiêu cực,Chương trình,20
có những kiến thức dùng trong thực hành thì rất lâu sau lý thuyết mới được học .,0,1,train,có những kiến thức dùng trong thực hành thì rất lâu sau lý thuyết mới được học,Tiêu cực,Chương trình,17
nên phân chia lại tỷ lệ các hình thức kiểm tra trong điểm trung bình .,0,1,train,nên phân chia lại tỷ lệ các hình thức kiểm tra trong điểm trung bình,Tiêu cực,Chương trình,15
"thiết nghĩ đây là môn phân tích , thiết kế thuật toán , các bài toán ngoài thực tế không dễ dàng như vậy và quy hoạch động là một kỹ thuật có thể xử lý được một số bài kiểu này .",0,1,train,thiết nghĩ đây là môn phân tích thiết kế thuật toán các bài toán ngoài thực tế không dễ dàng như vậy và quy hoạch động là một kỹ thuật có thể xử lý được một số bài kiểu này,Tiêu cực,Chương trình,40
tuyệt vời là tính từ để mô tả môn học này .,1,1,train,tuyệt vời là tính từ để mô tả môn học này,Tích cực,Chương trình,11
liên hệ thực tiễn tương đối tốt .,1,1,train,liên hệ thực tiễn tương đối tốt,Tích cực,Chương trình,7
"có nhiều bài tập hay , rèn luyện kỹ năng tốt .",1,1,train,có nhiều bài tập hay rèn luyện kỹ năng tốt,Tích cực,Chương trình,10
thêm các buổi làm và sửa bài tập .,0,1,train,thêm các buổi làm và sửa bài tập,Tiêu cực,Chương trình,8
"nộp báo cáo sau khi thực hành , đăng lịch học lên moodle .",2,1,train,nộp báo cáo sau khi thực hành đăng lịch học lên moodle,Trung lập,Chương trình,12
có nhiều bài tập và ví dụ hay .,1,1,train,có nhiều bài tập và ví dụ hay,Tích cực,Chương trình,8
nên tập trung vào kỹ năng nghe và nói nhiều hơn .,0,1,train,nên tập trung vào kỹ năng nghe và nói nhiều hơn,Tiêu cực,Chương trình,11
slide bài giảng tiếng anh giúp tụi em nâng cao khả năng học tiếng anh .,1,1,train,slide bài giảng tiếng anh giúp tụi em nâng cao khả năng học tiếng anh,Tích cực,Chương trình,15
đôi khi nên tổ chức các trò chơi để sinh viên giảm căng thẳng .,0,1,train,đôi khi nên tổ chức các trò chơi để sinh viên giảm căng thẳng,Tiêu cực,Chương trình,14
lặp lại quá nhiều kiến thức cũ .,0,1,train,lặp lại quá nhiều kiến thức cũ,Tiêu cực,Chương trình,7
chúc cô giữ mãi nhiệt huyết giảng dạy này để truyền cảm hứng đến nhiều học sinh ngán đến trường như em .,1,1,train,chúc cô giữ mãi nhiệt huyết giảng dạy này để truyền cảm hứng đến nhiều học sinh ngán đến trường như em,Tích cực,Chương trình,22
nhiều bạn chỉ copy code trên mạng nhưng điểm lại cao hơn những bạn thực sự làm .,0,1,train,nhiều bạn chỉ copy code trên mạng nhưng điểm lại cao hơn những bạn thực sự làm,Tiêu cực,Chương trình,17
nên có phần thực hành trên thiết bị để dễ hiểu hơn .,0,1,train,nên có phần thực hành trên thiết bị để dễ hiểu hơn,Tiêu cực,Chương trình,12
"đơn giản hóa kiến thức , giúp học sinh tiếp cận một cách trực quan môn học .",0,1,train,đơn giản hóa kiến thức giúp học sinh tiếp cận một cách trực quan môn học,Tiêu cực,Chương trình,16
lịch học bù cần ghi rõ ngày nào trên course .,0,1,train,lịch học bù cần ghi rõ ngày nào trên course,Tiêu cực,Chương trình,10
"tăng thời lượng môn học , nên có thêm những hoạt động ngoại khóa có liên quan đến môn anh văn để sinh viên được trau dồi thêm .",0,1,train,tăng thời lượng môn học nên có thêm những hoạt động ngoại khóa có liên quan đến môn anh văn để sinh viên được trau dồi thêm,Tiêu cực,Chương trình,27
"slide cần cụ thể , rõ ràng , dễ hiểu hơn .",0,1,train,slide cần cụ thể rõ ràng dễ hiểu hơn,Tiêu cực,Chương trình,9
"không nên thi lý thuyết "" giấy "" cuối kỳ .",0,1,train,không nên thi lý thuyết giấy cuối kỳ,Tiêu cực,Chương trình,8
"rất nhiều sinh viên không biết "" thực hành này để làm gì "" khi chỉ lên lớp , chạy chương trình có sẵn , chụp ảnh từng bước và dán vào báo cáo mà không biết chương trình chạy đúng hay sai , làm sao để sửa , có những hàm hỗ trợ nào .",0,1,train,rất nhiều sinh viên không biết thực hành này để làm gì khi chỉ lên lớp chạy chương trình có sẵn chụp ảnh từng bước và dán vào báo cáo mà không biết chương trình chạy đúng hay sai làm sao để sửa có những hàm hỗ trợ nào,Tiêu cực,Chương trình,49
"tiết học rất vui nhộn , tăng thêm tinh thần đi học cho sinh viên .",1,1,train,tiết học rất vui nhộn tăng thêm tinh thần đi học cho sinh viên,Tích cực,Chương trình,14
"cần bổ sung thêm các game vào môn học , học anh văn mà không có game thì nói thật ra là rất dễ chán và buồn ngủ .",0,1,train,cần bổ sung thêm các game vào môn học học anh văn mà không có game thì nói thật ra là rất dễ chán và buồn ngủ,Tiêu cực,Chương trình,27
lý thuyết hơi nhiều .,0,1,train,lý thuyết hơi nhiều,Tiêu cực,Chương trình,4
em nghĩ kiểm tra đánh giá môn này bằng hình thức làm đồ án báo cáo sẽ hợp lý hơn là thi trên giấy .,0,1,train,em nghĩ kiểm tra đánh giá môn này bằng hình thức làm đồ án báo cáo sẽ hợp lý hơn là thi trên giấy,Tiêu cực,Chương trình,24
thực hành không nên điểm danh lấy điểm .,0,1,train,thực hành không nên điểm danh lấy điểm,Tiêu cực,Chương trình,8
kiến thức đầy đủ .,1,1,train,kiến thức đầy đủ,Tích cực,Chương trình,4
đề kiểm tra không đầy đủ .,0,1,train,đề kiểm tra không đầy đủ,Tiêu cực,Chương trình,6
cần bài tập nhiều hơn .,0,1,train,cần bài tập nhiều hơn,Tiêu cực,Chương trình,5
deadline không cho nộp quá hạn .,0,1,train,deadline không cho nộp quá hạn,Tiêu cực,Chương trình,6
cần có chứng chỉ tương đương bằng quốc tế sau khi ra trường để khỏi phải học bên ngoài .,0,1,train,cần có chứng chỉ tương đương bằng quốc tế sau khi ra trường để khỏi phải học bên ngoài,Tiêu cực,Chương trình,19
ôn tập thi mà không liên quan đến đề thi .,0,1,train,ôn tập thi mà không liên quan đến đề thi,Tiêu cực,Chương trình,10
chưa có một tiết thực hành nào .,0,1,train,chưa có một tiết thực hành nào,Tiêu cực,Chương trình,7
không hiểu bài thật tốt .,0,1,train,không hiểu bài thật tốt,Tiêu cực,Chương trình,5
"nội dung giảng dạy nửa đầu học kỳ khá mơ hồ như "" làm thế nào để thành công "" , "" thói quen người thành công "" hay là bàn về tương lai vdotv .",0,1,train,nội dung giảng dạy nửa đầu học kỳ khá mơ hồ như làm thế nào để thành công thói quen người thành công hay là bàn về tương lai vdotv,Tiêu cực,Chương trình,30
chỉ nên lấy điểm thi và điểm nộp bài .,0,1,train,chỉ nên lấy điểm thi và điểm nộp bài,Tiêu cực,Chương trình,9
nên đổi mới tài liệu .,0,1,train,nên đổi mới tài liệu,Tiêu cực,Chương trình,5
cần có tài liệu bài giảng tự học nhiều hơn .,0,1,train,cần có tài liệu bài giảng tự học nhiều hơn,Tiêu cực,Chương trình,10
bài tập ổn .,2,1,train,bài tập ổn,Trung lập,Chương trình,3
mong phòng đào tạo trong tương lai sắp xếp cho thầy wzjwz128 dạy lớp em bất cứ môn nào thầy có thể .,0,1,train,mong phòng đào tạo trong tương lai sắp xếp cho thầy wzjwz128 dạy lớp em bất cứ môn nào thầy có thể,Tiêu cực,Chương trình,22
lịch thực hành trùng với lịch học lý thuyết các môn học khác .,0,1,train,lịch thực hành trùng với lịch học lý thuyết các môn học khác,Tiêu cực,Chương trình,13
"một số nội dung không rõ , không có nhiều ví dụ cụ thể .",0,1,train,một số nội dung không rõ không có nhiều ví dụ cụ thể,Tiêu cực,Chương trình,13
"còn kiểm tra thì nên thuyết trình hoặc làm đề tài là hay nhất , đừng làm mấy bài kiểm tra làm chi , vừa chẳng khẳng định được người đó có kỹ năng chưa , chỉ chạy theo chỉ tiêu và nhồi sọ .",0,1,train,còn kiểm tra thì nên thuyết trình hoặc làm đề tài là hay nhất đừng làm mấy bài kiểm tra làm chi vừa chẳng khẳng định được người đó có kỹ năng chưa chỉ chạy theo chỉ tiêu và nhồi sọ,Tiêu cực,Chương trình,41
thông tin đầy đủ về môn học cho sinh viên khi sinh viên đăng ký môn học .,2,1,train,thông tin đầy đủ về môn học cho sinh viên khi sinh viên đăng ký môn học,Trung lập,Chương trình,17
đảm bảo đúng thời gian lên lớp .,1,1,train,đảm bảo đúng thời gian lên lớp,Tích cực,Chương trình,7
"chia sẻ nhiều chuyện xung quanh môn học , mang lại tiếng cười cho sinh viên .",1,1,train,chia sẻ nhiều chuyện xung quanh môn học mang lại tiếng cười cho sinh viên,Tích cực,Chương trình,15
"đề thi còn khó đối với sinh viên , đó chưa phải mức trung bình mà học sinh học lực trung bình làm được .",0,1,train,đề thi còn khó đối với sinh viên đó chưa phải mức trung bình mà học sinh học lực trung bình làm được,Tiêu cực,Chương trình,23
nhưng khi thi cuối kỳ thì kiến thức quá khó .,0,1,train,nhưng khi thi cuối kỳ thì kiến thức quá khó,Tiêu cực,Chương trình,10
nên tăng số buổi thực hành .,0,1,train,nên tăng số buổi thực hành,Tiêu cực,Chương trình,6
sinh viên không hiểu bài .,0,1,train,sinh viên không hiểu bài,Tiêu cực,Chương trình,5
"nên cập nhật đề cương giảng dạy môn học thường xuyên , kiến thức phù hợp với thực tiễn .",0,1,train,nên cập nhật đề cương giảng dạy môn học thường xuyên kiến thức phù hợp với thực tiễn,Tiêu cực,Chương trình,18
thời gian học trên lớp khá thoải mái .,1,1,train,thời gian học trên lớp khá thoải mái,Tích cực,Chương trình,8
giáo trình khó hiểu .,0,1,train,giáo trình khó hiểu,Tiêu cực,Chương trình,4
"các môn học cần có ứng dụng thực tiễn hơn , hiện tại đặt nặng quá nhiều về lý thuyết suông , học cho qua cũng không để lại gì , không gây hứng thú .",0,1,train,các môn học cần có ứng dụng thực tiễn hơn hiện tại đặt nặng quá nhiều về lý thuyết suông học cho qua cũng không để lại gì không gây hứng thú,Tiêu cực,Chương trình,32
nên đổi sang ht1 .,0,1,train,nên đổi sang ht1,Tiêu cực,Chương trình,4
phương thức giảng dạy .,2,1,train,phương thức giảng dạy,Trung lập,Chương trình,4
môn học này quá tải .,0,1,train,môn học này quá tải,Tiêu cực,Chương trình,5
kiến thức rộng .,1,1,train,kiến thức rộng,Tích cực,Chương trình,3
chắc gì những gì sinh viên nói đã đúng .,0,1,train,chắc gì những gì sinh viên nói đã đúng,Tiêu cực,Chương trình,9
cung cấp nhiều kiến thức hay cho sinh viên .,1,1,train,cung cấp nhiều kiến thức hay cho sinh viên,Tích cực,Chương trình,9
cần xây dựng cơ sở dữ liệu lớn phục vụ việc thực hành của sinh viên .,0,1,train,cần xây dựng cơ sở dữ liệu lớn phục vụ việc thực hành của sinh viên,Tiêu cực,Chương trình,16
"thời gian xếp lịch thực hành không hợp lý , lý thuyết học tiết 45 , thực hành học tiết 67 8 .",0,1,train,thời gian xếp lịch thực hành không hợp lý lý thuyết học tiết 45 thực hành học tiết 67 8,Tiêu cực,Chương trình,20
"bài tập mang tính vận dụng cao , giúp sinh viên hiểu và nhớ kiến thức vừa học .",1,1,train,bài tập mang tính vận dụng cao giúp sinh viên hiểu và nhớ kiến thức vừa học,Tích cực,Chương trình,17
"không nên bắt sinh viên phải lên ngồi đủ 80% giờ học trở lên vì có những đề tài sinh viên đã nắm được cách làm , lên ngồi điểm danh mất thời gian vô ích .",0,1,train,không nên bắt sinh viên phải lên ngồi đủ 80 giờ học trở lên vì có những đề tài sinh viên đã nắm được cách làm lên ngồi điểm danh mất thời gian vô ích,Tiêu cực,Chương trình,35
không có bài ví dụ mẫu trong slide cũ ở nhiều chương khó cho việc ôn tập !,0,1,train,không có bài ví dụ mẫu trong slide cũ ở nhiều chương khó cho việc ôn tập,Tiêu cực,Chương trình,17
đề thực hành hơi dài .,0,1,train,đề thực hành hơi dài,Tiêu cực,Chương trình,5
"cho ít bài tập , không nâng cao được kiến thức .",0,1,train,cho ít bài tập không nâng cao được kiến thức,Tiêu cực,Chương trình,10
môn học không giúp ích được cho cuộc song sau này ( môn võ ) fraction chỉ đánh bài quyền cơ bản thì không thể tự vệ bản thân được .,0,1,train,môn học không giúp ích được cho cuộc song sau này môn võ fraction chỉ đánh bài quyền cơ bản thì không thể tự vệ bản thân được,Tiêu cực,Chương trình,28
nên cung cố thêm phần ngữ pháp và từ vựng .,0,1,train,nên cung cố thêm phần ngữ pháp và từ vựng,Tiêu cực,Chương trình,10
"cần các công cụ , kiến thức sát với công nghệ mà các doanh nghiệp thực tế bên ngoài sử dụng .",0,1,train,cần các công cụ kiến thức sát với công nghệ mà các doanh nghiệp thực tế bên ngoài sử dụng,Tiêu cực,Chương trình,20
nó áp dụng như thế nào ?,0,1,train,nó áp dụng như thế nào,Tiêu cực,Chương trình,6
thực hành nhiều tiết hơn .,0,1,train,thực hành nhiều tiết hơn,Tiêu cực,Chương trình,5
"có sách , giáo trình cụ thể để xác định đươc rõ mục đích của môn học .",0,1,train,có sách giáo trình cụ thể để xác định đươc rõ mục đích của môn học,Tiêu cực,Chương trình,16
cần có nhiều trò chơi nhằm kích thích tính hiếu thắng của sinh viên chất lượng học tốt hơn .,0,1,train,cần có nhiều trò chơi nhằm kích thích tính hiếu thắng của sinh viên chất lượng học tốt hơn,Tiêu cực,Chương trình,19
nên tập trung vào nghe và nói tiếng anh nhiều hơn .,0,1,train,nên tập trung vào nghe và nói tiếng anh nhiều hơn,Tiêu cực,Chương trình,11
em có ý kiến là trường nên giảm số lượng sinh viên trong một lớp lại và mở thêm nhiều lớp hơn .,0,1,train,em có ý kiến là trường nên giảm số lượng sinh viên trong một lớp lại và mở thêm nhiều lớp hơn,Tiêu cực,Chương trình,22
bài tập giảng dạy chưa kỹ .,0,1,train,bài tập giảng dạy chưa kỹ,Tiêu cực,Chương trình,6
ít cập nhật thông tin trên moodle hoặc mail cho sinh viên .,0,1,train,ít cập nhật thông tin trên moodle hoặc mail cho sinh viên,Tiêu cực,Chương trình,12
cần nâng cao công tác giảng dạy hơn nữa .,0,1,train,cần nâng cao công tác giảng dạy hơn nữa,Tiêu cực,Chương trình,9
"nên cho sinh viên đi tham quan thực tế môi trường doanh nghiệp , hạn chê lý thuyết suông .",0,1,train,nên cho sinh viên đi tham quan thực tế môi trường doanh nghiệp hạn chê lý thuyết suông,Tiêu cực,Chương trình,18
nếu học theo lý thuyết trên lớp thì còn lâu mới làm được đồ án mang tầm cỡ lớn .,0,1,train,nếu học theo lý thuyết trên lớp thì còn lâu mới làm được đồ án mang tầm cỡ lớn,Tiêu cực,Chương trình,19
em mong rằng bất kỳ môn nào được mở ra thì cũng phải cung cấp kiến thức xứng đáng cho sinh viên .,0,1,train,em mong rằng bất kỳ môn nào được mở ra thì cũng phải cung cấp kiến thức xứng đáng cho sinh viên,Tiêu cực,Chương trình,22
theo em môn kiến trúc máy tính nên có thêm phần thực hành vì như vậy việc học sẽ dễ hình dung hơn rất nhiều .,0,1,train,theo em môn kiến trúc máy tính nên có thêm phần thực hành vì như vậy việc học sẽ dễ hình dung hơn rất nhiều,Tiêu cực,Chương trình,25
buổi sửa bài tập cần làm kỹ lưỡng hơn .,0,1,train,buổi sửa bài tập cần làm kỹ lưỡng hơn,Tiêu cực,Chương trình,9
chất lượng môn học đã phục vụ tốt sinh viên .,1,1,train,chất lượng môn học đã phục vụ tốt sinh viên,Tích cực,Chương trình,10
"các slide bài giảng thường xuyên sử dụng xen kẽ tiếng anh và việt một cách không thống nhất , gây khó hiểu cho sinh viên .",0,1,train,các slide bài giảng thường xuyên sử dụng xen kẽ tiếng anh và việt một cách không thống nhất gây khó hiểu cho sinh viên,Tiêu cực,Chương trình,25
theo em doubledot đừng bắt buộc sinh viên phải lên lớp đầy đủ .,0,1,train,theo em doubledot đừng bắt buộc sinh viên phải lên lớp đầy đủ,Tiêu cực,Chương trình,13
giáo trình nên thống nhất bản tiếng anh .,0,1,train,giáo trình nên thống nhất bản tiếng anh,Tiêu cực,Chương trình,8
càng cung cấp nhiều tài liệu trên mạng cho sinh viên sẽ càng cải tiến chất lượng môn học .,1,1,train,càng cung cấp nhiều tài liệu trên mạng cho sinh viên sẽ càng cải tiến chất lượng môn học,Tích cực,Chương trình,19
chương trình học khá dài chưa tập trung .,0,1,train,chương trình học khá dài chưa tập trung,Tiêu cực,Chương trình,8
"tôi cảm cảm thấy không cần thiết , thay vào đó là các lớp kỹ năng hay học thuật sẽ tốt hơn !",0,1,train,tôi cảm cảm thấy không cần thiết thay vào đó là các lớp kỹ năng hay học thuật sẽ tốt hơn,Tiêu cực,Chương trình,21
"kỳ này dạy bằng slide tiếng anh nên đa phần sinh viên không nắm bắt kịp , gần như toàn bộ các bạn đều không hiểu bài .",0,1,train,kỳ này dạy bằng slide tiếng anh nên đa phần sinh viên không nắm bắt kịp gần như toàn bộ các bạn đều không hiểu bài,Tiêu cực,Chương trình,26
chú trọng phần bài tập và thực hành về mạch .,0,1,train,chú trọng phần bài tập và thực hành về mạch,Tiêu cực,Chương trình,10
cần thêm vài ví dụ cụ thể hơn và có bài tập để rèn luyện .,0,1,train,cần thêm vài ví dụ cụ thể hơn và có bài tập để rèn luyện,Tiêu cực,Chương trình,15
"nên tăng cường luyện nói trên lớp , hướng dẫn cách nói nhanh lưu loát .",0,1,train,nên tăng cường luyện nói trên lớp hướng dẫn cách nói nhanh lưu loát,Tiêu cực,Chương trình,14
nhà trường nên dạy những chuẩn sql mới vì chuẩn sql 92 hiện nay không còn phù hợp với những phiên bản sql mới và nó đã quá cũ rồi .,0,1,train,nhà trường nên dạy những chuẩn sql mới vì chuẩn sql 92 hiện nay không còn phù hợp với những phiên bản sql mới và nó đã quá cũ rồi,Tiêu cực,Chương trình,30
slide cần giải chi tiết các ví dụ để các học sinh không lên lớp được thì có thể hiểu được bài giảng .,0,1,train,slide cần giải chi tiết các ví dụ để các học sinh không lên lớp được thì có thể hiểu được bài giảng,Tiêu cực,Chương trình,23
"sử dụng từ ngữ không phù hợp , có thái độ phân biệt với một vài sinh viên , thường nói chuyện với các sinh viên nữ .",0,1,train,sử dụng từ ngữ không phù hợp có thái độ phân biệt với một vài sinh viên thường nói chuyện với các sinh viên nữ,Tiêu cực,Chương trình,25
deadline cho thời gian đủ dài để sinh viên hoàn thành bài tập .,1,1,train,deadline cho thời gian đủ dài để sinh viên hoàn thành bài tập,Tích cực,Chương trình,13
nên giao chìa khóa phòng thực hành cho trực tiếp giáo viên .,0,1,train,nên giao chìa khóa phòng thực hành cho trực tiếp giáo viên,Tiêu cực,Chương trình,12
nội dung môn học khá khó để tiếp thu .,0,1,train,nội dung môn học khá khó để tiếp thu,Tiêu cực,Chương trình,9
"chương trình học khá nặng , quá nhiều kiến thức .",0,1,train,chương trình học khá nặng quá nhiều kiến thức,Tiêu cực,Chương trình,9
nội dung môn học cần rõ ràng hơn nữa để biết môn học học cái gì và khả năng tiếp nhận kiến thức của sinh viên .,0,1,train,nội dung môn học cần rõ ràng hơn nữa để biết môn học học cái gì và khả năng tiếp nhận kiến thức của sinh viên,Tiêu cực,Chương trình,26
nên có thêm slide cho sinh viên .,0,1,train,nên có thêm slide cho sinh viên,Tiêu cực,Chương trình,7
"môn này chẳng hỗ trợ it gì cả , nên dạy qua loa thôi để sinh viên tập trung các môn khác !",0,1,train,môn này chẳng hỗ trợ it gì cả nên dạy qua loa thôi để sinh viên tập trung các môn khác,Tiêu cực,Chương trình,21
có những ví dụ thực tiễn .,1,1,train,có những ví dụ thực tiễn,Tích cực,Chương trình,6
cô cung cấp nhiều thông tin thực tế .,1,1,train,cô cung cấp nhiều thông tin thực tế,Tích cực,Chương trình,8
"dạy xúc tích , dễ hiểu .",1,1,train,dạy xúc tích dễ hiểu,Tích cực,Chương trình,5
"làm đồ án còn phải thi cuối kỳ lý thuyết , sinh viên có nhiều đồ án trên một kỳ , còn phải thi lý thuyết cuối kỳ .",0,1,train,làm đồ án còn phải thi cuối kỳ lý thuyết sinh viên có nhiều đồ án trên một kỳ còn phải thi lý thuyết cuối kỳ,Tiêu cực,Chương trình,26
"cách giảng bài của thầy chưa được tốt còn thiếu sự gây hứng thú học tập cho sinh viên , đề thi môn học quá dài với lượng kiến thức cần có không phải ít khiến sinh viên khó làm bài tốt .",0,1,train,cách giảng bài của thầy chưa được tốt còn thiếu sự gây hứng thú học tập cho sinh viên đề thi môn học quá dài với lượng kiến thức cần có không phải ít khiến sinh viên khó làm bài tốt,Tiêu cực,Chương trình,41
đó là sau khi cô giảng xong một dạng toán thì nên cho ngay một ví dụ .,0,1,train,đó là sau khi cô giảng xong một dạng toán thì nên cho ngay một ví dụ,Tiêu cực,Chương trình,17
cụ thể là phần chấm điểm giữa kỳ .,2,1,train,cụ thể là phần chấm điểm giữa kỳ,Trung lập,Chương trình,8
thông báo ngày nộp bài tập và báo cáo quá trễ .,0,1,train,thông báo ngày nộp bài tập và báo cáo quá trễ,Tiêu cực,Chương trình,11
nên soạn slide bài giảng kỹ hơn .,0,1,train,nên soạn slide bài giảng kỹ hơn,Tiêu cực,Chương trình,7
lúc đầu có sai sót kỹ thuật ở mã môn học it006dote12 có hai dấu chấm nên sinh viên không được add vào môn học trong hệ thống moodle nên thầy phải cung cấp tài liệu cho sinh viên qua google site .,0,1,train,lúc đầu có sai sót kỹ thuật ở mã môn học it006dote12 có hai dấu chấm nên sinh viên không được add vào môn học trong hệ thống moodle nên thầy phải cung cấp tài liệu cho sinh viên qua google site,Tiêu cực,Chương trình,42
nên bỏ môn học này vì nó không sát với chương trình học .,0,1,train,nên bỏ môn học này vì nó không sát với chương trình học,Tiêu cực,Chương trình,13
nên cho kiểm tra theo dạng hiểu hơn là chỉ làm những bài toán .,0,1,train,nên cho kiểm tra theo dạng hiểu hơn là chỉ làm những bài toán,Tiêu cực,Chương trình,14
nên chú trọng vào môn học là hướng đối tượng .,0,1,train,nên chú trọng vào môn học là hướng đối tượng,Tiêu cực,Chương trình,10
đi học vào chủ nhật ở trường đại học thể dục thể thao là điều vô lí .,0,1,train,đi học vào chủ nhật ở trường đại học thể dục thể thao là điều vô lí,Tiêu cực,Chương trình,17
cô dạy nhiệt tình với sinh viên .,1,1,train,cô dạy nhiệt tình với sinh viên,Tích cực,Chương trình,7
cô tính điểm quá trình chưa được tốt .,0,1,train,cô tính điểm quá trình chưa được tốt,Tiêu cực,Chương trình,8
"đã đổi mới chương trình đột ngột thì không nên đổi cả ngôn ngữ , vì quá khó đối với sinh viên .",0,1,train,đã đổi mới chương trình đột ngột thì không nên đổi cả ngôn ngữ vì quá khó đối với sinh viên,Tiêu cực,Chương trình,21
học thực hành nhiều hơn .,0,1,train,học thực hành nhiều hơn,Tiêu cực,Chương trình,5
lớp có một số bạn thi không đậu ở giữa kỳ và được thi lại .,0,1,train,lớp có một số bạn thi không đậu ở giữa kỳ và được thi lại,Tiêu cực,Chương trình,15
chương trình còn nặng lý thuyết .,0,1,train,chương trình còn nặng lý thuyết,Tiêu cực,Chương trình,6
chưa demo nhiều .,0,1,train,chưa demo nhiều,Tiêu cực,Chương trình,3
môn học quá nặng cho một ngành không chuyên toán như công nghệ thông tin .,0,1,train,môn học quá nặng cho một ngành không chuyên toán như công nghệ thông tin,Tiêu cực,Chương trình,15
bài giảng thiếu sự thu hút .,0,1,train,bài giảng thiếu sự thu hút,Tiêu cực,Chương trình,6
"các hoạt động trao đổi , thảo luận trên moodle hầu như không có , rất hạn chế .",1,1,train,các hoạt động trao đổi thảo luận trên moodle hầu như không có rất hạn chế,Tích cực,Chương trình,16
cần dạy nhiều hơn vì khi thực hành chủ yếu sinh viên tự thực hành .,0,1,train,cần dạy nhiều hơn vì khi thực hành chủ yếu sinh viên tự thực hành,Tiêu cực,Chương trình,15
"chấm điểm thực hành cần xem xét , khó đạt điểm cao .",0,1,train,chấm điểm thực hành cần xem xét khó đạt điểm cao,Tiêu cực,Chương trình,11
"sử dụng thư viện của standford , dùng các câu lệnh trong đó để áp dụng vào việc phân loại văn bản .",1,1,train,sử dụng thư viện của standford dùng các câu lệnh trong đó để áp dụng vào việc phân loại văn bản,Tích cực,Chương trình,21
cần nhiều bài tập và lời giải chi tiết kèm giáo trình .,0,1,train,cần nhiều bài tập và lời giải chi tiết kèm giáo trình,Tiêu cực,Chương trình,12
nội dung bài học và thời gian giảng dạy được đảm bảo .,1,1,train,nội dung bài học và thời gian giảng dạy được đảm bảo,Tích cực,Chương trình,12
bài tập khó .,0,1,train,bài tập khó,Tiêu cực,Chương trình,3
"bài giảng hay , thiết thực .",1,1,train,bài giảng hay thiết thực,Tích cực,Chương trình,5
cần cải thiện đề thi thực hành cuối kỳ để sinh viên ở mức trung bình có thể lấy điểm trung bình .,0,1,train,cần cải thiện đề thi thực hành cuối kỳ để sinh viên ở mức trung bình có thể lấy điểm trung bình,Tiêu cực,Chương trình,22
trò chơi sinh động .,1,1,train,trò chơi sinh động,Tích cực,Chương trình,4
đề cương môn học cũng chưa có gây khó khăn trong việc sinh viên có thể chủ động tìm hiểu trước ở nhà .,0,1,train,đề cương môn học cũng chưa có gây khó khăn trong việc sinh viên có thể chủ động tìm hiểu trước ở nhà,Tiêu cực,Chương trình,23
em cảm thấy nó rất hữu ích cho chúng em sau này .,1,1,train,em cảm thấy nó rất hữu ích cho chúng em sau này,Tích cực,Chương trình,12
em nghĩ là môn học này nếu thầy cho làm các đồ án thực tế áp dụng design pattern sẽ hay hơn và giúp chúng em hiểu sâu hơn thi lý thuyết .,0,1,train,em nghĩ là môn học này nếu thầy cho làm các đồ án thực tế áp dụng design pattern sẽ hay hơn và giúp chúng em hiểu sâu hơn thi lý thuyết,Tiêu cực,Chương trình,32
bức xúc vì môn học này .,0,1,train,bức xúc vì môn học này,Tiêu cực,Chương trình,6
"bài học nội dung tốt , sinh động .",1,1,train,bài học nội dung tốt sinh động,Tích cực,Chương trình,7
"cần cung cấp thêm nhiều tài liệu , cả tiếng việt lẫn tiếng anh .",0,1,train,cần cung cấp thêm nhiều tài liệu cả tiếng việt lẫn tiếng anh,Tiêu cực,Chương trình,13
môn này không có giảng dạy .,0,1,train,môn này không có giảng dạy,Tiêu cực,Chương trình,6
slide đầy đủ .,1,1,train,slide đầy đủ,Tích cực,Chương trình,3
môn quan trọng mà có 3 tiết là hơi ít .,0,1,train,môn quan trọng mà có 3 tiết là hơi ít,Tiêu cực,Chương trình,10
nếu được em kiến nghị là muốn giảm số lượng tiết trong một buổi học 4 tiết thành 3 tiết được rồi !,0,1,train,nếu được em kiến nghị là muốn giảm số lượng tiết trong một buổi học 4 tiết thành 3 tiết được rồi,Tiêu cực,Chương trình,22
"đề nghị trường xem xét lại nội dung đề thi cho phù hợp với thời lượng , bài nghe không rõ ràng gây nhiều khó khăn cho sinh viên .",0,1,train,đề nghị trường xem xét lại nội dung đề thi cho phù hợp với thời lượng bài nghe không rõ ràng gây nhiều khó khăn cho sinh viên,Tiêu cực,Chương trình,28
nội dung ôn tập mà giảng viên cung cấp đầy đủ và đáp ứng được cho sinh viên hoàn thành các kỳ thi .,2,1,train,nội dung ôn tập mà giảng viên cung cấp đầy đủ và đáp ứng được cho sinh viên hoàn thành các kỳ thi,Trung lập,Chương trình,23
cần cải tiến cách học và cần cho sinh viên được thực hành và tiếp xúc với các công nghệ bảo mật nhiều hơn để sinh viên có thể vận dụng kiến thức đã học của mình .,0,1,train,cần cải tiến cách học và cần cho sinh viên được thực hành và tiếp xúc với các công nghệ bảo mật nhiều hơn để sinh viên có thể vận dụng kiến thức đã học của mình,Tiêu cực,Chương trình,37
cần thống nhất nội dung học giữa lý thuyết và thực hành .,0,1,train,cần thống nhất nội dung học giữa lý thuyết và thực hành,Tiêu cực,Chương trình,12
"nhà trường nên cho sinh viên biết cụ thể nội dung , mục đích môn học ngay từ để giúp sinh viên hiểu rõ hơn về môn học sắp tới .",0,1,train,nhà trường nên cho sinh viên biết cụ thể nội dung mục đích môn học ngay từ để giúp sinh viên hiểu rõ hơn về môn học sắp tới,Tiêu cực,Chương trình,29
hình thức thi đề đóng không phù hợp với môn học .,0,1,train,hình thức thi đề đóng không phù hợp với môn học,Tiêu cực,Chương trình,11
cho sinh viên biết điểm thi giữa kỳ và điểm thi speaking ngay khi có thể .,0,1,train,cho sinh viên biết điểm thi giữa kỳ và điểm thi speaking ngay khi có thể,Tiêu cực,Chương trình,16
việc lên lớp và không lên lớp không có khác biệt .,2,1,train,việc lên lớp và không lên lớp không có khác biệt,Trung lập,Chương trình,11
phải thực hành nhiều hơn nữa .,0,1,train,phải thực hành nhiều hơn nữa,Tiêu cực,Chương trình,6
tăng cường những tiết làm bài tập và phân tích về thực tiễn hơn .,0,1,train,tăng cường những tiết làm bài tập và phân tích về thực tiễn hơn,Tiêu cực,Chương trình,14
"phần thực hành còn sơ sài , chưa hỗ trợ tốt cho lý thuyết .",0,1,train,phần thực hành còn sơ sài chưa hỗ trợ tốt cho lý thuyết,Tiêu cực,Chương trình,13
cập nhật chương trình học .,0,1,train,cập nhật chương trình học,Tiêu cực,Chương trình,5
bài tập thực hành không có sức lôi cuốn sinh viên phải thực hiện .,0,1,train,bài tập thực hành không có sức lôi cuốn sinh viên phải thực hiện,Tiêu cực,Chương trình,14
lượng kiến thức cần học quá dài và khó tiếp thu .,0,1,train,lượng kiến thức cần học quá dài và khó tiếp thu,Tiêu cực,Chương trình,11
"bài giảng từng phần có bài tập , ví dụ cụ thể dễ hiểu , để nắm được kiến thức .",1,1,train,bài giảng từng phần có bài tập ví dụ cụ thể dễ hiểu để nắm được kiến thức,Tích cực,Chương trình,18
học có 3 buổi thôi nhưng em không thể đi buổi nào được vì trùng với lịch môn wzjwz149 .,0,1,train,học có 3 buổi thôi nhưng em không thể đi buổi nào được vì trùng với lịch môn wzjwz149,Tiêu cực,Chương trình,19
"bài giảng hấp dẫn , gần gũi thực tế .",1,1,train,bài giảng hấp dẫn gần gũi thực tế,Tích cực,Chương trình,8
cả kỳ học được có 5 - 6 buổi .,0,1,train,cả kỳ học được có 5 6 buổi,Tiêu cực,Chương trình,8
"đồ án khó , liên quan tới nhiều nội dung chưa được học .",0,1,train,đồ án khó liên quan tới nhiều nội dung chưa được học,Tiêu cực,Chương trình,12
hơn là những thuật toán của những môn trước .,2,1,train,hơn là những thuật toán của những môn trước,Trung lập,Chương trình,9
nhưng em chỉ không hài lòng về chương trình học theo outcome thôi ạ .,0,1,train,nhưng em chỉ không hài lòng về chương trình học theo outcome thôi ạ,Tiêu cực,Chương trình,14
"tạo group lớp để thảo luận , giải đáp các thắc mắc rất hiệu quả và tốt !",0,1,train,tạo group lớp để thảo luận giải đáp các thắc mắc rất hiệu quả và tốt,Tiêu cực,Chương trình,16
nên tập trung vào chuyên môn trong mỗi buổi dạy .,0,1,train,nên tập trung vào chuyên môn trong mỗi buổi dạy,Tiêu cực,Chương trình,10
không có thực hành môn này .,0,1,train,không có thực hành môn này,Tiêu cực,Chương trình,6
nửa đầu tiên hơi có sự chênh lệch kiến thức dạy học giữa lớp sáng và chiều .,0,1,train,nửa đầu tiên hơi có sự chênh lệch kiến thức dạy học giữa lớp sáng và chiều,Tiêu cực,Chương trình,17
các bài lab chưa có ứng dụng thực tiễn .,0,1,train,các bài lab chưa có ứng dụng thực tiễn,Tiêu cực,Chương trình,9
làm sinh viên không thoải mái học tập .,0,1,train,làm sinh viên không thoải mái học tập,Tiêu cực,Chương trình,8
cần có những bài tập cụ thể cho từng tuần .,0,1,train,cần có những bài tập cụ thể cho từng tuần,Tiêu cực,Chương trình,10
"sinh viên đã chọn ngành , chuyên ngành rồi mới học giới thiệu ngành .",0,1,train,sinh viên đã chọn ngành chuyên ngành rồi mới học giới thiệu ngành,Tiêu cực,Chương trình,13
"chú trọng vào thực tế hơn lý thuyết , tăng sự thích thú cho học sinh .",1,1,train,chú trọng vào thực tế hơn lý thuyết tăng sự thích thú cho học sinh,Tích cực,Chương trình,15
nếu có thì cũng xin xem lại chất lượng môn này .,0,1,train,nếu có thì cũng xin xem lại chất lượng môn này,Tiêu cực,Chương trình,11
"tiếp cận được phương pháp học tiếng anh hoàn toàn mới so với lúc còn học cấp 2 , 3 .",1,1,train,tiếp cận được phương pháp học tiếng anh hoàn toàn mới so với lúc còn học cấp 2 3,Tích cực,Chương trình,19
"đây là một môn khó , do đó cần liên hệ với thực tiễn để sinh viên có thể hiểu rõ ý nghĩa của môn học .",0,1,train,đây là một môn khó do đó cần liên hệ với thực tiễn để sinh viên có thể hiểu rõ ý nghĩa của môn học,Tiêu cực,Chương trình,25
thực hành quá khó hầu như chưa sinh viên nào có kinh nghiệm lại đi cho một dự án rồi tự sinh viên làm thử hỏi sao sinh viên có thể làm được .,0,1,train,thực hành quá khó hầu như chưa sinh viên nào có kinh nghiệm lại đi cho một dự án rồi tự sinh viên làm thử hỏi sao sinh viên có thể làm được,Tiêu cực,Chương trình,33
"cần có bài tập nhóm , trên lớp hoặc về nhà .",1,1,train,cần có bài tập nhóm trên lớp hoặc về nhà,Tích cực,Chương trình,10
"môn này cần tăng lên 4 tín chỉ thay vì là 3 vì mạng truyền thông và di động có kiến thức khá rộng , môn này không có thực hành nên có thực hành vì mạng di động mà không thực hành thì khá trừu tượng .",0,1,train,môn này cần tăng lên 4 tín chỉ thay vì là 3 vì mạng truyền thông và di động có kiến thức khá rộng môn này không có thực hành nên có thực hành vì mạng di động mà không thực hành thì khá trừu tượng,Tiêu cực,Chương trình,46
chất lượng đào tạo tốt !,1,1,train,chất lượng đào tạo tốt,Tích cực,Chương trình,5
cần tăng cường giảng giải lý thuyết .,0,1,train,cần tăng cường giảng giải lý thuyết,Tiêu cực,Chương trình,7
các bài thực hành theo ý kiến chủ quan của sinh viên thì hơi quá khó nhất là 1 - 2 bài gần cuối .,0,1,train,các bài thực hành theo ý kiến chủ quan của sinh viên thì hơi quá khó nhất là 1 2 bài gần cuối,Tiêu cực,Chương trình,23
nên bỏ hoặc là tâm huyết với seminar thì tốt hơn .,0,1,train,nên bỏ hoặc là tâm huyết với seminar thì tốt hơn,Tiêu cực,Chương trình,11
"môn thực hành này , về kiến thức , học tập , chủ yếu là em trao đổi với bạn học và với giáo viên lý thuyết cô wzjwz152 .",2,1,train,môn thực hành này về kiến thức học tập chủ yếu là em trao đổi với bạn học và với giáo viên lý thuyết cô wzjwz152,Trung lập,Chương trình,26
cần phân bổ số lượng bài tập phù hợp với nội dung lý thuyết .,0,1,train,cần phân bổ số lượng bài tập phù hợp với nội dung lý thuyết,Tiêu cực,Chương trình,14
không đồng ý với việc thi lập trình trên giấy .,0,1,train,không đồng ý với việc thi lập trình trên giấy,Tiêu cực,Chương trình,10
nên cập nhật những nội dung mới vào môn học .,0,1,train,nên cập nhật những nội dung mới vào môn học,Tiêu cực,Chương trình,10
"không đảm bào giờ học trên lớp , sinh viên hỏi trả lời không thỏa mãn theo yêu cầu .",0,1,train,không đảm bào giờ học trên lớp sinh viên hỏi trả lời không thỏa mãn theo yêu cầu,Tiêu cực,Chương trình,18
cần thêm code demo hướng dẫn phương pháp .,0,1,train,cần thêm code demo hướng dẫn phương pháp,Tiêu cực,Chương trình,8
sinh viên hoàn toàn tự học .,1,1,train,sinh viên hoàn toàn tự học,Tích cực,Chương trình,6
thêm thời lượng môn học .,0,1,train,thêm thời lượng môn học,Tiêu cực,Chương trình,5
kiến thức còn kỳ kỳ .,0,1,train,kiến thức còn kỳ kỳ,Tiêu cực,Chương trình,5
"bởi học kỳ này tiết học thực hành của môn học bị trễ nhiều tuần , giảng viên thực hành phải đắp giờ học bù và bài tập nhiều hơn dự kiến .",0,1,train,bởi học kỳ này tiết học thực hành của môn học bị trễ nhiều tuần giảng viên thực hành phải đắp giờ học bù và bài tập nhiều hơn dự kiến,Tiêu cực,Chương trình,31
"tiết học vui nhộn , thú vị tạo cảm giác thoải mái khi học tập .",1,1,train,tiết học vui nhộn thú vị tạo cảm giác thoải mái khi học tập,Tích cực,Chương trình,14
nên thống nhất hình thức thi thực hành của môn học .,0,1,train,nên thống nhất hình thức thi thực hành của môn học,Tiêu cực,Chương trình,11
"tiết học thiếu không khí vui tươi , nhiệt tình từ sinh viên .",0,1,train,tiết học thiếu không khí vui tươi nhiệt tình từ sinh viên,Tiêu cực,Chương trình,12
em mong muốn sẽ cho sinh viên được thực hành nhiều hơn để có thể áp dụng những kiến thức trong học tập vào đời sống hằng ngày .,0,1,train,em mong muốn sẽ cho sinh viên được thực hành nhiều hơn để có thể áp dụng những kiến thức trong học tập vào đời sống hằng ngày,Tiêu cực,Chương trình,28
lý thuyết đi nhanh làm tụi em hiểu bài dựa trên ví dụ .,0,1,train,lý thuyết đi nhanh làm tụi em hiểu bài dựa trên ví dụ,Tiêu cực,Chương trình,13
cách tính điểm chưa công bằng cho các thành viên trong nhóm đồ án .,0,1,train,cách tính điểm chưa công bằng cho các thành viên trong nhóm đồ án,Tiêu cực,Chương trình,14
thà sinh viên ở nhà tự thực hành vui hơn .,0,1,train,thà sinh viên ở nhà tự thực hành vui hơn,Tiêu cực,Chương trình,10
nên tăng thêm nguồn tài liệu cho sinh viên tiếp cận .,0,1,train,nên tăng thêm nguồn tài liệu cho sinh viên tiếp cận,Tiêu cực,Chương trình,11
"em có phản ánh thế này doubledot thực hành là học cách tuần , trong khi đó thì bài thực hành mỗi tuần mỗi khác .",0,1,train,em có phản ánh thế này doubledot thực hành là học cách tuần trong khi đó thì bài thực hành mỗi tuần mỗi khác,Tiêu cực,Chương trình,24
lịch học bù đôi khi cập nhật trễ .,0,1,train,lịch học bù đôi khi cập nhật trễ,Tiêu cực,Chương trình,8
em nghĩ nên có giờ giao tiếp bằng tiếng anh riêng cho sinh viên để cải thiện được khả năng giao tiếp của sinh viên .,0,1,train,em nghĩ nên có giờ giao tiếp bằng tiếng anh riêng cho sinh viên để cải thiện được khả năng giao tiếp của sinh viên,Tiêu cực,Chương trình,25
có thể hai thầy chưa nhất quán được nội dung phần thực hành .,0,1,train,có thể hai thầy chưa nhất quán được nội dung phần thực hành,Tiêu cực,Chương trình,13
tài liệu chính thức của trường chưa có .,0,1,train,tài liệu chính thức của trường chưa có,Tiêu cực,Chương trình,8
"cô dễ thương , dạy dễ hiểu , nhiệt tình với học sinh .",1,1,train,cô dễ thương dạy dễ hiểu nhiệt tình với học sinh,Tích cực,Chương trình,11
số lượng sinh viên nên giảm xuống khoảng 10 người fraction lớp .,0,1,train,số lượng sinh viên nên giảm xuống khoảng 10 người fraction lớp,Tiêu cực,Chương trình,12
đồ án lập trình cần giao ngay đầu học kỳ để sinh viên có thể sắp xếp đầu tư .,0,1,train,đồ án lập trình cần giao ngay đầu học kỳ để sinh viên có thể sắp xếp đầu tư,Tiêu cực,Chương trình,19
không được luyện tập nhiều về các kỹ năng .,0,1,train,không được luyện tập nhiều về các kỹ năng,Tiêu cực,Chương trình,9
"để cải tiến chất lượng môn học , em hi vọng nhà trường tăng thời lượng cho môn này , vì thực sự môn này còn nhiều vấn đề nhưng không đủ thời gian để dạy .",0,1,train,để cải tiến chất lượng môn học em hi vọng nhà trường tăng thời lượng cho môn này vì thực sự môn này còn nhiều vấn đề nhưng không đủ thời gian để dạy,Tiêu cực,Chương trình,34
"bài tập đa dạng , mức độ khó dễ khác nhau .",1,1,train,bài tập đa dạng mức độ khó dễ khác nhau,Tích cực,Chương trình,10
số lượng buổi học hơi ít so với nội dung thực hành .,0,1,train,số lượng buổi học hơi ít so với nội dung thực hành,Tiêu cực,Chương trình,12
bài tập về nhà mức hơi khó .,0,1,train,bài tập về nhà mức hơi khó,Tiêu cực,Chương trình,7
cần giáo trình và bài tập .,0,1,train,cần giáo trình và bài tập,Tiêu cực,Chương trình,6
nên cung cấp cho sinh viên nhiều kiến thức thực tế qua các bài tập và thực hành .,0,1,train,nên cung cấp cho sinh viên nhiều kiến thức thực tế qua các bài tập và thực hành,Tiêu cực,Chương trình,18
vấn đề điểm kiểm tra cuối kỳ gây nhiều tranh cãi trong sinh viên .,0,1,train,vấn đề điểm kiểm tra cuối kỳ gây nhiều tranh cãi trong sinh viên,Tiêu cực,Chương trình,14
điểm danh đủ các buổi để tạo công bằng cho sinh viên .,1,1,train,điểm danh đủ các buổi để tạo công bằng cho sinh viên,Tích cực,Chương trình,12
giờ thực hành được tăng cường nhiều hơn nữa .,0,1,train,giờ thực hành được tăng cường nhiều hơn nữa,Tiêu cực,Chương trình,9
thực hành hình thức 2 giảng viên cần sử dụng thời gian của môn học có hiệu quả và ý nghĩa với học viên .,0,1,train,thực hành hình thức 2 giảng viên cần sử dụng thời gian của môn học có hiệu quả và ý nghĩa với học viên,Tiêu cực,Chương trình,24
cách này không phù hợp với môn học .,0,1,train,cách này không phù hợp với môn học,Tiêu cực,Chương trình,8
"đọc slide xong cũng hết giờ và coi như kiến thức đó đã được "" nạp "" .",0,1,train,đọc slide xong cũng hết giờ và coi như kiến thức đó đã được nạp,Tiêu cực,Chương trình,15
làm nhiều bài tập .,0,1,train,làm nhiều bài tập,Tiêu cực,Chương trình,4
áp dụng .,2,1,train,áp dụng,Trung lập,Chương trình,2
đồ án quá khó so với sức của sinh viên .,0,1,train,đồ án quá khó so với sức của sinh viên,Tiêu cực,Chương trình,10
chương trình học quá nhiều và nhiều phần không cần thiết .,0,1,train,chương trình học quá nhiều và nhiều phần không cần thiết,Tiêu cực,Chương trình,11
liên hệ thực tế đến các môn lập trình .,0,1,train,liên hệ thực tế đến các môn lập trình,Tiêu cực,Chương trình,9
"em cảm giác như môn vừa học là "" nhập môn lisp và prolog "" .",0,1,train,em cảm giác như môn vừa học là nhập môn lisp và prolog,Tiêu cực,Chương trình,13
bài tập còn khó so với lớp yếu tiếng anh .,0,1,train,bài tập còn khó so với lớp yếu tiếng anh,Tiêu cực,Chương trình,10
nên bổ sung phần lập trình socket ạ !,0,1,train,nên bổ sung phần lập trình socket ạ,Tiêu cực,Chương trình,8
cho làm bài kiểm tra thử trước khi thi .,1,1,train,cho làm bài kiểm tra thử trước khi thi,Tích cực,Chương trình,9
môn này nếu được thực hành nhiều sẽ đảm bảo chất lượng hơn các bạn sinh viên tự tìm tòi cũng được nhưng sẽ tốt hơn nếu có người hướng dẫn .,0,1,train,môn này nếu được thực hành nhiều sẽ đảm bảo chất lượng hơn các bạn sinh viên tự tìm tòi cũng được nhưng sẽ tốt hơn nếu có người hướng dẫn,Tiêu cực,Chương trình,31
"môn học nên có hình thức và báo cáo khác nhẹ hơn , vì đây là môn nhập môn .",0,1,train,môn học nên có hình thức và báo cáo khác nhẹ hơn vì đây là môn nhập môn,Tiêu cực,Chương trình,18
cần những giờ học sôi động hơn không học thuật quá nhiều .,0,1,train,cần những giờ học sôi động hơn không học thuật quá nhiều,Tiêu cực,Chương trình,12
đề làm thực hành thực sự chỉ dễ cho giảng viên .,0,1,train,đề làm thực hành thực sự chỉ dễ cho giảng viên,Tiêu cực,Chương trình,11
cần giảm tải số lượng bài học trong mỗi tiết học .,0,1,train,cần giảm tải số lượng bài học trong mỗi tiết học,Tiêu cực,Chương trình,11
"có thể cho nhiều bài tập , và có giờ sửa chữa bài tập trên lớp riêng .",0,1,train,có thể cho nhiều bài tập và có giờ sửa chữa bài tập trên lớp riêng,Tiêu cực,Chương trình,16
thời gian giải bài tập với sinh viên chưa nhiều .,0,1,train,thời gian giải bài tập với sinh viên chưa nhiều,Tiêu cực,Chương trình,10
"cần thêm nhiều thông tin , tài liệu về môn học .",0,1,train,cần thêm nhiều thông tin tài liệu về môn học,Tiêu cực,Chương trình,10
có nhiều ví dụ hay .,1,1,train,có nhiều ví dụ hay,Tích cực,Chương trình,5
"đề thi quá chú trọng vào từ vựng , ngữ pháp .",0,1,train,đề thi quá chú trọng vào từ vựng ngữ pháp,Tiêu cực,Chương trình,10
cần đa dạng hóa bài tập hơn .,0,1,train,cần đa dạng hóa bài tập hơn,Tiêu cực,Chương trình,7
phần thực hành ít có liên quan đến phần lý thuyết .,0,1,train,phần thực hành ít có liên quan đến phần lý thuyết,Tiêu cực,Chương trình,11
không có sự đồng bộ giữa giảng viên thực hành và giảng viên lý thuyết .,0,1,train,không có sự đồng bộ giữa giảng viên thực hành và giảng viên lý thuyết,Tiêu cực,Chương trình,15
chưa gây được hứng thú trong quá trình học .,0,1,train,chưa gây được hứng thú trong quá trình học,Tiêu cực,Chương trình,9
slide cô chuẩn bị rất hay lý thuyết rất chi tiết .,1,1,train,slide cô chuẩn bị rất hay lý thuyết rất chi tiết,Tích cực,Chương trình,11
hoặc không phân nhóm nhưng vẫn nên cho đề tài để sinh viên tìm hiểu .,0,1,train,hoặc không phân nhóm nhưng vẫn nên cho đề tài để sinh viên tìm hiểu,Tiêu cực,Chương trình,15
có thể chưa phù hợp nhưng ý kiến cá nhân của em là doubledot nên thực hành theo phương thức 2 để có thể ứng dụng các lý thuyết được học trên lớp lên các thiết bị thật .,0,1,train,có thể chưa phù hợp nhưng ý kiến cá nhân của em là doubledot nên thực hành theo phương thức 2 để có thể ứng dụng các lý thuyết được học trên lớp lên các thiết bị thật,Tiêu cực,Chương trình,38
lớp trưởng quản lý 19 - 20 nhóm trong lớp đòi hỏi lớp trưởng phải có kiến thức tốt và trách nhiệm .,0,1,train,lớp trưởng quản lý 19 20 nhóm trong lớp đòi hỏi lớp trưởng phải có kiến thức tốt và trách nhiệm,Tiêu cực,Chương trình,21
"bài tập thực hành đa đạng , dễ hiểu .",1,1,train,bài tập thực hành đa đạng dễ hiểu,Tích cực,Chương trình,8
cho thi giữa kỳ .,2,1,train,cho thi giữa kỳ,Trung lập,Chương trình,4
nên thay hình thức này bằng hình thức khác .,0,1,train,nên thay hình thức này bằng hình thức khác,Tiêu cực,Chương trình,9
cô rất tốt .,1,1,train,cô rất tốt,Tích cực,Chương trình,3
"giảm tải bớt lý thuyết và nên đưa các ví dụ thực tiễn vào nội dung giảng dạy giúp sinh viên định hướng được nội dung , mục đích và cách áp dụng môn học vào nghề nghiệp sau khi ra trường .",0,1,train,giảm tải bớt lý thuyết và nên đưa các ví dụ thực tiễn vào nội dung giảng dạy giúp sinh viên định hướng được nội dung mục đích và cách áp dụng môn học vào nghề nghiệp sau khi ra trường,Tiêu cực,Chương trình,41
"có các ví dụ bài tập hay , hiệu quả .",1,1,train,có các ví dụ bài tập hay hiệu quả,Tích cực,Chương trình,9
thang điểm kiểm tra bài thực hành dễ gây ức chế .,1,1,train,thang điểm kiểm tra bài thực hành dễ gây ức chế,Tích cực,Chương trình,11
tăng cường thời lượng giải bài tập .,0,1,train,tăng cường thời lượng giải bài tập,Tiêu cực,Chương trình,7
2 tuần 1 buổi 5 tiết theo cá nhân em là chưa hợp lý !,0,1,train,2 tuần 1 buổi 5 tiết theo cá nhân em là chưa hợp lý,Tiêu cực,Chương trình,14
cần liên kết giữa lý thuyết và thực hành .,0,1,train,cần liên kết giữa lý thuyết và thực hành,Tiêu cực,Chương trình,9
"không cảm thấy tiếp thu được kiến thức , đa phần phải tự học tự tìm kiếm kiến thức .",0,1,train,không cảm thấy tiếp thu được kiến thức đa phần phải tự học tự tìm kiếm kiến thức,Tiêu cực,Chương trình,18
cần có giáo trình và đề cương chi tiết .,0,1,train,cần có giáo trình và đề cương chi tiết,Tiêu cực,Chương trình,9
bài tập được thầy đưa trên courses .,0,1,train,bài tập được thầy đưa trên courses,Tiêu cực,Chương trình,7
gây khó nắm bắt .,0,1,train,gây khó nắm bắt,Tiêu cực,Chương trình,4
thêm các tiết dạy thực hành .,0,1,train,thêm các tiết dạy thực hành,Tiêu cực,Chương trình,6
thêm bài tập logic .,0,1,train,thêm bài tập logic,Tiêu cực,Chương trình,4
"thời gian học quá trễ , sinh viên chất lượng cao không về được xe trường vốn là quyền lợi của sinh viên chất lượng cao , sinh viên không kịp thời gian đi học thêm sau thời gian học về đến trung tâm thành phố sau 7h .",0,1,train,thời gian học quá trễ sinh viên chất lượng cao không về được xe trường vốn là quyền lợi của sinh viên chất lượng cao sinh viên không kịp thời gian đi học thêm sau thời gian học về đến trung tâm thành phố sau 7h,Tiêu cực,Chương trình,46
"có những yêu cầu vượt quá khả năng của sinh viên , yêu cầu cao khiến sinh viên cảm thấy vô cùng áp lực khi học .",0,1,train,có những yêu cầu vượt quá khả năng của sinh viên yêu cầu cao khiến sinh viên cảm thấy vô cùng áp lực khi học,Tiêu cực,Chương trình,25
ít bài tập làm thêm cũng như không sửa bài tập giao trên moodle .,0,1,train,ít bài tập làm thêm cũng như không sửa bài tập giao trên moodle,Tiêu cực,Chương trình,14
môn học nên là tự chọn thay vì bắt buộc .,0,1,train,môn học nên là tự chọn thay vì bắt buộc,Tiêu cực,Chương trình,10
quá ít bữa thực hành .,0,1,train,quá ít bữa thực hành,Tiêu cực,Chương trình,5
"lý thuyết tốt , đồ án hay .",1,1,train,lý thuyết tốt đồ án hay,Tích cực,Chương trình,6
giảm số tiết trong buổi học .,0,1,train,giảm số tiết trong buổi học,Tiêu cực,Chương trình,6
thực hành không có tính thực tiễn .,0,1,train,thực hành không có tính thực tiễn,Tiêu cực,Chương trình,7
slide giảng dạy đầy đủ và trực quan .,1,1,train,slide giảng dạy đầy đủ và trực quan,Tích cực,Chương trình,8
nên là nếu học thế này thì khi đi học thực hành nếu ngay tuần nghĩ thì em sẽ không được thực hành với nội dung bài đó .,0,1,train,nên là nếu học thế này thì khi đi học thực hành nếu ngay tuần nghĩ thì em sẽ không được thực hành với nội dung bài đó,Tiêu cực,Chương trình,28
"nên giảm số bài học trong một học kỳ , vì số tiết học không đủ , khiến phải học nhanh , tiếp thu ít .",0,1,train,nên giảm số bài học trong một học kỳ vì số tiết học không đủ khiến phải học nhanh tiếp thu ít,Tiêu cực,Chương trình,22
điều này tốt cho sinh viên làm quen với quy trình làm việc thực tế .,1,1,train,điều này tốt cho sinh viên làm quen với quy trình làm việc thực tế,Tích cực,Chương trình,15
vì học là để code mà .,2,1,train,vì học là để code mà,Trung lập,Chương trình,6
giảm giờ học .,0,1,train,giảm giờ học,Tiêu cực,Chương trình,3
cần tăng cường phần nghe nói hơn đọc viết .,0,1,train,cần tăng cường phần nghe nói hơn đọc viết,Tiêu cực,Chương trình,9
ủa mà học có một buổi à dot còn tài liệu tự coi .,0,1,train,ủa mà học có một buổi à dot còn tài liệu tự coi,Tiêu cực,Chương trình,13
làm nhiều bài kiểm tra quá .,0,1,train,làm nhiều bài kiểm tra quá,Tiêu cực,Chương trình,6
bài giảng nên có trình bày chi tiết hơn .,0,1,train,bài giảng nên có trình bày chi tiết hơn,Tiêu cực,Chương trình,9
nội dung học cũ .,0,1,train,nội dung học cũ,Tiêu cực,Chương trình,4
cô nói hơi nhanh .,0,1,train,cô nói hơi nhanh,Tiêu cực,Chương trình,4
nội dung khó hiểu .,0,1,train,nội dung khó hiểu,Tiêu cực,Chương trình,4
cần cung cấp tài liệu cho sinh viên ngay từ đầu .,0,1,train,cần cung cấp tài liệu cho sinh viên ngay từ đầu,Tiêu cực,Chương trình,11
nên có giáo trình song ngữ cả tiếng anh và tiếng việt .,0,1,train,nên có giáo trình song ngữ cả tiếng anh và tiếng việt,Tiêu cực,Chương trình,12
"thực sự em cảm thấy 90 phút thi giấy với đề thi đó là quá sức , dường như không một ai có thể hoàn thành dù rất nỗ lực .",0,1,train,thực sự em cảm thấy 90 phút thi giấy với đề thi đó là quá sức dường như không một ai có thể hoàn thành dù rất nỗ lực,Tiêu cực,Chương trình,29
bài giảng trực quan dễ tiếp thu .,1,1,train,bài giảng trực quan dễ tiếp thu,Tích cực,Chương trình,7
các bài tập thực hành có lượng bài khá nhiều và tương tự nhau .,0,1,train,các bài tập thực hành có lượng bài khá nhiều và tương tự nhau,Tiêu cực,Chương trình,14
"nên cung cấp cho sinh viên thêm nhiều tài liệu , cũng như bắt kịp xu thế phát triển của công nghệ để không bị lỗi thời lạc hậu .",0,1,train,nên cung cấp cho sinh viên thêm nhiều tài liệu cũng như bắt kịp xu thế phát triển của công nghệ để không bị lỗi thời lạc hậu,Tiêu cực,Chương trình,28
"đã gọi là môn học kỹ năng nghề nghiệp , thì nên cập nhật những kỹ năng rõ ràng , mang tính thực tế .",0,1,train,đã gọi là môn học kỹ năng nghề nghiệp thì nên cập nhật những kỹ năng rõ ràng mang tính thực tế,Tiêu cực,Chương trình,22
em đã biết được cấu trúc dữ liệu là gì .,1,1,train,em đã biết được cấu trúc dữ liệu là gì,Tích cực,Chương trình,10
bài giảng theo version mới nên được cung cấp trước khi bắt đầu buổi học để sinh viên có thể nắm được thông tin mình cần xem trước cho buổi học .,0,1,train,bài giảng theo version mới nên được cung cấp trước khi bắt đầu buổi học để sinh viên có thể nắm được thông tin mình cần xem trước cho buổi học,Tiêu cực,Chương trình,31
thầy đôi khi bỏ tiết không báo trước .,0,1,train,thầy đôi khi bỏ tiết không báo trước,Tiêu cực,Chương trình,8
trong quá trình giảng dạy có kèm theo các phương pháp học tập .,1,1,train,trong quá trình giảng dạy có kèm theo các phương pháp học tập,Tích cực,Chương trình,13
không kích thích sự phát triển trong lập trình .,0,1,train,không kích thích sự phát triển trong lập trình,Tiêu cực,Chương trình,9
"bên cạnh vấn đề phát âm lỗi , còn là vấn để truyền đạt , thật sự nó rất chán và buồn ngủ , lượng sinh viên đăng ký thì lớn hơn 50 bạn , mà thực trạng đi học thì chỉ khoảng 20 - 25 bạn !",0,1,train,bên cạnh vấn đề phát âm lỗi còn là vấn để truyền đạt thật sự nó rất chán và buồn ngủ lượng sinh viên đăng ký thì lớn hơn 50 bạn mà thực trạng đi học thì chỉ khoảng 20 25 bạn,Tiêu cực,Chương trình,42
em có ý kiến là nên hoàn thành các bài tập thực hành trước khi kỳ thi bắt đầu .,0,1,train,em có ý kiến là nên hoàn thành các bài tập thực hành trước khi kỳ thi bắt đầu,Tiêu cực,Chương trình,19
"thông báo học thực hành quá đột ngột , hôm nay thông báo mai học , sinh viên cũng có những công việc riêng chứ .",0,1,train,thông báo học thực hành quá đột ngột hôm nay thông báo mai học sinh viên cũng có những công việc riêng chứ,Tiêu cực,Chương trình,23
quá nhàm chán và lớp chỉ đi học có 8 - 12 người .,0,1,train,quá nhàm chán và lớp chỉ đi học có 8 12 người,Tiêu cực,Chương trình,12
mong trường sớm có giải pháp khắc phục .,0,1,train,mong trường sớm có giải pháp khắc phục,Tiêu cực,Chương trình,8
dạy quá tiết học .,1,1,train,dạy quá tiết học,Tích cực,Chương trình,4
"silde bài giảng tốt , giảng hay .",1,1,train,silde bài giảng tốt giảng hay,Tích cực,Chương trình,6
chưa khai thác tốt hệ thống website môn học trong hỗ trợ sinh viên .,0,1,train,chưa khai thác tốt hệ thống website môn học trong hỗ trợ sinh viên,Tiêu cực,Chương trình,14
cần liên hệ thực tiễn nhiều hơn .,0,1,train,cần liên hệ thực tiễn nhiều hơn,Tiêu cực,Chương trình,7
cần có tài liệu học nhiều hơn .,0,1,train,cần có tài liệu học nhiều hơn,Tiêu cực,Chương trình,7
"lý thuyết chậm rất nhiều so với thực hành , do đó nhiều khi chúng em phải làm bài tập thực hành mà chưa học qua lý thuyết .",0,1,train,lý thuyết chậm rất nhiều so với thực hành do đó nhiều khi chúng em phải làm bài tập thực hành mà chưa học qua lý thuyết,Tiêu cực,Chương trình,27
nên có nhiều ví dụ hơn và trình bày nhiều hơn .,0,1,train,nên có nhiều ví dụ hơn và trình bày nhiều hơn,Tiêu cực,Chương trình,11
nên có bài tập nhiều hơn !,0,1,train,nên có bài tập nhiều hơn,Tiêu cực,Chương trình,6
"quá lý thuyết , hy vọng môn học sẽ tập trung hơn vào những kiến thức thực tiễn hơn .",0,1,train,quá lý thuyết hy vọng môn học sẽ tập trung hơn vào những kiến thức thực tiễn hơn,Tiêu cực,Chương trình,18
"nên cho sinh viên biết bài tập thực trước khi đến lớp để sinh viên nghiên cứu , thật sự rất khó hiểu về các bài lab thực hành .",0,1,train,nên cho sinh viên biết bài tập thực trước khi đến lớp để sinh viên nghiên cứu thật sự rất khó hiểu về các bài lab thực hành,Tiêu cực,Chương trình,28
sinh viên khó tiếp thu được hết tất cả .,0,1,train,sinh viên khó tiếp thu được hết tất cả,Tiêu cực,Chương trình,9
"bài tập nhiều để vận dụng , tăng thêm giờ học .",1,1,train,bài tập nhiều để vận dụng tăng thêm giờ học,Tích cực,Chương trình,10
"tăng cường trải nghiệm thực tế qua doubledot code , mô hình , chu trình phát triển game .",0,1,train,tăng cường trải nghiệm thực tế qua doubledot code mô hình chu trình phát triển game,Tiêu cực,Chương trình,16
cho thêm bài tập và cập nhật thông tin môn học trên moodle .,0,1,train,cho thêm bài tập và cập nhật thông tin môn học trên moodle,Tiêu cực,Chương trình,13
"rất tốt , thời gian môn học trong một tuần phải tăng lên , muốn học nhiều hơn môn này .",1,1,train,rất tốt thời gian môn học trong một tuần phải tăng lên muốn học nhiều hơn môn này,Tích cực,Chương trình,18
môn học khá là khó tiếp cận .,0,1,train,môn học khá là khó tiếp cận,Tiêu cực,Chương trình,7
kiến thức đầy đủ và sử dụng nhiều .,1,1,train,kiến thức đầy đủ và sử dụng nhiều,Tích cực,Chương trình,8
cho đồ án môn này để sinh viên nghiên cứu .,2,1,train,cho đồ án môn này để sinh viên nghiên cứu,Trung lập,Chương trình,10
"chúng em đã và đang từng bước vào chuyên ngành , môn nào cũng có đồ án , mà cái nào cũng nặng , cũng yêu cầu cao .",0,1,train,chúng em đã và đang từng bước vào chuyên ngành môn nào cũng có đồ án mà cái nào cũng nặng cũng yêu cầu cao,Tiêu cực,Chương trình,25
biết hai ngôn ngữ sẽ dễ gây ấn tượng với nhà tuyển dụng hơn là một .,1,1,train,biết hai ngôn ngữ sẽ dễ gây ấn tượng với nhà tuyển dụng hơn là một,Tích cực,Chương trình,16
do chương trình mới dạy bằng tiếng anh nên gây khó khăn cho chúng em trong việc tiếp thu kiến thức .,0,1,train,do chương trình mới dạy bằng tiếng anh nên gây khó khăn cho chúng em trong việc tiếp thu kiến thức,Tiêu cực,Chương trình,21
bài thực hành khó và nhiều !,0,1,train,bài thực hành khó và nhiều,Tiêu cực,Chương trình,6
cần tài liệu nhiều hơn đọc dễ hiểu hơn .,0,1,train,cần tài liệu nhiều hơn đọc dễ hiểu hơn,Tiêu cực,Chương trình,9
lượng kiến thức giữa lý thuyết và thực hành còn chưa cân đối .,0,1,train,lượng kiến thức giữa lý thuyết và thực hành còn chưa cân đối,Tiêu cực,Chương trình,13
"nên cho bài tập thực tế quản lý thời gian cuộc đời , sắp xếp thời gian làm việc , học tập , yêu đương hợp lý .",0,1,train,nên cho bài tập thực tế quản lý thời gian cuộc đời sắp xếp thời gian làm việc học tập yêu đương hợp lý,Tiêu cực,Chương trình,24
"các khoa nên đăng tải đầy đủ các chương trình đào tạo được cập nhật , các môn học liên quan thật cụ thể , đặc biệt chính là đề cương và mục tiêu môn học .",0,1,train,các khoa nên đăng tải đầy đủ các chương trình đào tạo được cập nhật các môn học liên quan thật cụ thể đặc biệt chính là đề cương và mục tiêu môn học,Tiêu cực,Chương trình,34
"kiến thức môn học này khá hay , kiến thức nền tảng quan trọng , nhưng nếu áp dụng vào năm 2 thì có lẽ khá nặng với một lượng kiến thức như vậy , hoặc có thể cách dạy chỉ tải được nội dung còn chung chung .",0,1,train,kiến thức môn học này khá hay kiến thức nền tảng quan trọng nhưng nếu áp dụng vào năm 2 thì có lẽ khá nặng với một lượng kiến thức như vậy hoặc có thể cách dạy chỉ tải được nội dung còn chung chung,Tiêu cực,Chương trình,45
"ví dụ nhiều , ôn tập kỹ .",1,1,train,ví dụ nhiều ôn tập kỹ,Tích cực,Chương trình,6
"kiến thức thực tế cao , hiệu quả hơn cách dạy lý thuyết slide .",1,1,train,kiến thức thực tế cao hiệu quả hơn cách dạy lý thuyết slide,Tích cực,Chương trình,13
kỹ năng nghe và nói còn ít thực hành .,1,1,train,kỹ năng nghe và nói còn ít thực hành,Tích cực,Chương trình,9
thật sự nếu chịu lên lớp ngoài nghe giảng và ghi nhớ thêm phân tích kết hợp thực tế là sẽ làm tốt các bài thi của thầy .,1,1,train,thật sự nếu chịu lên lớp ngoài nghe giảng và ghi nhớ thêm phân tích kết hợp thực tế là sẽ làm tốt các bài thi của thầy,Tích cực,Chương trình,28
cho chép bài quá nhiều .,0,1,train,cho chép bài quá nhiều,Tiêu cực,Chương trình,5
vì giao tiếp thông thường trong lớp học là chưa đủ .,0,1,train,vì giao tiếp thông thường trong lớp học là chưa đủ,Tiêu cực,Chương trình,11
tài liệu hay và chia sẻ nhiều kinh nghiệm học .,1,1,train,tài liệu hay và chia sẻ nhiều kinh nghiệm học,Tích cực,Chương trình,10
"trong bài thực hành thì có hướng dẫn làm , đọc cũng có thể làm được .",2,1,train,trong bài thực hành thì có hướng dẫn làm đọc cũng có thể làm được,Trung lập,Chương trình,15
làm bài tập nhiều .,0,1,train,làm bài tập nhiều,Tiêu cực,Chương trình,4
việc code giấy mất rất nhiều thời gian thay vì phương pháp khác .,0,1,train,việc code giấy mất rất nhiều thời gian thay vì phương pháp khác,Tiêu cực,Chương trình,13
lịch thi thực hành khá trễ .,0,1,train,lịch thi thực hành khá trễ,Tiêu cực,Chương trình,6
ví dụ quá ít .,0,1,train,ví dụ quá ít,Tiêu cực,Chương trình,4
kiến thức nắm được không rộng và bao quát .,1,1,train,kiến thức nắm được không rộng và bao quát,Tích cực,Chương trình,9
"phần bài tập , thực hành rất hay và thiết thực nên được mở rộng , đặt trọng tâm nhiều hơn thì môn học chắc chắn sẽ hoàn hảo .",0,1,train,phần bài tập thực hành rất hay và thiết thực nên được mở rộng đặt trọng tâm nhiều hơn thì môn học chắc chắn sẽ hoàn hảo,Tiêu cực,Chương trình,27
bài tập cô cho nhiều nên làm hơi đuối .,0,1,train,bài tập cô cho nhiều nên làm hơi đuối,Tiêu cực,Chương trình,9
do thời hạn có hạn và sinh viên đi học nên giảng viên chưa quan tâm được hết tất cả sinh viên .,0,1,train,do thời hạn có hạn và sinh viên đi học nên giảng viên chưa quan tâm được hết tất cả sinh viên,Tiêu cực,Chương trình,22
các buổi thực hành học hơi chán vì tương tác giữa giảng viên với sinh viên quá ít .,0,1,train,các buổi thực hành học hơi chán vì tương tác giữa giảng viên với sinh viên quá ít,Tiêu cực,Chương trình,18
một số bài giảng dễ buồn ngủ .,0,1,train,một số bài giảng dễ buồn ngủ,Tiêu cực,Chương trình,7
thời gian chết trong tiết học nhiều .,0,1,train,thời gian chết trong tiết học nhiều,Tiêu cực,Chương trình,7
"ít dự án , bài tập liên quan đến thực tế .",0,1,train,ít dự án bài tập liên quan đến thực tế,Tiêu cực,Chương trình,10
"việc cho các bạn học nhóm là không hiệu quả , không nói rõ cách tính điểm quá trình .",0,1,train,việc cho các bạn học nhóm là không hiệu quả không nói rõ cách tính điểm quá trình,Tiêu cực,Chương trình,18
thời gian chưa đảm bảo .,0,1,train,thời gian chưa đảm bảo,Tiêu cực,Chương trình,5
"deadline 3 lần sau đó được cho thêm 2 ngày , nhưng đến 23h59 ngày hôm sau đã quá hạn , nếu nộp vào ngày hôm sau nữa sẽ trễ deadline .",0,1,train,deadline 3 lần sau đó được cho thêm 2 ngày nhưng đến 23h59 ngày hôm sau đã quá hạn nếu nộp vào ngày hôm sau nữa sẽ trễ deadline,Tiêu cực,Chương trình,29
các bài tập ra có mức độ phân hoá và áp dụng đúng kiến thức đã cho .,1,1,train,các bài tập ra có mức độ phân hoá và áp dụng đúng kiến thức đã cho,Tích cực,Chương trình,17
bài giảng và thực hành đa dạng .,1,1,train,bài giảng và thực hành đa dạng,Tích cực,Chương trình,7
slide bài giảng đầy đủ và có bài tập về nhà .,1,1,train,slide bài giảng đầy đủ và có bài tập về nhà,Tích cực,Chương trình,11
bài thực hành khó so với những kiến thức đã học ở lý thuyết .,0,1,train,bài thực hành khó so với những kiến thức đã học ở lý thuyết,Tiêu cực,Chương trình,14
ít luyện kỹ năng nói .,0,1,train,ít luyện kỹ năng nói,Tiêu cực,Chương trình,5
bài tập thầy cho nhiều nhưng hay .,1,1,train,bài tập thầy cho nhiều nhưng hay,Tích cực,Chương trình,7
chỉ vì môn game mà em học hai lần mà không qua quả thật em rất không hài lòng vì những lý do vô cùng thiếu chuyên nghiệp như thế này .,0,1,train,chỉ vì môn game mà em học hai lần mà không qua quả thật em rất không hài lòng vì những lý do vô cùng thiếu chuyên nghiệp như thế này,Tiêu cực,Chương trình,31
giáo trình chưa cụ thể .,0,1,dev,giáo trình chưa cụ thể,Tiêu cực,Chương trình,5
nên có bài tập lớn đồ án môn học .,0,1,dev,nên có bài tập lớn đồ án môn học,Tiêu cực,Chương trình,9
"nêu rõ mục tiêu , mục đích môn học để sinh viên tiếp thu dễ dàng .",0,1,dev,nêu rõ mục tiêu mục đích môn học để sinh viên tiếp thu dễ dàng,Tiêu cực,Chương trình,15
có một số vấn đề nói chưa rõ .,0,1,dev,có một số vấn đề nói chưa rõ,Tiêu cực,Chương trình,8
"cách tính học phí đối với môn thực hành không được rõ ràng và minh bạch , trong khi học thực hành sinh viên hầu như không sử dụng máy tính của trường và kiến thức học được từ giảng viên là rất ít so với học lý thuyết .",0,1,dev,cách tính học phí đối với môn thực hành không được rõ ràng và minh bạch trong khi học thực hành sinh viên hầu như không sử dụng máy tính của trường và kiến thức học được từ giảng viên là rất ít so với học lý thuyết,Tiêu cực,Chương trình,48
"nội dung học quá trừu tượng , thực hành chưa thực sự mang lại hiệu quả , đa phần sinh viên thực hành theo bài tập được giao , thực hành xong không biết mình đang làm gì , không thấy được ý nghĩa thực tiễn của môn học .",0,1,dev,nội dung học quá trừu tượng thực hành chưa thực sự mang lại hiệu quả đa phần sinh viên thực hành theo bài tập được giao thực hành xong không biết mình đang làm gì không thấy được ý nghĩa thực tiễn của môn học,Tiêu cực,Chương trình,45
"đồng thời , bài giảng , theo em nhìn nhận , thực sự rất chi tiết .",1,1,dev,đồng thời bài giảng theo em nhìn nhận thực sự rất chi tiết,Tích cực,Chương trình,13
môn này khó .,0,1,dev,môn này khó,Tiêu cực,Chương trình,3
giáo trình nên có sự trình bày cụ thể hơn .,0,1,dev,giáo trình nên có sự trình bày cụ thể hơn,Tiêu cực,Chương trình,10
"đề cập về tính thực tế , liên quan của hệ thống kiến thức .",1,1,dev,đề cập về tính thực tế liên quan của hệ thống kiến thức,Tích cực,Chương trình,13
em hy vọng nhà trường cải thiện lại các máy trong phòng thực hành để tương ứng với số tiền đối với số chỉ thực hành .,0,1,dev,em hy vọng nhà trường cải thiện lại các máy trong phòng thực hành để tương ứng với số tiền đối với số chỉ thực hành,Tiêu cực,Chương trình,26
ngoài ra cung cấp một vài thông tin bổ sung về việc học công nghệ thông tin hiệu quả hơn .,1,1,dev,ngoài ra cung cấp một vài thông tin bổ sung về việc học công nghệ thông tin hiệu quả hơn,Tích cực,Chương trình,20
đề thi khó .,0,1,dev,đề thi khó,Tiêu cực,Chương trình,3
nhiều tài liệu hữu ích .,1,1,dev,nhiều tài liệu hữu ích,Tích cực,Chương trình,5
"đồ án cuối kỳ trong vòng một tháng cuối , áp dụng được quy trình thực tế .",1,1,dev,đồ án cuối kỳ trong vòng một tháng cuối áp dụng được quy trình thực tế,Tích cực,Chương trình,16
thúc đẩy sinh viên tự học đạt điểm cao trong các kỳ thi .,1,1,dev,thúc đẩy sinh viên tự học đạt điểm cao trong các kỳ thi,Tích cực,Chương trình,13
"thì hiện nay khóa 5 đang học môn này có cảm nhận vẫn còn là con "" chuột bạch "" thử nghiệm cho môn học .",0,1,dev,thì hiện nay khóa 5 đang học môn này có cảm nhận vẫn còn là con chuột bạch thử nghiệm cho môn học,Tiêu cực,Chương trình,23
được 200 điểm là đươc 1 điểm quá trình .,2,1,dev,được 200 điểm là đươc 1 điểm quá trình,Trung lập,Chương trình,9
các bài thực hành cần bám sát theo chương trình lý thuyết .,0,1,dev,các bài thực hành cần bám sát theo chương trình lý thuyết,Tiêu cực,Chương trình,12
tài liệu được cấp thông qua lớp trưởng .,2,1,dev,tài liệu được cấp thông qua lớp trưởng,Trung lập,Chương trình,8
dành ra những tiết thực hành nghe nói riêng tạo sự tự nhiên cho sinh viên khi giao tiếp bằng tiếng anh .,1,1,dev,dành ra những tiết thực hành nghe nói riêng tạo sự tự nhiên cho sinh viên khi giao tiếp bằng tiếng anh,Tích cực,Chương trình,22
"nội dung không sâu , sơ sài .",0,1,dev,nội dung không sâu sơ sài,Tiêu cực,Chương trình,6
đã là chủ nhật còn bắt đi học .,0,1,dev,đã là chủ nhật còn bắt đi học,Tiêu cực,Chương trình,8
quá nhiều nội dung không cần thiết .,0,1,dev,quá nhiều nội dung không cần thiết,Tiêu cực,Chương trình,7
và nội dung đó không giúp sinh viên sau này nhiều .,0,1,dev,và nội dung đó không giúp sinh viên sau này nhiều,Tiêu cực,Chương trình,11
các bài tập thực hành giúp nâng cao kiến thức đã học trên lớp .,1,1,dev,các bài tập thực hành giúp nâng cao kiến thức đã học trên lớp,Tích cực,Chương trình,14
môn này là môn quan trọng trong truyền thông nên cần thực hành trên phần mềm và thiết bị mô phỏng nhiều hơn .,0,1,dev,môn này là môn quan trọng trong truyền thông nên cần thực hành trên phần mềm và thiết bị mô phỏng nhiều hơn,Tiêu cực,Chương trình,23
nhà trường nên có nhiều giáo trình bài tập và hướng dẫn giải bài tập nhiều hơn .,0,1,dev,nhà trường nên có nhiều giáo trình bài tập và hướng dẫn giải bài tập nhiều hơn,Tiêu cực,Chương trình,17
có thể tổ chức các buổi seminar nhằm kích thích sinh viên tìm hiểu thêm và ứng dụng tốt hơn môn học này vào thực tiễn .,1,1,dev,có thể tổ chức các buổi seminar nhằm kích thích sinh viên tìm hiểu thêm và ứng dụng tốt hơn môn học này vào thực tiễn,Tích cực,Chương trình,26
môn mạng máy tính còn nặng nề lý thuyết rất nhiều .,0,1,dev,môn mạng máy tính còn nặng nề lý thuyết rất nhiều,Tiêu cực,Chương trình,11
tài liệu môn mạng máy tính được dịch từ computer networking a topdown aproach còn hơi khó hiểu để sinh viên học hay tự nghiên cứu .,0,1,dev,tài liệu môn mạng máy tính được dịch từ computer networking a topdown aproach còn hơi khó hiểu để sinh viên học hay tự nghiên cứu,Tiêu cực,Chương trình,26
giáo trình môn học được cập nhật .,1,1,dev,giáo trình môn học được cập nhật,Tích cực,Chương trình,7
em mới gặp thầy buổi thực hành cũng là buổi thi .,2,1,dev,em mới gặp thầy buổi thực hành cũng là buổi thi,Trung lập,Chương trình,11
cần thể hiện chi tiết hơn nội dung của môn học và nhiều ví dụ minh hoạ hơn .,0,1,dev,cần thể hiện chi tiết hơn nội dung của môn học và nhiều ví dụ minh hoạ hơn,Tiêu cực,Chương trình,18
tăng thêm thời lượng môn học .,0,1,dev,tăng thêm thời lượng môn học,Tiêu cực,Chương trình,6
giúp học sinh chủ động trong việc thực hiện đề tài và nhiệt tình giúp đỡ sinh viên tìm tài liệu .,1,1,dev,giúp học sinh chủ động trong việc thực hiện đề tài và nhiệt tình giúp đỡ sinh viên tìm tài liệu,Tích cực,Chương trình,21
"môn học này không có sắp xếp lịch học , phòng học .",0,1,dev,môn học này không có sắp xếp lịch học phòng học,Tiêu cực,Chương trình,11
"nhiều bạn phải học tiết 4 , 5 phải nghỉ giữa chừng để đi học môn khác như tư tưởng .",0,1,dev,nhiều bạn phải học tiết 4 5 phải nghỉ giữa chừng để đi học môn khác như tư tưởng,Tiêu cực,Chương trình,19
không công bố điểm giữa kỳ sớm .,0,1,dev,không công bố điểm giữa kỳ sớm,Tiêu cực,Chương trình,7
thực hành nhiều hơn .,0,1,dev,thực hành nhiều hơn,Tiêu cực,Chương trình,4
cần đổi mới tài liệu .,0,1,dev,cần đổi mới tài liệu,Tiêu cực,Chương trình,5
"đúng từng câu chữ thì ok , còn lại failse .",0,1,dev,đúng từng câu chữ thì ok còn lại failse,Tiêu cực,Chương trình,9
không nên dừng lại chỉ ở mức khái niệm .,0,1,dev,không nên dừng lại chỉ ở mức khái niệm,Tiêu cực,Chương trình,9
"mong muốn nhà trường , khoa cùng giảng viên có thể thay đổi nội dung sao cho hấp dẫn hơn .",0,1,dev,mong muốn nhà trường khoa cùng giảng viên có thể thay đổi nội dung sao cho hấp dẫn hơn,Tiêu cực,Chương trình,19
"cần giảm bớt căng thẳng , dồn dập tiết học .",0,1,dev,cần giảm bớt căng thẳng dồn dập tiết học,Tiêu cực,Chương trình,9
ôn kiến thức bằng cách chơi trò chơi .,1,1,dev,ôn kiến thức bằng cách chơi trò chơi,Tích cực,Chương trình,8
môn học cần phải gần gũi với thực tiễn ở việt nam .,0,1,dev,môn học cần phải gần gũi với thực tiễn ở việt nam,Tiêu cực,Chương trình,12
sau môn học toàn kiến thức lý thuyết mà không biết vận dụng kiến thức đó như thế nào .,0,1,dev,sau môn học toàn kiến thức lý thuyết mà không biết vận dụng kiến thức đó như thế nào,Tiêu cực,Chương trình,19
nên có giờ thực hành của môn học này .,0,1,dev,nên có giờ thực hành của môn học này,Tiêu cực,Chương trình,9
"phòng đào tạo và khoa wzjwz84 nên thống nhất lại hình thức thi và nội dung thi cho hợp lý , tránh thay đổi hình thức thi vào gần sát cuối kỳ học .",0,1,dev,phòng đào tạo và khoa wzjwz84 nên thống nhất lại hình thức thi và nội dung thi cho hợp lý tránh thay đổi hình thức thi vào gần sát cuối kỳ học,Tiêu cực,Chương trình,32
"những bài thuyết trình chưa đủ để nâng cao kiến thức của cá nhân , chưa thực sự phù hợp với khả năng hiện tại của bản thân .",0,1,dev,những bài thuyết trình chưa đủ để nâng cao kiến thức của cá nhân chưa thực sự phù hợp với khả năng hiện tại của bản thân,Tiêu cực,Chương trình,27
nhưng không sao .,2,1,dev,nhưng không sao,Trung lập,Chương trình,3
"cho thêm bài tập về nhà , đề tài thuyết trình bằng tiếng anh , bài viết .",0,1,dev,cho thêm bài tập về nhà đề tài thuyết trình bằng tiếng anh bài viết,Tiêu cực,Chương trình,15
"đề thi không có tính phân loại về kiến thức nhiều , mà hơn nhau ở chỗ ai tỉ mỉ hơn , ai nhanh hơn .",0,1,dev,đề thi không có tính phân loại về kiến thức nhiều mà hơn nhau ở chỗ ai tỉ mỉ hơn ai nhanh hơn,Tiêu cực,Chương trình,23
có nhiều thứ bổ ích .,1,1,dev,có nhiều thứ bổ ích,Tích cực,Chương trình,5
"sinh viên được chủ động trong giờ học , tự suy nghĩ , tham gia thảo luận về bài học và có liên hệ thực tế .",1,1,dev,sinh viên được chủ động trong giờ học tự suy nghĩ tham gia thảo luận về bài học và có liên hệ thực tế,Tích cực,Chương trình,24
yêu cầu bài lab chưa đủ rõ ràng .,0,1,dev,yêu cầu bài lab chưa đủ rõ ràng,Tiêu cực,Chương trình,8
cần đảm bảo thời gian lên lớp .,0,1,dev,cần đảm bảo thời gian lên lớp,Tiêu cực,Chương trình,7
cần tăng thêm bài tập thực tế .,0,1,dev,cần tăng thêm bài tập thực tế,Tiêu cực,Chương trình,7
không giới thiệu khái quát về nội dung .,0,1,dev,không giới thiệu khái quát về nội dung,Tiêu cực,Chương trình,8
tài liệu ôn tập thi không được cung cấp .,0,1,dev,tài liệu ôn tập thi không được cung cấp,Tiêu cực,Chương trình,9
không thông báo rõ ràng lịch học .,0,1,dev,không thông báo rõ ràng lịch học,Tiêu cực,Chương trình,7
"nên tăng thời lượng thực hành để đủ thời gian cho giảng viên hướng dẫn thực hành hướng dẫn đầy đủ cho sinh viên , môn này là môn quan trọng trước khi vào chuyên ngành .",0,1,dev,nên tăng thời lượng thực hành để đủ thời gian cho giảng viên hướng dẫn thực hành hướng dẫn đầy đủ cho sinh viên môn này là môn quan trọng trước khi vào chuyên ngành,Tiêu cực,Chương trình,35
nên có các bài tập trên lớp và bài tập hàng tuần để rèn luyện kỹ năng và vận dụng kiến thức học được vào thực tế .,0,1,dev,nên có các bài tập trên lớp và bài tập hàng tuần để rèn luyện kỹ năng và vận dụng kiến thức học được vào thực tế,Tiêu cực,Chương trình,27
cần tài liệu point word để dễ tiếp thu .,0,1,dev,cần tài liệu point word để dễ tiếp thu,Tiêu cực,Chương trình,9
cần phân bố thời gian thực hành và lý thuyết hợp lý hơn .,0,1,dev,cần phân bố thời gian thực hành và lý thuyết hợp lý hơn,Tiêu cực,Chương trình,13
cuối cùng em không biết môn học làm gì .,0,1,dev,cuối cùng em không biết môn học làm gì,Tiêu cực,Chương trình,9
ít bài tập làm thêm .,0,1,dev,ít bài tập làm thêm,Tiêu cực,Chương trình,5
"em thấy có vài vấn đề ở môn học này , thay vì nó là một môn học có thể thay bằng một đồ án chuyên ngành .",0,1,dev,em thấy có vài vấn đề ở môn học này thay vì nó là một môn học có thể thay bằng một đồ án chuyên ngành,Tiêu cực,Chương trình,26
"ngoài ra , các bài hướng dẫn thực hành nên chú trọng vào các vấn đề của môn để sinh viên có thể vừa tiếp cận thực hành và tiếp cận với đồ án cuối kỳ .",0,1,dev,ngoài ra các bài hướng dẫn thực hành nên chú trọng vào các vấn đề của môn để sinh viên có thể vừa tiếp cận thực hành và tiếp cận với đồ án cuối kỳ,Tiêu cực,Chương trình,35
"điểm thi còn nhiều bất cập , rất nhiều bạn còn phúc kháo .",0,1,dev,điểm thi còn nhiều bất cập rất nhiều bạn còn phúc kháo,Tiêu cực,Chương trình,12
bài tập chưa đủ để sinh viên thấu hiểu .,0,1,dev,bài tập chưa đủ để sinh viên thấu hiểu,Tiêu cực,Chương trình,9
"đề thi nằm ngoài mục tiêu giảng dạy quá nhiều , đề trắc nghiệm khách quan mà cho tới 5 đáp án là không hợp lý .",0,1,dev,đề thi nằm ngoài mục tiêu giảng dạy quá nhiều đề trắc nghiệm khách quan mà cho tới 5 đáp án là không hợp lý,Tiêu cực,Chương trình,25
"sinh viên được chia nhóm và thực hành trên thiết bị thật 2 buổi , 1 buổi làm quen và một buổi hoàn tất là hơi thiếu .",0,1,dev,sinh viên được chia nhóm và thực hành trên thiết bị thật 2 buổi 1 buổi làm quen và một buổi hoàn tất là hơi thiếu,Tiêu cực,Chương trình,26
kiến thức môn học có ích .,1,1,dev,kiến thức môn học có ích,Tích cực,Chương trình,6
cần có nhiều tài liệu được cung cấp ngay từ buổi học đầu tiên thuận lợi và tạo điều kiện cho sinh viên tìm hiểu và nghiên cứu .,0,1,dev,cần có nhiều tài liệu được cung cấp ngay từ buổi học đầu tiên thuận lợi và tạo điều kiện cho sinh viên tìm hiểu và nghiên cứu,Tiêu cực,Chương trình,28
cần có nhiều thời gian hơn nữa để sinh viên có thể tiếp thu và vận dụng vào trong thực tế .,0,1,dev,cần có nhiều thời gian hơn nữa để sinh viên có thể tiếp thu và vận dụng vào trong thực tế,Tiêu cực,Chương trình,21
môn game là môn khó mà lượng thời gian thực hành quá ít .,0,1,dev,môn game là môn khó mà lượng thời gian thực hành quá ít,Tiêu cực,Chương trình,13
nên có tiết thực hành hỗ trợ phần đồ án .,0,1,dev,nên có tiết thực hành hỗ trợ phần đồ án,Tiêu cực,Chương trình,10
"có bài thì một tuần deadline , có bài thì cả tháng mới deadline , có tuần thì deadline ba bài cùng lúc .",0,1,dev,có bài thì một tuần deadline có bài thì cả tháng mới deadline có tuần thì deadline ba bài cùng lúc,Tiêu cực,Chương trình,21
môn học giúp hiểu rõ về từng ngành .,1,1,dev,môn học giúp hiểu rõ về từng ngành,Tích cực,Chương trình,8
nên mất tiết khá nhiều .,0,1,dev,nên mất tiết khá nhiều,Tiêu cực,Chương trình,5
chưa có diễn đàn trên courses .,0,1,dev,chưa có diễn đàn trên courses,Tiêu cực,Chương trình,6
"có nhiều trò chơi mới lạ , vui tươi .",1,1,dev,có nhiều trò chơi mới lạ vui tươi,Tích cực,Chương trình,8
mở rộng hệ thống bài giảng .,2,1,dev,mở rộng hệ thống bài giảng,Trung lập,Chương trình,6
"nội dung thi , kiểm tra quá rộng .",0,1,dev,nội dung thi kiểm tra quá rộng,Tiêu cực,Chương trình,7
trong một khoảng thời gian ngắn không thể vừa tìm hiểu vừa làm được .,2,1,dev,trong một khoảng thời gian ngắn không thể vừa tìm hiểu vừa làm được,Trung lập,Chương trình,14
tài liệu .,2,1,dev,tài liệu,Trung lập,Chương trình,2
thời gian làm bài tập còn hơi dài .,0,1,dev,thời gian làm bài tập còn hơi dài,Tiêu cực,Chương trình,8
"môn học khá nặng và có nhiều phần rất khó hiểu , thời gian phân bố các chương cần có sự thay đổi cho phù hợp , một số phần khá khó nhưng chỉ học trong vòng vài tiết làm sinh viên rất khó hiểu .",0,1,dev,môn học khá nặng và có nhiều phần rất khó hiểu thời gian phân bố các chương cần có sự thay đổi cho phù hợp một số phần khá khó nhưng chỉ học trong vòng vài tiết làm sinh viên rất khó hiểu,Tiêu cực,Chương trình,43
"học lý thuyết khác hẳn với thực hành , học nhiều buổi thực hành nhưng thầy chỉ cho 2 bài thực hành về sân bóng mà đa số sinh viên không hiểu đề .",0,1,dev,học lý thuyết khác hẳn với thực hành học nhiều buổi thực hành nhưng thầy chỉ cho 2 bài thực hành về sân bóng mà đa số sinh viên không hiểu đề,Tiêu cực,Chương trình,32
chất lượng đào tạo quá tốt .,1,1,dev,chất lượng đào tạo quá tốt,Tích cực,Chương trình,6
"điểm thực hành nên chia ra nhiều mục doubledot chuyên cần , bài tập , kiểm tra , kiểm tra cuối kỳ .",0,1,dev,điểm thực hành nên chia ra nhiều mục doubledot chuyên cần bài tập kiểm tra kiểm tra cuối kỳ,Tiêu cực,Chương trình,19
slide môn học có đôi chỗ bị sai .,0,1,dev,slide môn học có đôi chỗ bị sai,Tiêu cực,Chương trình,8
"nếu được thì mong nhà trường hoặc giảng viên giới thiệu rõ hơn về môn học , tầm ảnh hưởng tiên quyết của nó đối với các môn học chuyên ngành về sau .",0,1,dev,nếu được thì mong nhà trường hoặc giảng viên giới thiệu rõ hơn về môn học tầm ảnh hưởng tiên quyết của nó đối với các môn học chuyên ngành về sau,Tiêu cực,Chương trình,32
"kiến thức sát với thực tế , được cập nhật .",1,1,dev,kiến thức sát với thực tế được cập nhật,Tích cực,Chương trình,9
môn học rất khó hiểu .,2,1,dev,môn học rất khó hiểu,Trung lập,Chương trình,5
bài tập mang tính ứng dụng thực tế .,1,1,dev,bài tập mang tính ứng dụng thực tế,Tích cực,Chương trình,8
thực hành .,2,1,dev,thực hành,Trung lập,Chương trình,2
môn mạng máy tính nên tăng cường thêm thời gian thực hành thay vì dạy nội dung môn học dạy quá nhiều lý thuyết dẫn đến gây khó hiểu cho sinh viên .,0,1,dev,môn mạng máy tính nên tăng cường thêm thời gian thực hành thay vì dạy nội dung môn học dạy quá nhiều lý thuyết dẫn đến gây khó hiểu cho sinh viên,Tiêu cực,Chương trình,32
nên sắp xếp lịch thực hành phù hợp với tiến độ giảng dạy lý thuyết .,0,1,dev,nên sắp xếp lịch thực hành phù hợp với tiến độ giảng dạy lý thuyết,Tiêu cực,Chương trình,15
cuối buổi học thầy chia sẻ kinh nghiệm để tụi em có thể học tốt hơn .,1,1,dev,cuối buổi học thầy chia sẻ kinh nghiệm để tụi em có thể học tốt hơn,Tích cực,Chương trình,16
sinh viên có nhiều môn học nên khó mà chỉ đầu tư quá nhiều cho một môn .,0,1,dev,sinh viên có nhiều môn học nên khó mà chỉ đầu tư quá nhiều cho một môn,Tiêu cực,Chương trình,17
đa số các kiến thức của môn sinh viên phải tự học hoặc học hỏi lẫn nhau mà không có hướng dẫn .,0,1,dev,đa số các kiến thức của môn sinh viên phải tự học hoặc học hỏi lẫn nhau mà không có hướng dẫn,Tiêu cực,Chương trình,22
nên biên soạn tài liệu tiếng việt đi kèm .,0,1,dev,nên biên soạn tài liệu tiếng việt đi kèm,Tiêu cực,Chương trình,9
yêu cầu môn học thì mập mờ và thiếu thực tế .,0,1,dev,yêu cầu môn học thì mập mờ và thiếu thực tế,Tiêu cực,Chương trình,11
khó tiếp cận nội dung vì slide toàn tiếng anh .,0,1,dev,khó tiếp cận nội dung vì slide toàn tiếng anh,Tiêu cực,Chương trình,10
"có thể ta sẽ tìm thấy được một phương pháp lập trình cho bài toán đó tối ưu hơn , hay hơn .",1,1,dev,có thể ta sẽ tìm thấy được một phương pháp lập trình cho bài toán đó tối ưu hơn hay hơn,Tích cực,Chương trình,21
"cần đưa ra các ứng dụng thực tiễn của môn học , giúp cho sinh viên có thể định hình được họ có thể làm được những gì khi kết thúc môn học , đồng thời có thể áp dụng kiến thức môn học để đáp ứng yêu cầu của thị trường lao động .",0,1,dev,cần đưa ra các ứng dụng thực tiễn của môn học giúp cho sinh viên có thể định hình được họ có thể làm được những gì khi kết thúc môn học đồng thời có thể áp dụng kiến thức môn học để đáp ứng yêu cầu của thị trường lao động,Tiêu cực,Chương trình,52
"nên cho nhiều ví dụ và bài tập về nhà , cung cấp tài liệu thêm cho các sinh viên muốn tìm hiểu thêm .",0,1,dev,nên cho nhiều ví dụ và bài tập về nhà cung cấp tài liệu thêm cho các sinh viên muốn tìm hiểu thêm,Tiêu cực,Chương trình,23
thời gian trên lớp không hiệu quả .,1,1,dev,thời gian trên lớp không hiệu quả,Tích cực,Chương trình,7
nên có nhiều buổi kiểm tra trên lớp .,0,1,dev,nên có nhiều buổi kiểm tra trên lớp,Tiêu cực,Chương trình,8
nên giảm số sinh viên trong 1 lớp .,0,1,dev,nên giảm số sinh viên trong 1 lớp,Tiêu cực,Chương trình,8
thực hành không cần phải lên phòng máy nhiều .,0,1,dev,thực hành không cần phải lên phòng máy nhiều,Tiêu cực,Chương trình,9
nên có nhiều bài tập vận dụng thực tế vào thực hành .,0,1,dev,nên có nhiều bài tập vận dụng thực tế vào thực hành,Tiêu cực,Chương trình,12
bài tập chất lượng .,1,1,dev,bài tập chất lượng,Tích cực,Chương trình,4
"bài giảng được cung cấp đầy đủ , hữu ích .",1,1,dev,bài giảng được cung cấp đầy đủ hữu ích,Tích cực,Chương trình,9
nên để ngày học thực hành chung ngày với lý thuyết .,0,1,dev,nên để ngày học thực hành chung ngày với lý thuyết,Tiêu cực,Chương trình,11
thời khóa biểu thực hành cần sắp xếp hợp lý so với giờ học lý thuyết .,0,1,dev,thời khóa biểu thực hành cần sắp xếp hợp lý so với giờ học lý thuyết,Tiêu cực,Chương trình,16
môn học khá nhẹ nhàng cho sinh viên .,1,1,dev,môn học khá nhẹ nhàng cho sinh viên,Tích cực,Chương trình,8
mong phòng đào tạo xem xét để khóa sau học được chất lượng ạ .,0,1,dev,mong phòng đào tạo xem xét để khóa sau học được chất lượng ạ,Tiêu cực,Chương trình,14
"chỉ được thực hành hai buổi thi vì vậy không vận dụng tốt kiến thức đã học , không đảm bảo số buổi như lúc bắt đầu đã thỏa thuận .",0,1,dev,chỉ được thực hành hai buổi thi vì vậy không vận dụng tốt kiến thức đã học không đảm bảo số buổi như lúc bắt đầu đã thỏa thuận,Tiêu cực,Chương trình,29
một số vấn đề còn khó hiểu .,0,1,dev,một số vấn đề còn khó hiểu,Tiêu cực,Chương trình,7
cần định hướng tạo điều kiện cho sinh viên giao lưu các doanh nghiệp để biết được yêu cầu của họ về một người kỹ sư .,0,1,dev,cần định hướng tạo điều kiện cho sinh viên giao lưu các doanh nghiệp để biết được yêu cầu của họ về một người kỹ sư,Tiêu cực,Chương trình,26
"bám không sát đề thi , lan man .",1,1,dev,bám không sát đề thi lan man,Tích cực,Chương trình,7
ít cho học sinh luyện kỹ năng nghe nói .,0,1,dev,ít cho học sinh luyện kỹ năng nghe nói,Tiêu cực,Chương trình,9
quá nhiều lý thuyết khiến sinh viên không tiếp thu kịp vào không biết cách vận dụng .,0,1,dev,quá nhiều lý thuyết khiến sinh viên không tiếp thu kịp vào không biết cách vận dụng,Tiêu cực,Chương trình,17
em nghĩ là nhà trường không nên tổ chức học thực hành .,0,1,dev,em nghĩ là nhà trường không nên tổ chức học thực hành,Tiêu cực,Chương trình,12
cần thực hành thêm nhiều bài tập .,0,1,dev,cần thực hành thêm nhiều bài tập,Tiêu cực,Chương trình,7
thay vì cho làm kiểm tra wecode thì cho làm trên lớp thuận tiện hơn .,0,1,dev,thay vì cho làm kiểm tra wecode thì cho làm trên lớp thuận tiện hơn,Tiêu cực,Chương trình,15
"các bài giảng khó tiếp thu , hiểu được .",0,1,dev,các bài giảng khó tiếp thu hiểu được,Tiêu cực,Chương trình,8
nhà trường nên giúp đỡ thầy trong việc giảng dạy vì môn này không đúng chuyên môn của thầy .,0,1,dev,nhà trường nên giúp đỡ thầy trong việc giảng dạy vì môn này không đúng chuyên môn của thầy,Tiêu cực,Chương trình,19
thực tiễn .,2,1,dev,thực tiễn,Trung lập,Chương trình,2
nên điều chỉnh môn này thời gian nhiều hơn .,0,1,dev,nên điều chỉnh môn này thời gian nhiều hơn,Tiêu cực,Chương trình,9
"hiểu được sơ lược về một hệ điều hành , biết được một số thuật toán cần thiết của môn học .",1,1,dev,hiểu được sơ lược về một hệ điều hành biết được một số thuật toán cần thiết của môn học,Tích cực,Chương trình,20
cần tài liệu chính thức cho phần lý thuyết hơn nữa .,0,1,dev,cần tài liệu chính thức cho phần lý thuyết hơn nữa,Tiêu cực,Chương trình,11
hỗ trợ nhiều bài tập giúp nâng cao trình độ .,0,1,dev,hỗ trợ nhiều bài tập giúp nâng cao trình độ,Tiêu cực,Chương trình,10
dễ tính .,1,1,dev,dễ tính,Tích cực,Chương trình,2
nên tăng cường các kỹ năng nghe và nói cho sinh viên .,0,1,dev,nên tăng cường các kỹ năng nghe và nói cho sinh viên,Tiêu cực,Chương trình,12
đảm bảo giờ lên lớp .,1,1,dev,đảm bảo giờ lên lớp,Tích cực,Chương trình,5
môn học nên có thêm phần ví dụ về áp dụng thực tiễn .,0,1,dev,môn học nên có thêm phần ví dụ về áp dụng thực tiễn,Tiêu cực,Chương trình,13
phần speaking rất dễ hiểu .,1,1,dev,phần speaking rất dễ hiểu,Tích cực,Chương trình,5
ví dụ không thực tiễn .,0,1,dev,ví dụ không thực tiễn,Tiêu cực,Chương trình,5
cái này là bức xúc với cách xếp lịch học chứ không hề có vấn đề gì với giảng viên .,0,1,dev,cái này là bức xúc với cách xếp lịch học chứ không hề có vấn đề gì với giảng viên,Tiêu cực,Chương trình,20
môn học rất là hữu ích .,1,1,dev,môn học rất là hữu ích,Tích cực,Chương trình,6
nên dùng giáo trình tập trung kỹ năng nghe nói nhiều hơn .,0,1,dev,nên dùng giáo trình tập trung kỹ năng nghe nói nhiều hơn,Tiêu cực,Chương trình,12
kiến thức môn học nhàm chán .,0,1,dev,kiến thức môn học nhàm chán,Tiêu cực,Chương trình,6
"tóm lại , đồ án cuối kỳ không nên đánh giá phần nội dung vì đề bài đã không thiết thực thì không thể nào bắt sinh viên làm đạt yêu cầu được .",0,1,dev,tóm lại đồ án cuối kỳ không nên đánh giá phần nội dung vì đề bài đã không thiết thực thì không thể nào bắt sinh viên làm đạt yêu cầu được,Tiêu cực,Chương trình,32
"thời gian thực hành quá ít , phân bổ không phù hợp .",0,1,dev,thời gian thực hành quá ít phân bổ không phù hợp,Tiêu cực,Chương trình,11
"thông báo học quá trễ , qua kỳ thi giữa kỳ 2 - 3 tuần mới có thông báo học buổi học thực hành đầu tiên .",0,1,dev,thông báo học quá trễ qua kỳ thi giữa kỳ 2 3 tuần mới có thông báo học buổi học thực hành đầu tiên,Tiêu cực,Chương trình,24
"không ý kiến , môn học rất tốt .",1,1,dev,không ý kiến môn học rất tốt,Tích cực,Chương trình,7
có các bài tập hay bài kiểm tra đánh giá kiến thức theo từng tuần .,1,1,dev,có các bài tập hay bài kiểm tra đánh giá kiến thức theo từng tuần,Tích cực,Chương trình,15
lịch học phân trùng thời gian sinh viên không thể tham gia học thực hành .,0,1,dev,lịch học phân trùng thời gian sinh viên không thể tham gia học thực hành,Tiêu cực,Chương trình,15
"không khí thoải mái , không bị gò bó về vấn đề bài tập , không bị áp lực .",1,1,dev,không khí thoải mái không bị gò bó về vấn đề bài tập không bị áp lực,Tích cực,Chương trình,17
lượng kiến thức cho phần kiểm tra đánh giá kết quả học tập tràn lan .,0,1,dev,lượng kiến thức cho phần kiểm tra đánh giá kết quả học tập tràn lan,Tiêu cực,Chương trình,15
bài tập hay và cụ thể .,1,1,dev,bài tập hay và cụ thể,Tích cực,Chương trình,6
"môn tốt nghiệp mà thấy chỉ cho các nhóm thuyết trình xong điểm danh , thầy còn không ý kiến về cả bài thuyết trình .",0,1,dev,môn tốt nghiệp mà thấy chỉ cho các nhóm thuyết trình xong điểm danh thầy còn không ý kiến về cả bài thuyết trình,Tiêu cực,Chương trình,24
"cần có giáo trình với nhiều ví dụ rõ ràng hơn , hiện tại quá ít ví dụ để sinh viên tự học theo .",0,1,dev,cần có giáo trình với nhiều ví dụ rõ ràng hơn hiện tại quá ít ví dụ để sinh viên tự học theo,Tiêu cực,Chương trình,23
"slide bài giảng , bài tập đầy đủ .",1,1,dev,slide bài giảng bài tập đầy đủ,Tích cực,Chương trình,7
nhưng lại ra đề rất khó .,0,1,dev,nhưng lại ra đề rất khó,Tiêu cực,Chương trình,6
ít bài tập ôn tập .,0,1,dev,ít bài tập ôn tập,Tiêu cực,Chương trình,5
tổng quan môn học này không đúc kết được gì nhiều dù cho giảng viên có kiến thức tốt .,0,1,dev,tổng quan môn học này không đúc kết được gì nhiều dù cho giảng viên có kiến thức tốt,Tiêu cực,Chương trình,19
chú trọng giao tiếp .,2,1,dev,chú trọng giao tiếp,Trung lập,Chương trình,4
trong khi đề thi lại có 50% bài tập .,2,1,dev,trong khi đề thi lại có 50 bài tập,Trung lập,Chương trình,9
thêm các ví dụ minh họa để sinh viên dễ hiểu hơn về môn học .,0,1,dev,thêm các ví dụ minh họa để sinh viên dễ hiểu hơn về môn học,Tiêu cực,Chương trình,15
ví dụ trường hợp có hai lớp thực hành cách nhau một tuần nhưng lại cho ra một deadline bài tập cùng một thời điểm .,0,1,dev,ví dụ trường hợp có hai lớp thực hành cách nhau một tuần nhưng lại cho ra một deadline bài tập cùng một thời điểm,Tiêu cực,Chương trình,25
nên dạy lý thuyết trước rồi thực hành sau .,0,1,dev,nên dạy lý thuyết trước rồi thực hành sau,Tiêu cực,Chương trình,9
bài tập .,2,1,dev,bài tập,Trung lập,Chương trình,2
sĩ số sinh viên trong lớp quá đông với lại nhiều sinh viên nhiều ngành khác nhau học nên chất lượng buổi học không tốt .,0,1,dev,sĩ số sinh viên trong lớp quá đông với lại nhiều sinh viên nhiều ngành khác nhau học nên chất lượng buổi học không tốt,Tiêu cực,Chương trình,25
bài tập cực kỳ khó .,0,1,dev,bài tập cực kỳ khó,Tiêu cực,Chương trình,5
"các bài giảng của giáo viên dễ hiểu và dễ tiếp thu , phương pháp dạy vui vẻ và nhiệt tình .",1,1,dev,các bài giảng của giáo viên dễ hiểu và dễ tiếp thu phương pháp dạy vui vẻ và nhiệt tình,Tích cực,Chương trình,20
ngoài ra còn nói về một số kiến thức thực tế liên quan đến môn học .,1,1,dev,ngoài ra còn nói về một số kiến thức thực tế liên quan đến môn học,Tích cực,Chương trình,16
"bài giảng của cô khá trừu tượng , nếu cô có thêm vài ví dụ rõ ràng hơn , thì chúng em sẽ hiểu bài hơn .",0,1,dev,bài giảng của cô khá trừu tượng nếu cô có thêm vài ví dụ rõ ràng hơn thì chúng em sẽ hiểu bài hơn,Tiêu cực,Chương trình,24
em nghĩ môn học không cần thiết ạ !,0,1,dev,em nghĩ môn học không cần thiết ạ,Tiêu cực,Chương trình,8
cần có thêm nhiều tiết bài tập .,0,1,dev,cần có thêm nhiều tiết bài tập,Tiêu cực,Chương trình,7
bài tập thực hành khá nặng so với lý thuyết tại cùng một thời điểm .,0,1,dev,bài tập thực hành khá nặng so với lý thuyết tại cùng một thời điểm,Tiêu cực,Chương trình,15
"không nên chia giờ học kiểu 2 tiết 1 buổi , như vậy thời lượng học mỗi buổi quá ít , gây gián đoạn cho việc giảng dạy .",0,1,dev,không nên chia giờ học kiểu 2 tiết 1 buổi như vậy thời lượng học mỗi buổi quá ít gây gián đoạn cho việc giảng dạy,Tiêu cực,Chương trình,26
chương trình nên cập nhật thường xuyên để phù hợp hơn với thực tế .,0,1,dev,chương trình nên cập nhật thường xuyên để phù hợp hơn với thực tế,Tiêu cực,Chương trình,14
"khoa wzjwz10 với số lượng sinh viên khá đông mà đôi khi lại có thêm những bạn từ khoa khác vào học , nên giảng đường 2 trở nên đông kín .",0,1,dev,khoa wzjwz10 với số lượng sinh viên khá đông mà đôi khi lại có thêm những bạn từ khoa khác vào học nên giảng đường 2 trở nên đông kín,Tiêu cực,Chương trình,30
với lại môn học này dạy quá chán .,0,1,dev,với lại môn học này dạy quá chán,Tiêu cực,Chương trình,8
"khi báo cáo đồ án cuối kỳ , thì do sự phân công , và trong một nhóm thì ai cũng có điểm yếu và điểm mạnh nên mới tạo thành một nhóm để giúp đỡ nhau , nhưng thầy làm khó các thành viên .",0,1,dev,khi báo cáo đồ án cuối kỳ thì do sự phân công và trong một nhóm thì ai cũng có điểm yếu và điểm mạnh nên mới tạo thành một nhóm để giúp đỡ nhau nhưng thầy làm khó các thành viên,Tiêu cực,Chương trình,42
nhưng em nghĩ thời gian và phòng học nên cố định hơn và được thông báo rõ ràng .,0,1,dev,nhưng em nghĩ thời gian và phòng học nên cố định hơn và được thông báo rõ ràng,Tiêu cực,Chương trình,18
bài giảng mang tính thực tiễn và ứng dụng cao .,1,1,dev,bài giảng mang tính thực tiễn và ứng dụng cao,Tích cực,Chương trình,10
ứng dụng thực tế vô giảng dạy .,1,1,dev,ứng dụng thực tế vô giảng dạy,Tích cực,Chương trình,7
"môn lập trình mạng căn bản sử dụng ngôn ngữ csharp nhưng trước đó nhà trường không đề xuất cho sinh viên học môn này trước , gây nhiều khó khăn cho sinh viên khi học môn mới .",0,1,dev,môn lập trình mạng căn bản sử dụng ngôn ngữ csharp nhưng trước đó nhà trường không đề xuất cho sinh viên học môn này trước gây nhiều khó khăn cho sinh viên khi học môn mới,Tiêu cực,Chương trình,37
điều này tạo cho sinh viên sự chủ động trong học tập .,2,1,dev,điều này tạo cho sinh viên sự chủ động trong học tập,Trung lập,Chương trình,12
nhưng có một vấn đề mà em chưa thích đó là đi sâu vào lý thuyết quá nhiều chưa có giảng dạy cho chúng em nhiều về cách cấu thành sản phẩm .,0,1,dev,nhưng có một vấn đề mà em chưa thích đó là đi sâu vào lý thuyết quá nhiều chưa có giảng dạy cho chúng em nhiều về cách cấu thành sản phẩm,Tiêu cực,Chương trình,32
"bài giảng và bài tập trọng tâm , chi tiết .",1,1,dev,bài giảng và bài tập trọng tâm chi tiết,Tích cực,Chương trình,9
"phân chia chương trình hợp lý hơn , chia nhỏ lượng kiến thức cần đạt được .",1,1,dev,phân chia chương trình hợp lý hơn chia nhỏ lượng kiến thức cần đạt được,Tích cực,Chương trình,15
"nội dung môn học không phù hợp , quá nhiều lý thuyết , lý thuyết quá rườm rà và không phù hợp với truyền thống việt nam .",0,1,dev,nội dung môn học không phù hợp quá nhiều lý thuyết lý thuyết quá rườm rà và không phù hợp với truyền thống việt nam,Tiêu cực,Chương trình,25
đây là môn học khó và cần phải có nền tảng kiến thức từ những môn học cơ bản hơn nó nhưng chương trình k6 thì không có môn nào cơ bản về tín hiệu trước môn xử lý tín hiệu số .,0,1,dev,đây là môn học khó và cần phải có nền tảng kiến thức từ những môn học cơ bản hơn nó nhưng chương trình k6 thì không có môn nào cơ bản về tín hiệu trước môn xử lý tín hiệu số,Tiêu cực,Chương trình,42
"thêm nhiều ví dụ cụ thể , dễ hiểu cho sinh viên vì năm đầu tiên ở trường học môn nhập môn lập trình có nhiều bạn còn bỡ ngỡ , khó hiểu được những kiến thức có thể chưa bao giờ gặp qua này .",0,1,dev,thêm nhiều ví dụ cụ thể dễ hiểu cho sinh viên vì năm đầu tiên ở trường học môn nhập môn lập trình có nhiều bạn còn bỡ ngỡ khó hiểu được những kiến thức có thể chưa bao giờ gặp qua này,Tiêu cực,Chương trình,43
"số lượng sinh viên lớp nên tối đa là 30 , vì đây là môn học cá biệt cần sự tương tác thực tế .",0,1,dev,số lượng sinh viên lớp nên tối đa là 30 vì đây là môn học cá biệt cần sự tương tác thực tế,Tiêu cực,Chương trình,23
nên cần giúp sinh viên thực hành nói nhiều hơn và phương pháp trau dồi từ vựng sáng tạo .,0,1,dev,nên cần giúp sinh viên thực hành nói nhiều hơn và phương pháp trau dồi từ vựng sáng tạo,Tiêu cực,Chương trình,19
bài giảng hay .,1,1,dev,bài giảng hay,Tích cực,Chương trình,3
cần thêm tài liệu thực hành .,0,1,dev,cần thêm tài liệu thực hành,Tiêu cực,Chương trình,6
môn học rất hay và bổ ích .,1,1,dev,môn học rất hay và bổ ích,Tích cực,Chương trình,7
nên rèn kỹ năng nghe và nói nhiều hơn cho sinh viên .,0,1,dev,nên rèn kỹ năng nghe và nói nhiều hơn cho sinh viên,Tiêu cực,Chương trình,12
nên để giảng viên dạy lý thuyết cả thực hành sẽ logic hơn .,0,1,dev,nên để giảng viên dạy lý thuyết cả thực hành sẽ logic hơn,Tiêu cực,Chương trình,13
sinh viên tìm tòi cách khác để có được kết quả giống nhưng không chấp nhận .,0,1,dev,sinh viên tìm tòi cách khác để có được kết quả giống nhưng không chấp nhận,Tiêu cực,Chương trình,16
nêu lên những ví dụ rất hay giúp sinh viên dễ nắm bắt kiến thức .,1,1,dev,nêu lên những ví dụ rất hay giúp sinh viên dễ nắm bắt kiến thức,Tích cực,Chương trình,15
"bổ sung nhiều kiến thức thực hay , nâng cao cho sinh viên .",1,1,dev,bổ sung nhiều kiến thức thực hay nâng cao cho sinh viên,Tích cực,Chương trình,12
cần có lập trình thực nghiệm các bước và xem rõ cách hoạt động chương trình demo .,0,1,dev,cần có lập trình thực nghiệm các bước và xem rõ cách hoạt động chương trình demo,Tiêu cực,Chương trình,17
"cần có các bài lab thực hành để trực quan hơn , sát với thực tế làm việc ở các công ty phần cứng .",0,1,dev,cần có các bài lab thực hành để trực quan hơn sát với thực tế làm việc ở các công ty phần cứng,Tiêu cực,Chương trình,23
cần thêm tài liệu .,0,1,dev,cần thêm tài liệu,Tiêu cực,Chương trình,4
chỉ nhìn mỗi khía cạnh làm slide lý thuyết mà đánh giá cả đồ án của sinh viên một cách rất hời hợt .,0,1,dev,chỉ nhìn mỗi khía cạnh làm slide lý thuyết mà đánh giá cả đồ án của sinh viên một cách rất hời hợt,Tiêu cực,Chương trình,23
nói chung là em không thể tiếp thu bài trên lớp .,0,1,dev,nói chung là em không thể tiếp thu bài trên lớp,Tiêu cực,Chương trình,11
slide bài giảng hay .,1,1,dev,slide bài giảng hay,Tích cực,Chương trình,4
"nên có một số buổi ngoại khóa bên ngoài , tiếp cận thực tiễn , giao tiếp với người nước ngoài .",0,1,dev,nên có một số buổi ngoại khóa bên ngoài tiếp cận thực tiễn giao tiếp với người nước ngoài,Tiêu cực,Chương trình,19
giảm tảibỏ những phần không thật sự cần thiết .,0,1,dev,giảm tảibỏ những phần không thật sự cần thiết,Tiêu cực,Chương trình,9
thiếu hiệu quả không phù hợp với môn học .,0,1,dev,thiếu hiệu quả không phù hợp với môn học,Tiêu cực,Chương trình,9
kiến thức thực cần tế hơn .,0,1,dev,kiến thức thực cần tế hơn,Tiêu cực,Chương trình,6
phân bổ thời gian hoàn thành môn học hợp lý hơn nữa .,0,1,dev,phân bổ thời gian hoàn thành môn học hợp lý hơn nữa,Tiêu cực,Chương trình,12
"đây làm môn học cần thực hành nhiều , cần tăng thêm số buổi thực hành .",0,1,dev,đây làm môn học cần thực hành nhiều cần tăng thêm số buổi thực hành,Tiêu cực,Chương trình,15
"giáo trình anh văn dường như không giúp ích cho công nghệ thông tin cũng như những khả năng giao tiếp của sinh viên , sinh viên trung bình khó có thể đạt 5 điểm ở các chương trình anh văn .",0,1,dev,giáo trình anh văn dường như không giúp ích cho công nghệ thông tin cũng như những khả năng giao tiếp của sinh viên sinh viên trung bình khó có thể đạt 5 điểm ở các chương trình anh văn,Tiêu cực,Chương trình,40
nên có nhiều bài tập cho sinh viên tham khảo .,0,1,dev,nên có nhiều bài tập cho sinh viên tham khảo,Tiêu cực,Chương trình,10
"môn học này có định hướng thiên về lý thuyết logic nên em nghĩ nên học theo hình thức trao đổi và tham khảo , không nên đặt nặng đồ án và bài tập .",0,1,dev,môn học này có định hướng thiên về lý thuyết logic nên em nghĩ nên học theo hình thức trao đổi và tham khảo không nên đặt nặng đồ án và bài tập,Tiêu cực,Chương trình,33
đồ án lớn không có trong phần giảng dạy khiến sinh viên khó khăn trong việc thực hiện .,0,1,dev,đồ án lớn không có trong phần giảng dạy khiến sinh viên khó khăn trong việc thực hiện,Tiêu cực,Chương trình,18
thời gian nộp bài thực hành quá ngắn .,0,1,dev,thời gian nộp bài thực hành quá ngắn,Tiêu cực,Chương trình,8
tài liệu giảng dạy đầy đủ .,1,1,dev,tài liệu giảng dạy đầy đủ,Tích cực,Chương trình,6
bài tập quá nhiều .,0,1,dev,bài tập quá nhiều,Tiêu cực,Chương trình,4
đó là nội dung chương trình học rất tốt .,0,1,dev,đó là nội dung chương trình học rất tốt,Tiêu cực,Chương trình,9
nên đi sâu vào vấn đề .,0,1,dev,nên đi sâu vào vấn đề,Tiêu cực,Chương trình,6
đi dạy đầy đủ .,1,1,dev,đi dạy đầy đủ,Tích cực,Chương trình,4
"đề thi sử dụng google dịch , nửa tiếng anh nửa tiếng việt .",0,1,dev,đề thi sử dụng google dịch nửa tiếng anh nửa tiếng việt,Tiêu cực,Chương trình,12
em nghĩ cần tăng thêm thời gian học thực hành .,0,1,dev,em nghĩ cần tăng thêm thời gian học thực hành,Tiêu cực,Chương trình,10
tạo thêm nhiều ví dụ ngoài thực tiễn .,0,1,dev,tạo thêm nhiều ví dụ ngoài thực tiễn,Tiêu cực,Chương trình,8
"cần có các bài lab thực hành , để sinh viên thành thạo cũng như các thao tác ứng dụng .",0,1,dev,cần có các bài lab thực hành để sinh viên thành thạo cũng như các thao tác ứng dụng,Tiêu cực,Chương trình,19
cần tạo điều kiện cho sinh viên tăng vốn ngoại ngữ giao tiếp .,0,1,dev,cần tạo điều kiện cho sinh viên tăng vốn ngoại ngữ giao tiếp,Tiêu cực,Chương trình,13
tìa liệu hướng dẫn thực hành nên cụ thể hơn đối với những lab khó .,0,1,dev,tìa liệu hướng dẫn thực hành nên cụ thể hơn đối với những lab khó,Tiêu cực,Chương trình,15
nên có giáo trình rõ ràng và cơ bản hơn .,0,1,dev,nên có giáo trình rõ ràng và cơ bản hơn,Tiêu cực,Chương trình,10
"nên phân công giảng viên ít công việc ngoài , phân bố thời gian nghỉ lễ hợp lý .",0,1,dev,nên phân công giảng viên ít công việc ngoài phân bố thời gian nghỉ lễ hợp lý,Tiêu cực,Chương trình,17
"điểm danh quá nhiều colonsurprise , silde bài giảng cần phải đầu tư nhiều hơn .",0,1,dev,điểm danh quá nhiều colonsurprise silde bài giảng cần phải đầu tư nhiều hơn,Tiêu cực,Chương trình,14
kiến thức dạy cần được lên kế hoạch kỹ càng chương trình giảng dạy .,0,1,dev,kiến thức dạy cần được lên kế hoạch kỹ càng chương trình giảng dạy,Tiêu cực,Chương trình,14
bám sát nội dung môn học .,1,1,dev,bám sát nội dung môn học,Tích cực,Chương trình,6
"chưa đề cập đến nhiều nội dung như đồ họa , tệp , liên kết .",0,1,dev,chưa đề cập đến nhiều nội dung như đồ họa tệp liên kết,Tiêu cực,Chương trình,13
không nên sử dụng slide bằng tiếng anh tí nào .,0,1,dev,không nên sử dụng slide bằng tiếng anh tí nào,Tiêu cực,Chương trình,10
chất lượng đào tạo tốt .,1,1,dev,chất lượng đào tạo tốt,Tích cực,Chương trình,5
"kiến thức bao quát quá rộng lớn , khó tiếp cận cho người tự học .",0,1,dev,kiến thức bao quát quá rộng lớn khó tiếp cận cho người tự học,Tiêu cực,Chương trình,14
áp dụng thực tiễn .,1,1,dev,áp dụng thực tiễn,Tích cực,Chương trình,4
môn này hay .,1,1,dev,môn này hay,Tích cực,Chương trình,3
"không tổ chức thi cuối kỳ môn học , vì lý do làm đồ án đã mất rất nhiều thời gian .",0,1,dev,không tổ chức thi cuối kỳ môn học vì lý do làm đồ án đã mất rất nhiều thời gian,Tiêu cực,Chương trình,20
giờ thực hành quá ít .,0,1,dev,giờ thực hành quá ít,Tiêu cực,Chương trình,5
không có tài liệu học tập .,0,1,dev,không có tài liệu học tập,Tiêu cực,Chương trình,6
"thực hành hay , tuy nhiên cần tìm hiểu thời gian nhiều sinh viên rảnh nhất không thì sẽ có bạn mất bài của môn .",0,1,dev,thực hành hay tuy nhiên cần tìm hiểu thời gian nhiều sinh viên rảnh nhất không thì sẽ có bạn mất bài của môn,Tiêu cực,Chương trình,24
"nội dung môn học không hay , khá nhàm chán , không xác định được mục tiêu của môn học .",0,1,dev,nội dung môn học không hay khá nhàm chán không xác định được mục tiêu của môn học,Tiêu cực,Chương trình,18
thời gian học không đúng theo lịch .,0,1,dev,thời gian học không đúng theo lịch,Tiêu cực,Chương trình,7
nhà trường cần có giáo trình dùng chung cho tất cả các lớp và có một chương trình dạy cụ thể vì mỗi lớp có một kế hoạch học tập riêng mà lại thi chung nên rất khó cho sinh viên .,0,1,dev,nhà trường cần có giáo trình dùng chung cho tất cả các lớp và có một chương trình dạy cụ thể vì mỗi lớp có một kế hoạch học tập riêng mà lại thi chung nên rất khó cho sinh viên,Tiêu cực,Chương trình,41
đề nghị sắp xếp thời gian thực hành nhiều hơn .,0,1,dev,đề nghị sắp xếp thời gian thực hành nhiều hơn,Tiêu cực,Chương trình,10
không nên nhiệt tình quá nên xúc tích vào những nội dung cần thiết .,0,1,dev,không nên nhiệt tình quá nên xúc tích vào những nội dung cần thiết,Tiêu cực,Chương trình,14
do là hình thức thực hành 2 .,0,1,dev,do là hình thức thực hành 2,Tiêu cực,Chương trình,7
"giúp giảng viên chủ động truyền đạt các kiến thức đã học một cách cụ thể cho sinh viên bởi thực tế hiện nay sinh viên thường làm các đồ án trong đó không thể hiện được rõ các kiến thức đã học trên lớp , nó thiên về sử dụng kỹ thuật nhiều hơn .",0,1,dev,giúp giảng viên chủ động truyền đạt các kiến thức đã học một cách cụ thể cho sinh viên bởi thực tế hiện nay sinh viên thường làm các đồ án trong đó không thể hiện được rõ các kiến thức đã học trên lớp nó thiên về sử dụng kỹ thuật nhiều hơn,Tiêu cực,Chương trình,54
đánh giá đúng năng lực của sinh viên .,1,1,dev,đánh giá đúng năng lực của sinh viên,Tích cực,Chương trình,8
tập trung vào nghiên cứu phần kiến thức trọng tâm .,1,1,dev,tập trung vào nghiên cứu phần kiến thức trọng tâm,Tích cực,Chương trình,10
số bài thực hành quá nhiều đối với một môn thực hành hình thức 2 .,0,1,dev,số bài thực hành quá nhiều đối với một môn thực hành hình thức 2,Tiêu cực,Chương trình,15
không nên cho thi môn này .,0,1,dev,không nên cho thi môn này,Tiêu cực,Chương trình,6
thời gian học không đảm bảo .,0,1,dev,thời gian học không đảm bảo,Tiêu cực,Chương trình,6
"thêm các phần ứng dụng của danh sách liên kết stack , queue và bảng băm .",0,1,dev,thêm các phần ứng dụng của danh sách liên kết stack queue và bảng băm,Tiêu cực,Chương trình,15
nên cung cấp tài liệu giải trắc nghiệm anh văn .,0,1,dev,nên cung cấp tài liệu giải trắc nghiệm anh văn,Tiêu cực,Chương trình,10
nếu làm chung với nhóm khác thì sẽ dẫn tới khác đề nên không hợp tác được .,0,1,dev,nếu làm chung với nhóm khác thì sẽ dẫn tới khác đề nên không hợp tác được,Tiêu cực,Chương trình,17
cần tăng cường thêm nhiều bài tập vào nhiều tiết thực hành .,0,1,dev,cần tăng cường thêm nhiều bài tập vào nhiều tiết thực hành,Tiêu cực,Chương trình,12
"nên cho bài tập theo hình thức file , thay vì chép bảng ( chỉ nên chép bảng bài học thôi ) .",0,1,dev,nên cho bài tập theo hình thức file thay vì chép bảng chỉ nên chép bảng bài học thôi,Tiêu cực,Chương trình,19
tăng cường kỹ năng nói nhiều hơn nữa .,0,1,dev,tăng cường kỹ năng nói nhiều hơn nữa,Tiêu cực,Chương trình,8
tài liệu đầy đủ .,1,1,dev,tài liệu đầy đủ,Tích cực,Chương trình,4
"giáo trình cấu trúc dữ liệu và giải thuật còn khá nhiều sai sót , mong nhà trường chỉnh sửa và bổ sung lại .",0,1,dev,giáo trình cấu trúc dữ liệu và giải thuật còn khá nhiều sai sót mong nhà trường chỉnh sửa và bổ sung lại,Tiêu cực,Chương trình,23
môn thực hành nên cho những giảng viên có kinh nghiệm giảng dạy để giúp sinh viên có nền tảng về lập trình vì học ngành này thực hành là rất quan trọng .,0,1,dev,môn thực hành nên cho những giảng viên có kinh nghiệm giảng dạy để giúp sinh viên có nền tảng về lập trình vì học ngành này thực hành là rất quan trọng,Tiêu cực,Chương trình,33
em muốn đổi tên môn học vì tên môn là lập trình c fraction cplusplus nhưng lại học thiên về csharp .,0,1,dev,em muốn đổi tên môn học vì tên môn là lập trình c fraction cplusplus nhưng lại học thiên về csharp,Tiêu cực,Chương trình,21
tính điểm thi đua các nhóm .,1,1,test,tính điểm thi đua các nhóm,Tích cực,Chương trình,6
sinh viên không tiếp thu kịp cũng như không hiểu gì .,0,1,test,sinh viên không tiếp thu kịp cũng như không hiểu gì,Tiêu cực,Chương trình,11
"còn những phần tìm bao đóng , chứng minh dạng chuẩn chưa làm rõ .",0,1,test,còn những phần tìm bao đóng chứng minh dạng chuẩn chưa làm rõ,Tiêu cực,Chương trình,13
giữa lý thuyết từ vựng với trò chơi để dễ tiếp thu .,0,1,test,giữa lý thuyết từ vựng với trò chơi để dễ tiếp thu,Tiêu cực,Chương trình,12
môn học này giúp chúng em hiểu ra những vấn đề cơ bản .,2,1,test,môn học này giúp chúng em hiểu ra những vấn đề cơ bản,Trung lập,Chương trình,13
giáo trình chưa có hợp lý .,0,1,test,giáo trình chưa có hợp lý,Tiêu cực,Chương trình,6
"cô vui tính , học không áp lực .",1,1,test,cô vui tính học không áp lực,Tích cực,Chương trình,7
phần lớn chỉ là lý thuyết và bài tập .,1,1,test,phần lớn chỉ là lý thuyết và bài tập,Tích cực,Chương trình,9
"cô nhiệt tình , giảng bài hiệu quả .",1,1,test,cô nhiệt tình giảng bài hiệu quả,Tích cực,Chương trình,7
không biết được chính xác bao giờ học thật để đi học .,0,1,test,không biết được chính xác bao giờ học thật để đi học,Tiêu cực,Chương trình,12
như vậy tụi em sẽ định hướng tốt hơn và tập trung vào những thứ cần thiết .,2,1,test,như vậy tụi em sẽ định hướng tốt hơn và tập trung vào những thứ cần thiết,Trung lập,Chương trình,17
"thêm hoạt động của sinh viên , giúp sinh viên chủ động hơn .",0,1,test,thêm hoạt động của sinh viên giúp sinh viên chủ động hơn,Tiêu cực,Chương trình,12
tính thực tế cũng cao so với việc thi lý thuyết lấy điểm .,1,1,test,tính thực tế cũng cao so với việc thi lý thuyết lấy điểm,Tích cực,Chương trình,13
thời lượng kiến thức trong một buổi học quá dài .,0,1,test,thời lượng kiến thức trong một buổi học quá dài,Tiêu cực,Chương trình,10
"slide thầy chiếu lên màn chiếu doubledot dày đặc chữ , nhìn không rõ ràng .",0,1,test,slide thầy chiếu lên màn chiếu doubledot dày đặc chữ nhìn không rõ ràng,Tiêu cực,Chương trình,14
thời gian các bạn lên làm bài tập thì thầy nên giảng cho các sinh viên khác chưa làm được .,0,1,test,thời gian các bạn lên làm bài tập thì thầy nên giảng cho các sinh viên khác chưa làm được,Tiêu cực,Chương trình,20
nội dung của môn học nên được cải tiến và cập nhật hơn nữa để bắt kịp với xu hướng hiện nay của thế giới .,0,1,test,nội dung của môn học nên được cải tiến và cập nhật hơn nữa để bắt kịp với xu hướng hiện nay của thế giới,Tiêu cực,Chương trình,25
"nhiều bài tập , sát với chương trình học và thi .",1,1,test,nhiều bài tập sát với chương trình học và thi,Tích cực,Chương trình,10
bài giảng hay và dễ hiểu .,1,1,test,bài giảng hay và dễ hiểu,Tích cực,Chương trình,6
nội dung môn học không đáp ứng được mục tiêu của môn học .,0,1,test,nội dung môn học không đáp ứng được mục tiêu của môn học,Tiêu cực,Chương trình,13
không cần phải mở lớp thực hành với môn học này .,0,1,test,không cần phải mở lớp thực hành với môn học này,Tiêu cực,Chương trình,11
thêm nhiều bài tập thiết thực hơn .,0,1,test,thêm nhiều bài tập thiết thực hơn,Tiêu cực,Chương trình,7
"ví dụ phù hợp với nội dung kiến thức , hướng dẫn chi tiết .",2,1,test,ví dụ phù hợp với nội dung kiến thức hướng dẫn chi tiết,Trung lập,Chương trình,13
bài thuyết trình của các sinh viên .,2,1,test,bài thuyết trình của các sinh viên,Trung lập,Chương trình,7
đề cương thực hành chi tiết .,1,1,test,đề cương thực hành chi tiết,Tích cực,Chương trình,6
chất lượng kiểm tra các môn học chưa đánh giá được chất lượng học sinh hiểu bài cho lắm .,0,1,test,chất lượng kiểm tra các môn học chưa đánh giá được chất lượng học sinh hiểu bài cho lắm,Tiêu cực,Chương trình,19
chứ không chỉ cách viết một đoạn code mới học từ lý thuyết .,0,1,test,chứ không chỉ cách viết một đoạn code mới học từ lý thuyết,Tiêu cực,Chương trình,13
"em nghĩ chỉ cần thi là đủ , chứ em đi học mấy lần , mà thấy thầy có dạy gì đâu .",0,1,test,em nghĩ chỉ cần thi là đủ chứ em đi học mấy lần mà thấy thầy có dạy gì đâu,Tiêu cực,Chương trình,20
"chia nhỏ điểm ra , mỗi buổi 1 bài lab , nộp bài lab để lấy điểm .",0,1,test,chia nhỏ điểm ra mỗi buổi 1 bài lab nộp bài lab để lấy điểm,Tiêu cực,Chương trình,15
chương trình giảng dạy cần được phân bố hợp lý và được cập nhật .,0,1,test,chương trình giảng dạy cần được phân bố hợp lý và được cập nhật,Tiêu cực,Chương trình,14
"có ba buổi học , chỉ những người tham gia buổi đầu mới biết các buổi tiếp theo .",0,1,test,có ba buổi học chỉ những người tham gia buổi đầu mới biết các buổi tiếp theo,Tiêu cực,Chương trình,17
bài tập thầy giảng rất hay .,1,1,test,bài tập thầy giảng rất hay,Tích cực,Chương trình,6
sử dụng quá nhiều tiếng anh để giảng bài trong khi sinh viên ngồi dưới chẳng hiểu là bao nhiêu .,0,1,test,sử dụng quá nhiều tiếng anh để giảng bài trong khi sinh viên ngồi dưới chẳng hiểu là bao nhiêu,Tiêu cực,Chương trình,20
"nên tạo thêm cảm hứng khi học như doubledot học qua bài hát , hình ảnh .",0,1,test,nên tạo thêm cảm hứng khi học như doubledot học qua bài hát hình ảnh,Tiêu cực,Chương trình,15
em nghĩ nên dạy thực hành và nộp bài tập thực hành cách lịch học lý thuyết thêm một tuần nữa so với học kỳ này .,0,1,test,em nghĩ nên dạy thực hành và nộp bài tập thực hành cách lịch học lý thuyết thêm một tuần nữa so với học kỳ này,Tiêu cực,Chương trình,26
nội dung thi liên quan quá ít đến khoảng thời gian học trong lớp .,0,1,test,nội dung thi liên quan quá ít đến khoảng thời gian học trong lớp,Tiêu cực,Chương trình,14
bài tập phong phú và đa dạng giúp sinh viên có thể nắm được kiến thức .,1,1,test,bài tập phong phú và đa dạng giúp sinh viên có thể nắm được kiến thức,Tích cực,Chương trình,16
cần bài tập có lời giải .,0,1,test,cần bài tập có lời giải,Tiêu cực,Chương trình,6
theo em môn này nên chuyển sang hình thức đồ án cuối kỳ thay vì thi cuối kỳ thì sẽ hợp lý và hiệu quả hơn .,0,1,test,theo em môn này nên chuyển sang hình thức đồ án cuối kỳ thay vì thi cuối kỳ thì sẽ hợp lý và hiệu quả hơn,Tiêu cực,Chương trình,26
nên cụ thể hóa trong ví dụ .,0,1,test,nên cụ thể hóa trong ví dụ,Tiêu cực,Chương trình,7
nên có các bài tập bắt buộc doubledot cá nhân doubledot nắm sát được tiến độ và khả năng của từng sinh viên nhóm doubledot đánh giá và hình thành kỹ năng làm việc nhóm đôi khi do không bắt buộc các bài tập nhóm và các bài tập thuyết trình mà các bạn sinh viên thụ động !,0,1,test,nên có các bài tập bắt buộc doubledot cá nhân doubledot nắm sát được tiến độ và khả năng của từng sinh viên nhóm doubledot đánh giá và hình thành kỹ năng làm việc nhóm đôi khi do không bắt buộc các bài tập nhóm và các bài tập thuyết trình mà các bạn sinh viên thụ động,Tiêu cực,Chương trình,58
tại sao trong quá trình học không có một buổi tham quan một công ty đang làm về oracal hiệu quả sẽ cao hơn .,0,1,test,tại sao trong quá trình học không có một buổi tham quan một công ty đang làm về oracal hiệu quả sẽ cao hơn,Tiêu cực,Chương trình,24
thực hành đi trước lý thuyết nên gây ra một số khó khăn cho sinh viên .,0,1,test,thực hành đi trước lý thuyết nên gây ra một số khó khăn cho sinh viên,Tiêu cực,Chương trình,16
đề thi quá dài .,0,1,test,đề thi quá dài,Tiêu cực,Chương trình,4
"đề nghị bỏ phần thì lý thuyết vào cuối kỳ , chỉ lấy 2 cột điểm seminar giữa kỳ và đồ án cuối kỳ .",0,1,test,đề nghị bỏ phần thì lý thuyết vào cuối kỳ chỉ lấy 2 cột điểm seminar giữa kỳ và đồ án cuối kỳ,Tiêu cực,Chương trình,23
"bài tập rất hay và thiết thực , cho sinh viên nhiều lựa chọn .",1,1,test,bài tập rất hay và thiết thực cho sinh viên nhiều lựa chọn,Tích cực,Chương trình,13
nên tăng thời lượng môn học vì chương trình học còn khá nặng đối với sinh viên học lần đầu .,0,1,test,nên tăng thời lượng môn học vì chương trình học còn khá nặng đối với sinh viên học lần đầu,Tiêu cực,Chương trình,20
nếu có hướng dẫn cũng là lý thuyết suông khó áp dụng .,0,1,test,nếu có hướng dẫn cũng là lý thuyết suông khó áp dụng,Tiêu cực,Chương trình,12
kinh mong nhà trường làm rõ việc này và đảm bảo công bằng cho sinh viên !,0,1,test,kinh mong nhà trường làm rõ việc này và đảm bảo công bằng cho sinh viên,Tiêu cực,Chương trình,16
thời gian học .,2,1,test,thời gian học,Trung lập,Chương trình,3
"cần tăng những kỹ năng nghe , nói , đọc , viết , tạo môi trường để giao tiếp anh văn hiệu quả .",0,1,test,cần tăng những kỹ năng nghe nói đọc viết tạo môi trường để giao tiếp anh văn hiệu quả,Tiêu cực,Chương trình,19
"thực hành hình thức 2 tỏ ra kém hiệu quả , chủ yếu cho cái đồ án môn học rồi sinh viên tự mày mò mà làm , thời gian để sinh viên và giáo viên tương tác không có vì một hai buổi gặp sinh viên không thể giúp sinh viên được nhiều , vì đồ án chỉ tập trung vào một chủ đề nào đó trong môn học nên tổng quan lại là sinh viên chỉ nắm được kiến thức phần được làm , không nắm được các nội dung khác trong nội dung học .",0,1,test,thực hành hình thức 2 tỏ ra kém hiệu quả chủ yếu cho cái đồ án môn học rồi sinh viên tự mày mò mà làm thời gian để sinh viên và giáo viên tương tác không có vì một hai buổi gặp sinh viên không thể giúp sinh viên được nhiều vì đồ án chỉ tập trung vào một chủ đề nào đó trong môn học nên tổng quan lại là sinh viên chỉ nắm được kiến thức phần được làm không nắm được các nội dung khác trong nội dung học,Tiêu cực,Chương trình,93
tiến độ dạy hơi nhanh .,0,1,test,tiến độ dạy hơi nhanh,Tiêu cực,Chương trình,5
cách diễn đạt đôi lúc còn khó hiểu .,0,1,test,cách diễn đạt đôi lúc còn khó hiểu,Tiêu cực,Chương trình,8
"em nghĩ nếu môn học dạy kiến thức nền tảng áp dụng lập trình trên nhiều nền tảng khác nhau , không đơn thuần chỉ là j2e thì tốt quá !",0,1,test,em nghĩ nếu môn học dạy kiến thức nền tảng áp dụng lập trình trên nhiều nền tảng khác nhau không đơn thuần chỉ là j2e thì tốt quá,Tiêu cực,Chương trình,29
đề nghị tăng tiết học cho môn này .,0,1,test,đề nghị tăng tiết học cho môn này,Tiêu cực,Chương trình,8
bài tập thực hành sát với lý thuyết .,1,1,test,bài tập thực hành sát với lý thuyết,Tích cực,Chương trình,8
nội dung môn học hay và bổ ích cho công việc sau này .,1,1,test,nội dung môn học hay và bổ ích cho công việc sau này,Tích cực,Chương trình,13
không công bằng trong việc điểm danh .,0,1,test,không công bằng trong việc điểm danh,Tiêu cực,Chương trình,7
môn wzjwz19 khá xa lạ đối với em .,0,1,test,môn wzjwz19 khá xa lạ đối với em,Tiêu cực,Chương trình,8
môn học quá trừu tượng nên cần phải có ví dụ và mô hình cụ thể cho từng phần .,0,1,test,môn học quá trừu tượng nên cần phải có ví dụ và mô hình cụ thể cho từng phần,Tiêu cực,Chương trình,19
"môn anh văn trường xếp lịch dạy 4 tiết , như vậy khi học xong sẽ ra muộn khoảng 6h30 mới về đến nhà ở nội thành , vì vậy những môn học 4 tiết như anh văn nên xếp học buổi sáng .",0,1,test,môn anh văn trường xếp lịch dạy 4 tiết như vậy khi học xong sẽ ra muộn khoảng 6h30 mới về đến nhà ở nội thành vì vậy những môn học 4 tiết như anh văn nên xếp học buổi sáng,Tiêu cực,Chương trình,41
"tất cả đều mới mẻ nhưng phải làm trong một thời gian ngắn vào cuối kỳ , trong khi đó sinh viên còn phải học rất nhiều thứ khác .",0,1,test,tất cả đều mới mẻ nhưng phải làm trong một thời gian ngắn vào cuối kỳ trong khi đó sinh viên còn phải học rất nhiều thứ khác,Tiêu cực,Chương trình,28
"cần thêm các đội ngũ giảng viên trình độ pgs , gs trở lên , một số là ts nếu có kinh nghiệm nhiều trong nghiên cứu vì đây là môn nghiên cứu khoa học .",0,1,test,cần thêm các đội ngũ giảng viên trình độ pgs gs trở lên một số là ts nếu có kinh nghiệm nhiều trong nghiên cứu vì đây là môn nghiên cứu khoa học,Tiêu cực,Chương trình,33
làm các bài tập và mạch điện đơn giản như thế sẽ hứng thú hơn !,0,1,test,làm các bài tập và mạch điện đơn giản như thế sẽ hứng thú hơn,Tiêu cực,Chương trình,15
hình thức này quá máy móc .,0,1,test,hình thức này quá máy móc,Tiêu cực,Chương trình,6
với lượng kiến thức nhiều nên gây sự khó hiểu không tiếp thu kịp .,0,1,test,với lượng kiến thức nhiều nên gây sự khó hiểu không tiếp thu kịp,Tiêu cực,Chương trình,14
"môn học thực sự cần những kỹ sư , những người làm việc thực tế chia sẻ như những buổi thảo luận , góp ý .",0,1,test,môn học thực sự cần những kỹ sư những người làm việc thực tế chia sẻ như những buổi thảo luận góp ý,Tiêu cực,Chương trình,23
"thi cuối kỳ đến và chúng em chưa học được hết môn mạng , không có buổi ôn tập , không có đề cương .",0,1,test,thi cuối kỳ đến và chúng em chưa học được hết môn mạng không có buổi ôn tập không có đề cương,Tiêu cực,Chương trình,22
đề kiểm tra quá dễ .,0,1,test,đề kiểm tra quá dễ,Tiêu cực,Chương trình,5
"buổi học đầu tiên là 2 tuần sau thi giữa học kỳ , chỉ yêu cầu làm bài tập mà không cần làm đồ án môn học .",0,1,test,buổi học đầu tiên là 2 tuần sau thi giữa học kỳ chỉ yêu cầu làm bài tập mà không cần làm đồ án môn học,Tiêu cực,Chương trình,26
"không nên "" mồi "" sinh viên làm bài tập bằng điểm .",0,1,test,không nên mồi sinh viên làm bài tập bằng điểm,Tiêu cực,Chương trình,10
nội dung môn học khá nhiều .,0,1,test,nội dung môn học khá nhiều,Tiêu cực,Chương trình,6
"giảm thời lượng lý thuyết , tăng thời lượng thực hành .",0,1,test,giảm thời lượng lý thuyết tăng thời lượng thực hành,Tiêu cực,Chương trình,10
"thời gian tập luyện quá ít , kỹ thuật khá khó với những bạn lần đậu tiếp cận .",0,1,test,thời gian tập luyện quá ít kỹ thuật khá khó với những bạn lần đậu tiếp cận,Tiêu cực,Chương trình,17
cần nhiều bài tập và lời giải chi tiết .,0,1,test,cần nhiều bài tập và lời giải chi tiết,Tiêu cực,Chương trình,9
nên bổ xung nhiều bài tập hơn .,0,1,test,nên bổ xung nhiều bài tập hơn,Tiêu cực,Chương trình,7
demo tốt .,1,1,test,demo tốt,Tích cực,Chương trình,2
ít liên kết với bài tập .,0,1,test,ít liên kết với bài tập,Tiêu cực,Chương trình,6
không được thực hành nhiều .,0,1,test,không được thực hành nhiều,Tiêu cực,Chương trình,5
"môn học có chương trình , chủ đề để sinh viên dễ nắm bắt và liên tưởng học tập .",1,1,test,môn học có chương trình chủ đề để sinh viên dễ nắm bắt và liên tưởng học tập,Tích cực,Chương trình,18
làm việc nhóm .,2,1,test,làm việc nhóm,Trung lập,Chương trình,3
ngoại trừ khi thi thì có một số phần không được nói nhưng sao thi lại ra câu đó .,0,1,test,ngoại trừ khi thi thì có một số phần không được nói nhưng sao thi lại ra câu đó,Tiêu cực,Chương trình,19
"đồ án cuối kỳ thì chấm chéo về "" source code "" giữa các nhóm trong khi tên môn học là "" quản lý dự án công nghệ thông tin "" .",0,1,test,đồ án cuối kỳ thì chấm chéo về source code giữa các nhóm trong khi tên môn học là quản lý dự án công nghệ thông tin,Tiêu cực,Chương trình,27
phần thực hành cần có thời lượng cao hơn và nhiều nội dung bổ trợ lý thuyết hơn .,0,1,test,phần thực hành cần có thời lượng cao hơn và nhiều nội dung bổ trợ lý thuyết hơn,Tiêu cực,Chương trình,18
mong nhà trường sẽ hướng đào tạo có thể giao tiếp nhiều hơn để thi ở bộ môn này .,0,1,test,mong nhà trường sẽ hướng đào tạo có thể giao tiếp nhiều hơn để thi ở bộ môn này,Tiêu cực,Chương trình,19
đáp áp cụ thể cho bài tập cũng không có .,0,1,test,đáp áp cụ thể cho bài tập cũng không có,Tiêu cực,Chương trình,10
"vẫn chưa được áp dụng nhiều kiến thức bên ngoài cho lắm , đa phần sử dụng các kiến thức trong sách giáo khoa là chính nên đâm ra buổi học trở nên nhàm chán hơn .",0,1,test,vẫn chưa được áp dụng nhiều kiến thức bên ngoài cho lắm đa phần sử dụng các kiến thức trong sách giáo khoa là chính nên đâm ra buổi học trở nên nhàm chán hơn,Tiêu cực,Chương trình,35
"đã học trong môn lập trình trên windows mà không đi sâu vào môn đi sâu vào lập trình hệ thống nâng cao như cái tên của môn học "" lập trình hệ thống với java "" .",0,1,test,đã học trong môn lập trình trên windows mà không đi sâu vào môn đi sâu vào lập trình hệ thống nâng cao như cái tên của môn học lập trình hệ thống với java,Tiêu cực,Chương trình,35
thuyết trình thường xuyên .,0,1,test,thuyết trình thường xuyên,Tiêu cực,Chương trình,4
"thời gian hợp lý , thái độ thoải mái .",1,1,test,thời gian hợp lý thái độ thoải mái,Tích cực,Chương trình,8
có kết hợp với bài tập ví dụ .,2,1,test,có kết hợp với bài tập ví dụ,Trung lập,Chương trình,8
nhưng nguyên nhân chán có lẽ vì không hiểu được mục đích môn học sau khi học xong nên không muốn học .,0,1,test,nhưng nguyên nhân chán có lẽ vì không hiểu được mục đích môn học sau khi học xong nên không muốn học,Tiêu cực,Chương trình,22
bài tập đầy đủ .,2,1,test,bài tập đầy đủ,Trung lập,Chương trình,4
"đề thi không phân bố điểm , nếu chạy được chương trình thì có điểm , không chạy được chương trình thì 0 điểm .",0,1,test,đề thi không phân bố điểm nếu chạy được chương trình thì có điểm không chạy được chương trình thì 0 điểm,Tiêu cực,Chương trình,22
bài giảng bằng tiếng anh giúp sinh viên tiếp cận ngoại ngữ tốt hơn .,0,1,test,bài giảng bằng tiếng anh giúp sinh viên tiếp cận ngoại ngữ tốt hơn,Tiêu cực,Chương trình,14
cần điều chỉnh số lượng sinh viên hợp lý trong lớp học bởi trong lớp khá đông .,0,1,test,cần điều chỉnh số lượng sinh viên hợp lý trong lớp học bởi trong lớp khá đông,Tiêu cực,Chương trình,17
các bài thực hành có liên quan tới nghiệp vụ .,1,1,test,các bài thực hành có liên quan tới nghiệp vụ,Tích cực,Chương trình,10
ngoài ra còn nhiều kiến thức ngoài .,2,1,test,ngoài ra còn nhiều kiến thức ngoài,Trung lập,Chương trình,7
chưa sâu về nội dung .,0,1,test,chưa sâu về nội dung,Tiêu cực,Chương trình,5
sinh viên học lý thuyết nhưng thực hành không liên quan nhiều tới lý thuyết .,0,1,test,sinh viên học lý thuyết nhưng thực hành không liên quan nhiều tới lý thuyết,Tiêu cực,Chương trình,15
cần thêm giáo trình do trường biên soạn .,0,1,test,cần thêm giáo trình do trường biên soạn,Tiêu cực,Chương trình,8
giúp sinh viên hoàn thiện các kỹ năng trong việc học tập .,1,1,test,giúp sinh viên hoàn thiện các kỹ năng trong việc học tập,Tích cực,Chương trình,12
"không nên đánh giá tập trung vào một bài thi cuối kỳ duy nhất , chia thành nhiều phần doubledot 60% kiến thức ai doubledot trong đó có thể kiểm tra giấy như hiện nay bài tập lớn 40% một đồ án vận dụng trí tuệ nhân tạo ( ai ) bài thi cuối kỳ không đảm bảo đánh giá đúng chất lượng sinh viên doubledot đề thi cho những câu dễ , chỉ mất thời gian để trình bày hơn là thời gian suy nghĩ .",0,1,test,không nên đánh giá tập trung vào một bài thi cuối kỳ duy nhất chia thành nhiều phần doubledot 60 kiến thức ai doubledot trong đó có thể kiểm tra giấy như hiện nay bài tập lớn 40 một đồ án vận dụng trí tuệ nhân tạo ai bài thi cuối kỳ không đảm bảo đánh giá đúng chất lượng sinh viên doubledot đề thi cho những câu dễ chỉ mất thời gian để trình bày hơn là thời gian suy nghĩ,Tiêu cực,Chương trình,82
đề quá khó !,0,1,test,đề quá khó,Tiêu cực,Chương trình,3
môn học tốt .,1,1,test,môn học tốt,Tích cực,Chương trình,3
nên thêm nhiều kiến thức thực tế hơn nữa .,0,1,test,nên thêm nhiều kiến thức thực tế hơn nữa,Tiêu cực,Chương trình,9
nhiều bài thuyết trình .,2,1,test,nhiều bài thuyết trình,Trung lập,Chương trình,4
"nên giảm thời gian tiết học môn anh văn , vì thời gian học một buổi dài sẽ ít hiệu quả .",0,1,test,nên giảm thời gian tiết học môn anh văn vì thời gian học một buổi dài sẽ ít hiệu quả,Tiêu cực,Chương trình,20
nên thay đổi hình thức kiểm tra .,0,1,test,nên thay đổi hình thức kiểm tra,Tiêu cực,Chương trình,7
bài tập đa dạng giúp sinh viên hiểu rõ bài học hơn .,1,1,test,bài tập đa dạng giúp sinh viên hiểu rõ bài học hơn,Tích cực,Chương trình,12
nên tăng bài tập và thời gian thực hành .,0,1,test,nên tăng bài tập và thời gian thực hành,Tiêu cực,Chương trình,9
slide chi tiết .,1,1,test,slide chi tiết,Tích cực,Chương trình,3
cần cung cấp hướng dẫn thực hành .,0,1,test,cần cung cấp hướng dẫn thực hành,Tiêu cực,Chương trình,7
"chấm bài theo hệ thống hay báo lỗi , không được sáng tạo theo lối nghĩ riêng .",0,1,test,chấm bài theo hệ thống hay báo lỗi không được sáng tạo theo lối nghĩ riêng,Tiêu cực,Chương trình,16
nên tăng thêm nhiều thời gian thực hành vì môn game khó mà chỉ thực hành có 3 buổi thì không đủ để sinh viên có thể hiểu hết vấn đề .,0,1,test,nên tăng thêm nhiều thời gian thực hành vì môn game khó mà chỉ thực hành có 3 buổi thì không đủ để sinh viên có thể hiểu hết vấn đề,Tiêu cực,Chương trình,31
"cần cho thêm nhiều tài liệu , bài tập để sinh viên tự nghiên cứu .",0,1,test,cần cho thêm nhiều tài liệu bài tập để sinh viên tự nghiên cứu,Tiêu cực,Chương trình,14
em nghĩ như vậy sẽ tốt hơn vì họ sẽ biết được khả năng của sinh viên trong lớp tới đâu để cho bài thực hành được phù hợp với trình độ của sinh viên .,2,1,test,em nghĩ như vậy sẽ tốt hơn vì họ sẽ biết được khả năng của sinh viên trong lớp tới đâu để cho bài thực hành được phù hợp với trình độ của sinh viên,Trung lập,Chương trình,35
bài tập phong phú .,1,1,test,bài tập phong phú,Tích cực,Chương trình,4
bài học khá hữu ích .,1,1,test,bài học khá hữu ích,Tích cực,Chương trình,5
các phần bài tập ví dụ cần rõ ràng và rành mạch .,0,1,test,các phần bài tập ví dụ cần rõ ràng và rành mạch,Tiêu cực,Chương trình,12
tăng thời gian nghe tiếng anh .,0,1,test,tăng thời gian nghe tiếng anh,Tiêu cực,Chương trình,6
"khiến người học có cảm giác như đang tham gia hội nghị đa cấp thay vì đang học , nội dung môn này nên có thêm phần nói về đạo đức của người kỹ sư , cử nhân ngành công nghệ thông tin thay vì nói về những thứ không thực tế .",0,1,test,khiến người học có cảm giác như đang tham gia hội nghị đa cấp thay vì đang học nội dung môn này nên có thêm phần nói về đạo đức của người kỹ sư cử nhân ngành công nghệ thông tin thay vì nói về những thứ không thực tế,Tiêu cực,Chương trình,50
"nên cho thi hình thức trắc nghiệm , giúp sinh viên được hiểu rộng , đề thi năm nào cũng cùng một dạng , giống như sinh viên đang học tủ .",0,1,test,nên cho thi hình thức trắc nghiệm giúp sinh viên được hiểu rộng đề thi năm nào cũng cùng một dạng giống như sinh viên đang học tủ,Tiêu cực,Chương trình,28
cần có nhiều bài tập và những buổi bài tập để các sinh viên hiểu được bài .,0,1,test,cần có nhiều bài tập và những buổi bài tập để các sinh viên hiểu được bài,Tiêu cực,Chương trình,17
nên nâng cao hơn .,0,1,test,nên nâng cao hơn,Tiêu cực,Chương trình,4
bài tập còn chưa đa dạng .,0,1,test,bài tập còn chưa đa dạng,Tiêu cực,Chương trình,6
nội dung quá lý thuyết và sơ sài .,0,1,test,nội dung quá lý thuyết và sơ sài,Tiêu cực,Chương trình,8
"không khí lớp học không được sôi động , năng nổ .",0,1,test,không khí lớp học không được sôi động năng nổ,Tiêu cực,Chương trình,10
tính thực tiễn của môn học .,2,1,test,tính thực tiễn của môn học,Trung lập,Chương trình,6
tiết học nhàm chán .,0,1,test,tiết học nhàm chán,Tiêu cực,Chương trình,4
cho phép sinh viên chuẩn bị bài trước tiết kiệm thời gian làm thực hành .,1,1,test,cho phép sinh viên chuẩn bị bài trước tiết kiệm thời gian làm thực hành,Tích cực,Chương trình,15
đề thi thực hành cuối kỳ không đánh giá đúng kiến thức của học sinh .,0,1,test,đề thi thực hành cuối kỳ không đánh giá đúng kiến thức của học sinh,Tiêu cực,Chương trình,15
thực hành speaking nhiều hơn .,0,1,test,thực hành speaking nhiều hơn,Tiêu cực,Chương trình,5
"ngoài kiến thức cơ bản môn học , có mở rộng các kiến thức thú vị cho tương lai .",1,1,test,ngoài kiến thức cơ bản môn học có mở rộng các kiến thức thú vị cho tương lai,Tích cực,Chương trình,18
"ra đề thi midterm cả lớp toàn 0 , 1 , 2 đến 3 điểm .",0,1,test,ra đề thi midterm cả lớp toàn 0 1 2 đến 3 điểm,Tiêu cực,Chương trình,13
"nhiều buổi học không có giảng viên , khi liên hệ phòng công tác sinh viên của trường thì không gặp .",0,1,test,nhiều buổi học không có giảng viên khi liên hệ phòng công tác sinh viên của trường thì không gặp,Tiêu cực,Chương trình,20
"thực hành chưa được học nhưng trên lớp buổi đầu tiên và buổi học thứ hai đã cho bài tập nhưng lại là bài tập của thực hành , mặt khác là cho rất nhiều .",0,1,test,thực hành chưa được học nhưng trên lớp buổi đầu tiên và buổi học thứ hai đã cho bài tập nhưng lại là bài tập của thực hành mặt khác là cho rất nhiều,Tiêu cực,Chương trình,34
cho sinh viên hiểu rõ về nội dung môn học .,0,1,test,cho sinh viên hiểu rõ về nội dung môn học,Tiêu cực,Chương trình,10
đòi hỏi quá cao .,0,1,test,đòi hỏi quá cao,Tiêu cực,Chương trình,4
"em có đi học ở một trung tâm ngoài trường , tiền học phí so với trường mình về số tiết là gần như tương đương nhau nhưng chất lượng học rất khác nhau , em được đảm bảo giờ lên lớp đúng , thực hành nói , nghe mỗi buổi học .",0,1,test,em có đi học ở một trung tâm ngoài trường tiền học phí so với trường mình về số tiết là gần như tương đương nhau nhưng chất lượng học rất khác nhau em được đảm bảo giờ lên lớp đúng thực hành nói nghe mỗi buổi học,Tiêu cực,Chương trình,48
bài tập cho hơi khó .,0,1,test,bài tập cho hơi khó,Tiêu cực,Chương trình,5
đây là những ví dụ nhập môn mà các em học sinh lớp 8 - 9 khi bắt đầu được học về quy hoạch động để đi thi học sinh giỏi .,2,1,test,đây là những ví dụ nhập môn mà các em học sinh lớp 8 9 khi bắt đầu được học về quy hoạch động để đi thi học sinh giỏi,Trung lập,Chương trình,30
kết thúc môn học mà không được cái gì hết .,0,1,test,kết thúc môn học mà không được cái gì hết,Tiêu cực,Chương trình,10
không nên dựa theo ví dụ trong đề cương .,0,1,test,không nên dựa theo ví dụ trong đề cương,Tiêu cực,Chương trình,9
môn học nên thêm thời gian thực hành trên lớp nhiều hơn .,0,1,test,môn học nên thêm thời gian thực hành trên lớp nhiều hơn,Tiêu cực,Chương trình,12
"cần có tài liệu bài bản , rõ ràng .",0,1,test,cần có tài liệu bài bản rõ ràng,Tiêu cực,Chương trình,8
nhiều kiến thức bổ ích .,1,1,test,nhiều kiến thức bổ ích,Tích cực,Chương trình,5
lý thuyết .,2,1,test,lý thuyết,Trung lập,Chương trình,2
khi được đề cập thì thầy cho đó là mục tiêu cho các bạn tự tìm hiểu nhằm phát huy tốt nhất tư duy .,2,1,test,khi được đề cập thì thầy cho đó là mục tiêu cho các bạn tự tìm hiểu nhằm phát huy tốt nhất tư duy,Trung lập,Chương trình,24
thực hành chứa các kiến thức chưa học lý thuyết .,0,1,test,thực hành chứa các kiến thức chưa học lý thuyết,Tiêu cực,Chương trình,10
số lượng sinh viên quá đông cho một lớp học nên giảm khoảng 30 - 50 sinh viên .,0,1,test,số lượng sinh viên quá đông cho một lớp học nên giảm khoảng 30 50 sinh viên,Tiêu cực,Chương trình,17
"đề thực hành khá hay , cô tạo được sự kết nối giữa giảng viên và sinh viên .",1,1,test,đề thực hành khá hay cô tạo được sự kết nối giữa giảng viên và sinh viên,Tích cực,Chương trình,17
cập nhật nhiều kiến thức mới .,1,1,test,cập nhật nhiều kiến thức mới,Tích cực,Chương trình,6
"môn khó hiểu quá , học xong chỉ hình dung một ít về môn học , thầy dạy còn chưa hiểu hết được môn học .",0,1,test,môn khó hiểu quá học xong chỉ hình dung một ít về môn học thầy dạy còn chưa hiểu hết được môn học,Tiêu cực,Chương trình,23
"môn học chỉ có 2 tiết nên kiến thức vẫn chưa truyền đạt hết , thời gian phân bố môn học chưa hợp lý lắm sáng học 3 tiết rồi chiều học 2 tiết .",0,1,test,môn học chỉ có 2 tiết nên kiến thức vẫn chưa truyền đạt hết thời gian phân bố môn học chưa hợp lý lắm sáng học 3 tiết rồi chiều học 2 tiết,Tiêu cực,Chương trình,33
"slide dễ hiểu , đầy đủ .",1,1,test,slide dễ hiểu đầy đủ,Tích cực,Chương trình,5
sinh viên than phiền nhiều sau 3 tuần thì mới có giảng viên khác thay thế .,0,1,test,sinh viên than phiền nhiều sau 3 tuần thì mới có giảng viên khác thay thế,Tiêu cực,Chương trình,16
cần có thêm tài liệu tiếng việt vì nhiều khi không phải ai cũng giỏi tiếng anh để theo kịp slide tiếng anh .,0,1,test,cần có thêm tài liệu tiếng việt vì nhiều khi không phải ai cũng giỏi tiếng anh để theo kịp slide tiếng anh,Tiêu cực,Chương trình,23
"thật kỳ là ở môn này các hệ cơ sở tri thức thuộc hệ thống thông tin và chuyên ngành khoa học máy tính gần như giống nhau về kiến thức giảng dạy , nhưng lại khác nhau về số chỉ .",0,1,test,thật kỳ là ở môn này các hệ cơ sở tri thức thuộc hệ thống thông tin và chuyên ngành khoa học máy tính gần như giống nhau về kiến thức giảng dạy nhưng lại khác nhau về số chỉ,Tiêu cực,Chương trình,40
cần mở thêm lớp thực hành .,0,1,test,cần mở thêm lớp thực hành,Tiêu cực,Chương trình,6
bài tập thầy nên sát với đề thi hơn .,0,1,test,bài tập thầy nên sát với đề thi hơn,Tiêu cực,Chương trình,9
nên phần thi lý thuyết chúng em không thể nào đảm bảo thời gian để học bài nữa .,0,1,test,nên phần thi lý thuyết chúng em không thể nào đảm bảo thời gian để học bài nữa,Tiêu cực,Chương trình,18
nên có đề cương ghi thông tin rõ ràng hơn về các bài thực hành .,0,1,test,nên có đề cương ghi thông tin rõ ràng hơn về các bài thực hành,Tiêu cực,Chương trình,15
môn học cần có một giáo án rõ ràng hoặc một giáo trình để sinh viên nắm rõ là mình đang học về cái gì .,0,1,test,môn học cần có một giáo án rõ ràng hoặc một giáo trình để sinh viên nắm rõ là mình đang học về cái gì,Tiêu cực,Chương trình,25
"chỉ cần tổ chức các cuộc thi học thuật , trường phải nhúng tay vào , kêu tài trợ nhiều lên , giải thưởng cao lên , có tiền sinh viên sẽ nghiên cứu thôi .",0,1,test,chỉ cần tổ chức các cuộc thi học thuật trường phải nhúng tay vào kêu tài trợ nhiều lên giải thưởng cao lên có tiền sinh viên sẽ nghiên cứu thôi,Tiêu cực,Chương trình,31
dạy rất chi tiết .,1,1,test,dạy rất chi tiết,Tích cực,Chương trình,4
điều này thiếu ở nhiều bộ môn khác .,0,1,test,điều này thiếu ở nhiều bộ môn khác,Tiêu cực,Chương trình,8
"tăng tiết môn học thực hành , mở rộng bài tập để ứng dụng vào thực tế .",0,1,test,tăng tiết môn học thực hành mở rộng bài tập để ứng dụng vào thực tế,Tiêu cực,Chương trình,16
"hoặc nếu thấy bất tiện thì trường em nghĩ trường cần có một phòng chuyên môn luôn có giảng viên doubledot một là để sinh viên có thể chủ động hỏi , thực hành mỗi khi cần thiết .",0,1,test,hoặc nếu thấy bất tiện thì trường em nghĩ trường cần có một phòng chuyên môn luôn có giảng viên doubledot một là để sinh viên có thể chủ động hỏi thực hành mỗi khi cần thiết,Tiêu cực,Chương trình,37
tạo được môi trường thảo luận sôi nổi .,1,1,test,tạo được môi trường thảo luận sôi nổi,Tích cực,Chương trình,8
quá nhiều thứ phải làm trong môn học này .,0,1,test,quá nhiều thứ phải làm trong môn học này,Tiêu cực,Chương trình,9
cần có thêm vài ví dụ cụ thể .,0,1,test,cần có thêm vài ví dụ cụ thể,Tiêu cực,Chương trình,8
"làm đa số học sinh chán , không hiểu bài nên không muốn đi học .",0,1,test,làm đa số học sinh chán không hiểu bài nên không muốn đi học,Tiêu cực,Chương trình,14
thêm nhiều bài tập về nhà hơn .,0,1,test,thêm nhiều bài tập về nhà hơn,Tiêu cực,Chương trình,7
tăng số lượng kit thực hành !,0,1,test,tăng số lượng kit thực hành,Tiêu cực,Chương trình,6
"lớp thực hành quá nhàm chán , sinh viên chỉ lên lớp có lệ .",0,1,test,lớp thực hành quá nhàm chán sinh viên chỉ lên lớp có lệ,Tiêu cực,Chương trình,13
thêm giờ sửa bài tập các chương sau .,0,1,test,thêm giờ sửa bài tập các chương sau,Tiêu cực,Chương trình,8
chưa được chuyên sâu về nội dung lắm .,0,1,test,chưa được chuyên sâu về nội dung lắm,Tiêu cực,Chương trình,8
cần bổ sung các kiến thức về kiến trúc của dbms .,0,1,test,cần bổ sung các kiến thức về kiến trúc của dbms,Tiêu cực,Chương trình,11
chúng em học được rất nhiều điều từ thực tế thông qua những câu truyện cô kể .,1,1,test,chúng em học được rất nhiều điều từ thực tế thông qua những câu truyện cô kể,Tích cực,Chương trình,17
cần cung cấp tài liệu nhiều hơn .,0,1,test,cần cung cấp tài liệu nhiều hơn,Tiêu cực,Chương trình,7
"khi kiểm tra trên lớp không thông báo trước , sinh viên chưa chuẩn bị bài kỹ .",0,1,test,khi kiểm tra trên lớp không thông báo trước sinh viên chưa chuẩn bị bài kỹ,Tiêu cực,Chương trình,16
sinh viên hoang mang không biết mình đang học những gì .,0,1,test,sinh viên hoang mang không biết mình đang học những gì,Tiêu cực,Chương trình,11
"cần có phòng học chất lượng hơn , yên tĩnh để sinh viên có thể tiếp thu tốt hơn .",0,1,test,cần có phòng học chất lượng hơn yên tĩnh để sinh viên có thể tiếp thu tốt hơn,Tiêu cực,Chương trình,18
thực hành vui .,1,1,test,thực hành vui,Tích cực,Chương trình,3
"môn học không khả dụng , tốn thời gian sinh viên .",0,1,test,môn học không khả dụng tốn thời gian sinh viên,Tiêu cực,Chương trình,10
"kiểm tra thì cực kỳ vô lý , phải làm những bài viết loàng ngoằng chẳng khác gì học sinh cấp 3 .",0,1,test,kiểm tra thì cực kỳ vô lý phải làm những bài viết loàng ngoằng chẳng khác gì học sinh cấp 3,Tiêu cực,Chương trình,21
"học để giao tiếp nên chú trọng giao tiếp hơn , môn quá tập trung vào ngữ pháp và các bài nghe với level khó , trong khi tốc độ giao tiếp bình thường chậm hơn nhiều , thậm chí mình giao tiếp với người ngoại quốc còn thấy dễ nghe và dễ hiểu hơn nghe các file nghe trong bài học , điều này hoàn toàn không giúp sinh viên khá hơn .",0,1,test,học để giao tiếp nên chú trọng giao tiếp hơn môn quá tập trung vào ngữ pháp và các bài nghe với level khó trong khi tốc độ giao tiếp bình thường chậm hơn nhiều thậm chí mình giao tiếp với người ngoại quốc còn thấy dễ nghe và dễ hiểu hơn nghe các file nghe trong bài học điều này hoàn toàn không giúp sinh viên khá hơn,Tiêu cực,Chương trình,69
các bài tập thực hành và hoạt động giảng dạy của thầy đáp ứng đủ yêu cầu cơ bản của môn học .,1,1,test,các bài tập thực hành và hoạt động giảng dạy của thầy đáp ứng đủ yêu cầu cơ bản của môn học,Tích cực,Chương trình,22
em không liên hệ được mối quan hệ giữa chương trình học theo sách và đề thi .,0,1,test,em không liên hệ được mối quan hệ giữa chương trình học theo sách và đề thi,Tiêu cực,Chương trình,17
cần làm nhiều bài tập trên lớp .,0,1,test,cần làm nhiều bài tập trên lớp,Tiêu cực,Chương trình,7
nên cho thêm bài tập nhóm để học sinh thảo luận .,0,1,test,nên cho thêm bài tập nhóm để học sinh thảo luận,Tiêu cực,Chương trình,11
"cho nhiều bài tập , cách hướng dẫn , tài liệu kỹ hơn .",0,1,test,cho nhiều bài tập cách hướng dẫn tài liệu kỹ hơn,Tiêu cực,Chương trình,11
vấn đề không thể nắm bắt được hết .,0,1,test,vấn đề không thể nắm bắt được hết,Tiêu cực,Chương trình,8
tổ chức nhiều hoạt động nhóm .,1,1,test,tổ chức nhiều hoạt động nhóm,Tích cực,Chương trình,6
"nội dung học không phù hợp , không cung cấp hiệu quả kiến thức cần có , quá nhiều lý thuyết , lý thuyết quá rườm rà .",0,1,test,nội dung học không phù hợp không cung cấp hiệu quả kiến thức cần có quá nhiều lý thuyết lý thuyết quá rườm rà,Tiêu cực,Chương trình,24
"mong rằng ở các khóa học sau , trường sẽ cung cấp giáo trình cho sinh viên chúng em để chúng em được thuận tiện hơn trong học tập .",0,1,test,mong rằng ở các khóa học sau trường sẽ cung cấp giáo trình cho sinh viên chúng em để chúng em được thuận tiện hơn trong học tập,Tiêu cực,Chương trình,28
"thay vì giờ thực hành hình thức 1 lại seminar lại học lý thuyết , không gây một chút hứng thú nào cho sinh viên , vì sinh viên đã quá nhàm chán với lý thuyết trong một học kỳ .",0,1,test,thay vì giờ thực hành hình thức 1 lại seminar lại học lý thuyết không gây một chút hứng thú nào cho sinh viên vì sinh viên đã quá nhàm chán với lý thuyết trong một học kỳ,Tiêu cực,Chương trình,38
cập nhật giáo trình .,0,1,test,cập nhật giáo trình,Tiêu cực,Chương trình,4
cần thêm tiết cho môn học .,0,1,test,cần thêm tiết cho môn học,Tiêu cực,Chương trình,6
"cung cấp thêm các giáo trình tiếng việt và các bài tập , ví dụ thực tiễn .",0,1,test,cung cấp thêm các giáo trình tiếng việt và các bài tập ví dụ thực tiễn,Tiêu cực,Chương trình,16
bài tập nhiều và giảng dạy nhiệt tình .,1,1,test,bài tập nhiều và giảng dạy nhiệt tình,Tích cực,Chương trình,8
đề cương môn học nên rõ ràng hơn .,0,1,test,đề cương môn học nên rõ ràng hơn,Tiêu cực,Chương trình,8
cần cung cấp thêm giáo trình .,0,1,test,cần cung cấp thêm giáo trình,Tiêu cực,Chương trình,6
cộng thêm lớp lý thuyết và thực hành đồng bộ hơn .,0,1,test,cộng thêm lớp lý thuyết và thực hành đồng bộ hơn,Tiêu cực,Chương trình,11
"nội dung học thiên về thực hành , ứng dụng vào sản phẩm mà hình thức thi lại lài viết rất khó đánh giá chính xác .",0,1,test,nội dung học thiên về thực hành ứng dụng vào sản phẩm mà hình thức thi lại lài viết rất khó đánh giá chính xác,Tiêu cực,Chương trình,25
luyện kỹ năng nghe và đọc nhiều hơn .,0,1,test,luyện kỹ năng nghe và đọc nhiều hơn,Tiêu cực,Chương trình,8
cần tăng thêm thời gian cho môn học .,0,1,test,cần tăng thêm thời gian cho môn học,Tiêu cực,Chương trình,8
"chỉ thiếu một lệnh xuống dòng mà mất hết điểm , trong khi phần code chính  làm đầy đủ .",0,1,test,chỉ thiếu một lệnh xuống dòng mà mất hết điểm trong khi phần code chính làm đầy đủ,Tiêu cực,Chương trình,18
đầu tư một bộ giáo trình chất lượng và dễ hiểu và giảng dạy theo bộ giáo trình đó .,0,1,test,đầu tư một bộ giáo trình chất lượng và dễ hiểu và giảng dạy theo bộ giáo trình đó,Tiêu cực,Chương trình,19
"bài tập làm không chắc chắn , không biết đúng hay sai .",0,1,test,bài tập làm không chắc chắn không biết đúng hay sai,Tiêu cực,Chương trình,11
rồi về nhà không hiểu gì hết .,0,1,test,rồi về nhà không hiểu gì hết,Tiêu cực,Chương trình,7
nếu yêu cầu bài tập thì có thể nộp giấy riêng cho cô .,2,1,test,nếu yêu cầu bài tập thì có thể nộp giấy riêng cho cô,Trung lập,Chương trình,13
trao đổi nhóm .,2,1,test,trao đổi nhóm,Trung lập,Chương trình,3
bám sát vào bài cũng như thực tế .,1,1,test,bám sát vào bài cũng như thực tế,Tích cực,Chương trình,8
theo em việc học toán trong một giảng đường quá lớn là rất bất lợi .,0,1,test,theo em việc học toán trong một giảng đường quá lớn là rất bất lợi,Tiêu cực,Chương trình,15
bài tập hay .,1,1,test,bài tập hay,Tích cực,Chương trình,3
môn học khá khô khan .,0,1,test,môn học khá khô khan,Tiêu cực,Chương trình,5
cần thêm bài tập ôn chuyên sâu hơn .,0,1,test,cần thêm bài tập ôn chuyên sâu hơn,Tiêu cực,Chương trình,8
"môn học nên có thêm nhiều dạng bài tập để sinh viên nhớ lâu hơn và hiểu được nhiều dạng toán để khi gặp các bài tập , các bài kiểm tra không phải sợ dạng của nó .",0,1,test,môn học nên có thêm nhiều dạng bài tập để sinh viên nhớ lâu hơn và hiểu được nhiều dạng toán để khi gặp các bài tập các bài kiểm tra không phải sợ dạng của nó,Tiêu cực,Chương trình,37
"slide hay , giáo viên nhiệt tình .",1,1,test,slide hay giáo viên nhiệt tình,Tích cực,Chương trình,6
các bài tập trên lớp rất hợp lý .,1,1,test,các bài tập trên lớp rất hợp lý,Tích cực,Chương trình,8
"slide bài giảng thì rất dễ hiểu nhưng sau khi thầy giảng thì chúng em cảm thấy không hiểu gì cả , cách truyền đạt của thầy làm cho học sinh rối rắm , thầy chưa biết cách truyền đạt những thứ mà học sinh cần biết .",0,1,test,slide bài giảng thì rất dễ hiểu nhưng sau khi thầy giảng thì chúng em cảm thấy không hiểu gì cả cách truyền đạt của thầy làm cho học sinh rối rắm thầy chưa biết cách truyền đạt những thứ mà học sinh cần biết,Tiêu cực,Chương trình,45
xin thầy cho thêm slide về môn học .,0,1,test,xin thầy cho thêm slide về môn học,Tiêu cực,Chương trình,8
nội dung môn học khó .,0,1,test,nội dung môn học khó,Tiêu cực,Chương trình,5
"thuyết trình còn hơi buồn ngủ , chưa hấp dẩn lắm .",0,1,test,thuyết trình còn hơi buồn ngủ chưa hấp dẩn lắm,Tiêu cực,Chương trình,10
học kỳ 1 khoa wzjwz167 cũng nhận được điểm thi khác trễ .,0,1,test,học kỳ 1 khoa wzjwz167 cũng nhận được điểm thi khác trễ,Tiêu cực,Chương trình,12
lý thuyết nên gắn liền với thực hành .,0,1,test,lý thuyết nên gắn liền với thực hành,Tiêu cực,Chương trình,8
kiến thức hơi nhiều .,0,1,test,kiến thức hơi nhiều,Tiêu cực,Chương trình,4
môn thực hành dạy trước lý thuyết làm sinh viên không theo kịp .,0,1,test,môn thực hành dạy trước lý thuyết làm sinh viên không theo kịp,Tiêu cực,Chương trình,13
cần mở rộng thêm kiến thức ngoài chương trình môn học .,0,1,test,cần mở rộng thêm kiến thức ngoài chương trình môn học,Tiêu cực,Chương trình,11
theo em nên dạy speaking nhiều thêm một chút nữa !,0,1,test,theo em nên dạy speaking nhiều thêm một chút nữa,Tiêu cực,Chương trình,10
cần đi sâu vào vấn đề .,0,1,test,cần đi sâu vào vấn đề,Tiêu cực,Chương trình,6
"cần phân bố lại chương trình dạy tốt hơn , tạo ra nhiều hoạt động ngoại khóa kích thích đam mê và hướng thú hơn với môn học .",0,1,test,cần phân bố lại chương trình dạy tốt hơn tạo ra nhiều hoạt động ngoại khóa kích thích đam mê và hướng thú hơn với môn học,Tiêu cực,Chương trình,27
slide bài giảng chưa được đưa lên .,1,1,test,slide bài giảng chưa được đưa lên,Tích cực,Chương trình,7
cách diễn đạt của giảng viên chưa hiệu quả .,0,1,test,cách diễn đạt của giảng viên chưa hiệu quả,Tiêu cực,Chương trình,9
dạy tương đối đầy đủ chương trình .,2,1,test,dạy tương đối đầy đủ chương trình,Trung lập,Chương trình,7
có giáo trình cho môn học .,1,1,test,có giáo trình cho môn học,Tích cực,Chương trình,6
thực hành trên lớp .,2,1,test,thực hành trên lớp,Trung lập,Chương trình,4
nên thay đổi cách tính điểm môn học .,0,1,test,nên thay đổi cách tính điểm môn học,Tiêu cực,Chương trình,8
"môn học rất khách quan , dễ hiểu .",1,1,test,môn học rất khách quan dễ hiểu,Tích cực,Chương trình,7
tài liệu và slide cập nhật kịp thời .,1,1,test,tài liệu và slide cập nhật kịp thời,Tích cực,Chương trình,8
làm được nhiều bài tập .,2,1,test,làm được nhiều bài tập,Trung lập,Chương trình,5
bài giảng tốt .,1,1,test,bài giảng tốt,Tích cực,Chương trình,3
học nhiều buổi thực hành hơn .,0,1,test,học nhiều buổi thực hành hơn,Tiêu cực,Chương trình,6
"chương trình thực hành quá cũ , nội dung cũ .",0,1,test,chương trình thực hành quá cũ nội dung cũ,Tiêu cực,Chương trình,9
quá nhiều kiến thức cần nắm nhưng thời gian có hạn .,2,1,test,quá nhiều kiến thức cần nắm nhưng thời gian có hạn,Trung lập,Chương trình,11
bài tập nhiều .,0,1,test,bài tập nhiều,Tiêu cực,Chương trình,3
cần tăng cường các bài tập về nhà .,0,1,test,cần tăng cường các bài tập về nhà,Tiêu cực,Chương trình,8
tài liệu phục vụ học tập còn ít .,0,1,test,tài liệu phục vụ học tập còn ít,Tiêu cực,Chương trình,8
chúng em học gần hết học kỳ mới đi thực hành để làm gì nữa chứ .,0,1,test,chúng em học gần hết học kỳ mới đi thực hành để làm gì nữa chứ,Tiêu cực,Chương trình,16
thêm nhiều bài tập hay .,2,1,test,thêm nhiều bài tập hay,Trung lập,Chương trình,5
cần có nhiều thời gian hơn cho việc hướng dẫn bài tập trên lớp .,0,1,test,cần có nhiều thời gian hơn cho việc hướng dẫn bài tập trên lớp,Tiêu cực,Chương trình,14
các bài tập thực hành vận dụng được kiến thức đã học trên lớp .,1,1,test,các bài tập thực hành vận dụng được kiến thức đã học trên lớp,Tích cực,Chương trình,14
"cần có tài liệu thực hành phù hợp , cập nhật với bài giảng của giảng viên .",0,1,test,cần có tài liệu thực hành phù hợp cập nhật với bài giảng của giảng viên,Tiêu cực,Chương trình,16
nên biên soạn một bộ tài liệu hướng dẫn thực hành chi tiết .,0,1,test,nên biên soạn một bộ tài liệu hướng dẫn thực hành chi tiết,Tiêu cực,Chương trình,13
thuyết trình trước lớp bằng tiếng anh theo chủ đề .,1,1,test,thuyết trình trước lớp bằng tiếng anh theo chủ đề,Tích cực,Chương trình,10
nên có thêm nhiều buổi thực hành về web .,0,1,test,nên có thêm nhiều buổi thực hành về web,Tiêu cực,Chương trình,9
không song song với kiến thức được học ở lớp lý thuyết .,1,1,test,không song song với kiến thức được học ở lớp lý thuyết,Tích cực,Chương trình,12
nhiều bài tập về nhà .,0,1,test,nhiều bài tập về nhà,Tiêu cực,Chương trình,5
"kiến thức cần rõ ràng hơn nữa , sát với thực tế .",0,1,test,kiến thức cần rõ ràng hơn nữa sát với thực tế,Tiêu cực,Chương trình,11
"thực hành chỉ cần theo hình thức 2 , và gần như sinh viên cũng không cần thực hành nhiều trên trường , vì gần như không được hướng dẫn nhiều ở các buổi thực hành .",0,1,test,thực hành chỉ cần theo hình thức 2 và gần như sinh viên cũng không cần thực hành nhiều trên trường vì gần như không được hướng dẫn nhiều ở các buổi thực hành,Tiêu cực,Chương trình,34
"nhà trường biết đấy , khi mình học mà không biết mình học gì , khi mình làm mà không biết mình làm gì thì cũng giống như người mù đi giữa bóng đêm vậy .",0,1,test,nhà trường biết đấy khi mình học mà không biết mình học gì khi mình làm mà không biết mình làm gì thì cũng giống như người mù đi giữa bóng đêm vậy,Tiêu cực,Chương trình,33
"nên đưa môn học này vào đầu lộ trình học , ở năm nhất .",0,1,test,nên đưa môn học này vào đầu lộ trình học ở năm nhất,Tiêu cực,Chương trình,13
em chỉ đăng ký học để chuyển điểm nên em không biết .,2,1,test,em chỉ đăng ký học để chuyển điểm nên em không biết,Trung lập,Chương trình,12
"cung cấp nhiều kiến thức mới , bổ ích .",1,1,test,cung cấp nhiều kiến thức mới bổ ích,Tích cực,Chương trình,8
không cần chú trọng nhiều vào lý thuyết chỉ cần áp dụng các công thức vào làm bài tập .,0,1,test,không cần chú trọng nhiều vào lý thuyết chỉ cần áp dụng các công thức vào làm bài tập,Tiêu cực,Chương trình,19
quản lý các giờ làm bài tập tốt hơn để tránh việc lãng phí thời gian trong tiết học .,0,1,test,quản lý các giờ làm bài tập tốt hơn để tránh việc lãng phí thời gian trong tiết học,Tiêu cực,Chương trình,19
thiếu hướng dẫn chi tiết .,0,1,test,thiếu hướng dẫn chi tiết,Tiêu cực,Chương trình,5
có nhiều phương pháp giảng dạy hay và nhiều cách giúp sinh viên hoàn thành bài tốt .,1,1,test,có nhiều phương pháp giảng dạy hay và nhiều cách giúp sinh viên hoàn thành bài tốt,Tích cực,Chương trình,17
thời gian học không đúng so với lịch học .,0,1,test,thời gian học không đúng so với lịch học,Tiêu cực,Chương trình,9
cung cấp thêm tài liệu môn học .,0,1,test,cung cấp thêm tài liệu môn học,Tiêu cực,Chương trình,7
nối dung trong slide còn hạn chế .,0,1,test,nối dung trong slide còn hạn chế,Tiêu cực,Chương trình,7
"còn nói chuyện lan man , lạc đề dẫn đến tốn thời gian .",0,1,test,còn nói chuyện lan man lạc đề dẫn đến tốn thời gian,Tiêu cực,Chương trình,12
"nên thêm phương pháp giảng dạy mới , thú vị .",0,1,test,nên thêm phương pháp giảng dạy mới thú vị,Tiêu cực,Chương trình,9
"slide bài giảng toàn chữ , màu nền xanh pdf làm tất cả sinh viên không thể photo ra đọc .",0,1,test,slide bài giảng toàn chữ màu nền xanh pdf làm tất cả sinh viên không thể photo ra đọc,Tiêu cực,Chương trình,19
bài tập nhiều và khó .,0,1,test,bài tập nhiều và khó,Tiêu cực,Chương trình,5
"nội dung truyền tải chưa sâu , có phần lớn thời gian trên lớp giảng viên chỉ chạy demo .",0,1,test,nội dung truyền tải chưa sâu có phần lớn thời gian trên lớp giảng viên chỉ chạy demo,Tiêu cực,Chương trình,18
"ít trò chơi vận động áp dụng vào bài học , nội dung chỉ đi theo tuần tự trong sách giáo trình , gây nên cảm giác nhàm chán cho sinh viên .",0,1,test,ít trò chơi vận động áp dụng vào bài học nội dung chỉ đi theo tuần tự trong sách giáo trình gây nên cảm giác nhàm chán cho sinh viên,Tiêu cực,Chương trình,30
"cần có một giáo trình cụ thể , tập trung vào một lĩnh vực .",0,1,test,cần có một giáo trình cụ thể tập trung vào một lĩnh vực,Tiêu cực,Chương trình,13
seminar hiệu quả .,1,1,test,seminar hiệu quả,Tích cực,Chương trình,3
"để khắc phục tình trạng này , em nghĩ giảng viên lý thuyết với giảng viên thực hành cần có sự thống nhất với nhau về chương trình học .",0,1,test,để khắc phục tình trạng này em nghĩ giảng viên lý thuyết với giảng viên thực hành cần có sự thống nhất với nhau về chương trình học,Tiêu cực,Chương trình,28
môn học này học khá nhiều nhưng mà lại có 2 tín chỉ thôi .,0,1,test,môn học này học khá nhiều nhưng mà lại có 2 tín chỉ thôi,Tiêu cực,Chương trình,14
các bài thực hành nên bám sát thực tế và có ứng dụng thực tiễn .,0,1,test,các bài thực hành nên bám sát thực tế và có ứng dụng thực tiễn,Tiêu cực,Chương trình,15
môn học này rất hay và rất khó và rất đáng để học .,1,1,test,môn học này rất hay và rất khó và rất đáng để học,Tích cực,Chương trình,13
cần có giáo trình hay hơn .,0,1,test,cần có giáo trình hay hơn,Tiêu cực,Chương trình,6
"thời gian học không bảo đảm , không có dụng cụ học tập đầy đủ , học cưỡi ngựa xem hoa chưa thể hiện được tinh thần võ đạo .",0,1,test,thời gian học không bảo đảm không có dụng cụ học tập đầy đủ học cưỡi ngựa xem hoa chưa thể hiện được tinh thần võ đạo,Tiêu cực,Chương trình,27
các thông tin về môn học luôn rõ ràng .,1,1,test,các thông tin về môn học luôn rõ ràng,Tích cực,Chương trình,9
bài tập cần được phân bố hợp lý hơn .,0,1,test,bài tập cần được phân bố hợp lý hơn,Tiêu cực,Chương trình,9
"lớp sỉ số nên ít hơn , tầm 50 sinh viên là ok .",0,1,test,lớp sỉ số nên ít hơn tầm 50 sinh viên là ok,Tiêu cực,Chương trình,12
thực hành có nhiều bài tập về thực tế càng tốt !,1,1,test,thực hành có nhiều bài tập về thực tế càng tốt,Tích cực,Chương trình,11
"một phần do hoàn toàn là tiếng anh , và tụi em vẫn chưa thích nghi kịp .",0,1,test,một phần do hoàn toàn là tiếng anh và tụi em vẫn chưa thích nghi kịp,Tiêu cực,Chương trình,16
tăng thời gian dạy học để sinh viên có nhiều thời gian thực hành tại lớp hơn .,0,1,test,tăng thời gian dạy học để sinh viên có nhiều thời gian thực hành tại lớp hơn,Tiêu cực,Chương trình,17
thường thì đồ án và bài tập cuối kỳ rất nhiều .,0,1,test,thường thì đồ án và bài tập cuối kỳ rất nhiều,Tiêu cực,Chương trình,11
cần có thêm nhiều tài liệu phụ vụ nghiên cứu và học tập .,0,1,test,cần có thêm nhiều tài liệu phụ vụ nghiên cứu và học tập,Tiêu cực,Chương trình,13
tổ chức tham quan doanh nghiệp .,1,1,test,tổ chức tham quan doanh nghiệp,Tích cực,Chương trình,6
cần sử dụng web môn học để thông báo điểm thi cho sinh viên .,0,1,test,cần sử dụng web môn học để thông báo điểm thi cho sinh viên,Tiêu cực,Chương trình,14
ít bài tập trên moodle .,0,1,test,ít bài tập trên moodle,Tiêu cực,Chương trình,5
đọc slide từ đầu tới cuối .,0,1,test,đọc slide từ đầu tới cuối,Tiêu cực,Chương trình,6
môn học cần thiết và thiết thực với ngành học .,0,1,test,môn học cần thiết và thiết thực với ngành học,Tiêu cực,Chương trình,10
phần thực hành này học 3 buổi .,2,1,test,phần thực hành này học 3 buổi,Trung lập,Chương trình,7
cập nhật nguồn tài liệu cho sinh viên .,0,1,test,cập nhật nguồn tài liệu cho sinh viên,Tiêu cực,Chương trình,8
các thông tin không được tải lên moodle .,0,1,test,các thông tin không được tải lên moodle,Tiêu cực,Chương trình,8
"có mở rộng nội dung giới thiệu về một số nền tẳng mới như doubledot blackbery , tizen nền tảng đa ứng dụng doubledot phonegap , titanium , zun .",1,1,test,có mở rộng nội dung giới thiệu về một số nền tẳng mới như doubledot blackbery tizen nền tảng đa ứng dụng doubledot phonegap titanium zun,Tích cực,Chương trình,26
các bài tập hay .,1,1,test,các bài tập hay,Tích cực,Chương trình,4
giới thiệu mục tiêu của môn học nên cụ thể hơn và cách áp dụng môn học vào thực tiễn sau khi ra trường .,0,1,test,giới thiệu mục tiêu của môn học nên cụ thể hơn và cách áp dụng môn học vào thực tiễn sau khi ra trường,Tiêu cực,Chương trình,24
"môn học này là không cần thiết đối với sinh viên , nó không cung cấp được điều gì rõ ràng và bổ ích .",0,1,test,môn học này là không cần thiết đối với sinh viên nó không cung cấp được điều gì rõ ràng và bổ ích,Tiêu cực,Chương trình,23
"cho sinh viên nói với bạn , giao tiếp tất cả trong lớp bằng tiếng anh .",2,1,test,cho sinh viên nói với bạn giao tiếp tất cả trong lớp bằng tiếng anh,Trung lập,Chương trình,15
nên có nhiều tiết giải bài tập hơn .,0,1,test,nên có nhiều tiết giải bài tập hơn,Tiêu cực,Chương trình,8
"em nghĩ cần có thêm nhiều tài liệu hướng dẫn giải bài tập , học môn này hơn để sinh viên có thể tự học .",0,1,test,em nghĩ cần có thêm nhiều tài liệu hướng dẫn giải bài tập học môn này hơn để sinh viên có thể tự học,Tiêu cực,Chương trình,24
nên có thêm nhiều kỳ thi để đánh giá kết quả học tập của sinh viên .,0,1,test,nên có thêm nhiều kỳ thi để đánh giá kết quả học tập của sinh viên,Tiêu cực,Chương trình,16
slide giảng dạy và slide trên moodle chưa thật sự đồng bộ với nhau .,0,1,test,slide giảng dạy và slide trên moodle chưa thật sự đồng bộ với nhau,Tiêu cực,Chương trình,14
"phân bố lại chương trình học , cụ thể là thầy fraction cô nên xem xét lại phần sort các loại sort khó nhất đặt cuối cùng , rất khó để học cùng lúc và trễ phần code rất khó để hiểu nên nên được học sớm .",0,1,test,phân bố lại chương trình học cụ thể là thầy fraction cô nên xem xét lại phần sort các loại sort khó nhất đặt cuối cùng rất khó để học cùng lúc và trễ phần code rất khó để hiểu nên nên được học sớm,Tiêu cực,Chương trình,45
"thời gian lên lớp đảm bảo , bám sát yêu cầu của bài học .",1,1,test,thời gian lên lớp đảm bảo bám sát yêu cầu của bài học,Tích cực,Chương trình,13
nhiều seminar .,0,1,test,nhiều seminar,Tiêu cực,Chương trình,2
"môn học cần "" mở "" hơn !",0,1,test,môn học cần mở hơn,Tiêu cực,Chương trình,5
nội dung không liên quan gì nhiều về chuyên ngành .,0,1,test,nội dung không liên quan gì nhiều về chuyên ngành,Tiêu cực,Chương trình,10
được trải nghiệm thực tế sẽ giúp cho môn học thêm phần thú vị và sự thú vị đó sẽ tạp động lực cho sinh viên tự tìm hiểu sau này .,0,1,test,được trải nghiệm thực tế sẽ giúp cho môn học thêm phần thú vị và sự thú vị đó sẽ tạp động lực cho sinh viên tự tìm hiểu sau này,Tiêu cực,Chương trình,31
các bài tập về nhà và bài tập kiểm tra tại lớp giúp tụi em chú tâm vào học tập hơn .,1,1,test,các bài tập về nhà và bài tập kiểm tra tại lớp giúp tụi em chú tâm vào học tập hơn,Tích cực,Chương trình,21
điểm danh vấn đề đi học thông qua việc lên sửa bài tập hơi gắt chút .,0,1,test,điểm danh vấn đề đi học thông qua việc lên sửa bài tập hơi gắt chút,Tiêu cực,Chương trình,16
có nhiều thời gian hơn để gặp giáo viên và thực hành trên lớp .,2,1,test,có nhiều thời gian hơn để gặp giáo viên và thực hành trên lớp,Trung lập,Chương trình,14
"lý thuyết chưa học những phần mà thực hành dạy , học thực hành quá sơ sài .",0,1,test,lý thuyết chưa học những phần mà thực hành dạy học thực hành quá sơ sài,Tiêu cực,Chương trình,16
nên cho thêm bài tập .,0,1,test,nên cho thêm bài tập,Tiêu cực,Chương trình,5
cập nhật thông tin môn học trên courses .,0,1,test,cập nhật thông tin môn học trên courses,Tiêu cực,Chương trình,8
"em không biết là do giảng viên hay do bộ môn phân bổ cách dạy như vậy nhưng em hi vọng chất lượng sẽ ngày được cải thiện , chúng em là sinh viên học để sau này đi làm chứ không phải học để qua môn , và tiếng anh lại rất cần thiết co ngành nghề của chúng em .",0,1,test,em không biết là do giảng viên hay do bộ môn phân bổ cách dạy như vậy nhưng em hi vọng chất lượng sẽ ngày được cải thiện chúng em là sinh viên học để sau này đi làm chứ không phải học để qua môn và tiếng anh lại rất cần thiết co ngành nghề của chúng em,Tiêu cực,Chương trình,59
em nghĩ môn này nên làm đồ án thay cho thi tập trung .,0,1,test,em nghĩ môn này nên làm đồ án thay cho thi tập trung,Tiêu cực,Chương trình,13
có nhiều giờ chữa và giải bài tập hơn nữa .,0,1,test,có nhiều giờ chữa và giải bài tập hơn nữa,Tiêu cực,Chương trình,10
có phần thầy nói hơi nhanh .,0,1,test,có phần thầy nói hơi nhanh,Tiêu cực,Chương trình,6
bài giảng rõ ràng .,1,1,test,bài giảng rõ ràng,Tích cực,Chương trình,4
luyện tập tốt .,1,1,test,luyện tập tốt,Tích cực,Chương trình,3
cần thống nhất giữa chương trình lý thuyết và thực hành để tránh tình trạng thực hành trước lý thuyết .,0,1,test,cần thống nhất giữa chương trình lý thuyết và thực hành để tránh tình trạng thực hành trước lý thuyết,Tiêu cực,Chương trình,20
phần học lý thuyết suông .,0,1,test,phần học lý thuyết suông,Tiêu cực,Chương trình,5
có nhiều hình thức giảng dạy mới giúp sinh viên tiếp thu kiến thức dễ dàng .,1,1,test,có nhiều hình thức giảng dạy mới giúp sinh viên tiếp thu kiến thức dễ dàng,Tích cực,Chương trình,16
đưa ra lịch thự hành các môn trước khi đăng ký môn học .,0,1,test,đưa ra lịch thự hành các môn trước khi đăng ký môn học,Tiêu cực,Chương trình,13
nên tăng thêm thời gian học .,0,1,test,nên tăng thêm thời gian học,Tiêu cực,Chương trình,6
"bản thân em nghĩ là học lý thuyết quá nhiều , quá cứng , trong khi thực hành kỹ năng lại ít cho nên hiệu quả không nhiều , đa số sinh viên tự tìm tòi .",0,1,test,bản thân em nghĩ là học lý thuyết quá nhiều quá cứng trong khi thực hành kỹ năng lại ít cho nên hiệu quả không nhiều đa số sinh viên tự tìm tòi,Tiêu cực,Chương trình,33
sinh viên dễ cảm thấy chán và ớn .,0,1,test,sinh viên dễ cảm thấy chán và ớn,Tiêu cực,Chương trình,8
mong nhà trường phân bố thời lượng môn học rõ ràng và khoa học hơn !,0,1,test,mong nhà trường phân bố thời lượng môn học rõ ràng và khoa học hơn,Tiêu cực,Chương trình,15
yêu cầu khá cao cho sinh viên về môn học .,0,1,test,yêu cầu khá cao cho sinh viên về môn học,Tiêu cực,Chương trình,10
"nói thuyết trình , nhưng thực ra các bạn chỉ lên đọc slide thôi , và kết quả , ai ở nhóm nào chỉ hiểu được nội dung của nhóm mình trình bày mà thôi .",0,1,test,nói thuyết trình nhưng thực ra các bạn chỉ lên đọc slide thôi và kết quả ai ở nhóm nào chỉ hiểu được nội dung của nhóm mình trình bày mà thôi,Tiêu cực,Chương trình,32
"theo em cần phải thêm thời gian học cho môn này , vì 2 tiết tuần không đủ để giảng viên truyền tải tốt nội dung cần thiết của một kỹ sư cần có .",0,1,test,theo em cần phải thêm thời gian học cho môn này vì 2 tiết tuần không đủ để giảng viên truyền tải tốt nội dung cần thiết của một kỹ sư cần có,Tiêu cực,Chương trình,33
bài tập cần đa dạng và sát với nội dung lý thuyết hơn .,0,1,test,bài tập cần đa dạng và sát với nội dung lý thuyết hơn,Tiêu cực,Chương trình,13
cần phải thống nhất nội dung học của lớp lý thuyết và thực hành .,0,1,test,cần phải thống nhất nội dung học của lớp lý thuyết và thực hành,Tiêu cực,Chương trình,14
tài liệu của giảng viên đưa ra còn thiếu sót và nội dung tài liệu có nhiều sai sót .,0,1,test,tài liệu của giảng viên đưa ra còn thiếu sót và nội dung tài liệu có nhiều sai sót,Tiêu cực,Chương trình,19
đề cương đầy đủ .,1,1,test,đề cương đầy đủ,Tích cực,Chương trình,4
"em thấy đề thi khó và khác so với những gì đã học , cụ thể là phần đọc đoạn văn .",0,1,test,em thấy đề thi khó và khác so với những gì đã học cụ thể là phần đọc đoạn văn,Tiêu cực,Chương trình,20
tài liệu cung cấp cho sinh viên trên web của trường còn ít .,0,1,test,tài liệu cung cấp cho sinh viên trên web của trường còn ít,Tiêu cực,Chương trình,13
nhà trường nên cập nhật thêm nhiều thông tin kiến thức mới vào đề cương giảng dạy .,0,1,test,nhà trường nên cập nhật thêm nhiều thông tin kiến thức mới vào đề cương giảng dạy,Tiêu cực,Chương trình,17
slide chưa cập nhật với tình hình ngành hiện nay .,0,1,test,slide chưa cập nhật với tình hình ngành hiện nay,Tiêu cực,Chương trình,10
"nội dung môn học có tính áp đặt người học , không thực tế , nên thay nội dung giảng dạy bằng việc dạy thêm những thứ có liên quan đến ngành sinh viên đang học mảng web thì cần biết php , html , cs , js , hay làm về embeded system thì cần c .",0,1,test,nội dung môn học có tính áp đặt người học không thực tế nên thay nội dung giảng dạy bằng việc dạy thêm những thứ có liên quan đến ngành sinh viên đang học mảng web thì cần biết php html cs js hay làm về embeded system thì cần c,Tiêu cực,Chương trình,51
"em nghĩ những môn chuyên ngành như thế này không nên tổ chức thi cuối kỳ , mà dùng hình thức báo cáo đồ án , để sát thực tiễn và giúp sinh viên vận dụng kỹ năng đã được học .",0,1,test,em nghĩ những môn chuyên ngành như thế này không nên tổ chức thi cuối kỳ mà dùng hình thức báo cáo đồ án để sát thực tiễn và giúp sinh viên vận dụng kỹ năng đã được học,Tiêu cực,Chương trình,39
nhiều ví dụ được đưa ra để phục vụ cho bài học .,1,1,test,nhiều ví dụ được đưa ra để phục vụ cho bài học,Tích cực,Chương trình,12
"thay đổi hình thức thi giữa kỳ và cuối kỳ , đối với một môn học thiên về lập trình thì việc lập trình giấy là không phù hợp .",0,1,test,thay đổi hình thức thi giữa kỳ và cuối kỳ đối với một môn học thiên về lập trình thì việc lập trình giấy là không phù hợp,Tiêu cực,Chương trình,28
kết thúc học thực hành trễ cũng không phù hợp vì cuối năm mới học đến những kiến thức làm đồ án nên rất bận .,0,1,test,kết thúc học thực hành trễ cũng không phù hợp vì cuối năm mới học đến những kiến thức làm đồ án nên rất bận,Tiêu cực,Chương trình,25
"slide bài giảng ( dịch từ sách tiếng anh ) rất lủng củng , tối nghĩa , đề mục không thống nhất .",0,1,test,slide bài giảng dịch từ sách tiếng anh rất lủng củng tối nghĩa đề mục không thống nhất,Tiêu cực,Chương trình,18
nên mang cấp visual lên bản 2013 hình thức kiểm tra tự luận có lẽ sẽ không hợp lý .,0,1,test,nên mang cấp visual lên bản 2013 hình thức kiểm tra tự luận có lẽ sẽ không hợp lý,Tiêu cực,Chương trình,19
"cung cấp giáo trình đầy đủ , phiên bản có thể xem được trên máy tính pdf hoặc doc .",1,1,test,cung cấp giáo trình đầy đủ phiên bản có thể xem được trên máy tính pdf hoặc doc,Tích cực,Chương trình,18
chỉ cần cho bài tập qua web môn học sinh viên sẽ làm .,2,1,test,chỉ cần cho bài tập qua web môn học sinh viên sẽ làm,Trung lập,Chương trình,13
mỗi ngày đi học kinh tế đại cương là một niền vui đối với em !,1,1,test,mỗi ngày đi học kinh tế đại cương là một niền vui đối với em,Tích cực,Chương trình,15
"bài tập thầy cho cũng đòi hỏi phải đến lớp , nghe giảng và phải hiểu thật sự mới làm được .",2,1,test,bài tập thầy cho cũng đòi hỏi phải đến lớp nghe giảng và phải hiểu thật sự mới làm được,Trung lập,Chương trình,20
"bài giảng chung chung , không đánh thức được khả năng nhạy bén của sinh viên .",0,1,test,bài giảng chung chung không đánh thức được khả năng nhạy bén của sinh viên,Tiêu cực,Chương trình,15
chỉ cần khoảng 60% gần tương ứng với nội dung thi là đủ .,2,1,test,chỉ cần khoảng 60 gần tương ứng với nội dung thi là đủ,Trung lập,Chương trình,13
tạo động lực cho học sinh học tập .,1,1,test,tạo động lực cho học sinh học tập,Tích cực,Chương trình,8
cần thêm những môn liên hệ đến thực tiễn nhiều hơn .,0,1,test,cần thêm những môn liên hệ đến thực tiễn nhiều hơn,Tiêu cực,Chương trình,11
một số bài lab có nội dung lý thuyết trong các bài lab cung cấp trễ hơn so với nội dung lab .,0,1,test,một số bài lab có nội dung lý thuyết trong các bài lab cung cấp trễ hơn so với nội dung lab,Tiêu cực,Chương trình,22
"yêu cầu sinh viên tự học , tự chuẩn bị .",0,1,test,yêu cầu sinh viên tự học tự chuẩn bị,Tiêu cực,Chương trình,9
cần thêm nhiều tiết học hơn .,0,1,test,cần thêm nhiều tiết học hơn,Tiêu cực,Chương trình,6
"nếu được , nên giành thời gian làm đồ án tại giờ thực hành , không cần phải về nhà làm .",0,1,test,nếu được nên giành thời gian làm đồ án tại giờ thực hành không cần phải về nhà làm,Tiêu cực,Chương trình,19
"các bài thực hành rất hay , rất thực tế , khả năng vận dụng cao .",1,1,test,các bài thực hành rất hay rất thực tế khả năng vận dụng cao,Tích cực,Chương trình,14
khi hai ngôn ngữ không tương thích thì khó nhận được sự hỗ trợ để giải quyết bài tập .,0,1,test,khi hai ngôn ngữ không tương thích thì khó nhận được sự hỗ trợ để giải quyết bài tập,Tiêu cực,Chương trình,19
thực hành xong ít nhất 3 tuần lý thuyết mới học tới nên em có ý kiến nên phân bổ lại thời gian thực hành hoặc chọn nội dung thực hành cho phù hợp với tiến độ lý thuyết trên lớp .,0,1,test,thực hành xong ít nhất 3 tuần lý thuyết mới học tới nên em có ý kiến nên phân bổ lại thời gian thực hành hoặc chọn nội dung thực hành cho phù hợp với tiến độ lý thuyết trên lớp,Tiêu cực,Chương trình,41
nên thêm tiết và nội dung thực hành .,0,1,test,nên thêm tiết và nội dung thực hành,Tiêu cực,Chương trình,8
thay đổi phương thức giảng dạy cho phù hợp hơn .,0,1,test,thay đổi phương thức giảng dạy cho phù hợp hơn,Tiêu cực,Chương trình,10
lớp thực hành không nên học trước lớp lý thuyết .,0,1,test,lớp thực hành không nên học trước lớp lý thuyết,Tiêu cực,Chương trình,10
em thật sự không thích chấm bài bằng máy vì máy luôn có nhưng hạn chế nhất định .,0,1,test,em thật sự không thích chấm bài bằng máy vì máy luôn có nhưng hạn chế nhất định,Tiêu cực,Chương trình,18
bài tập nên sát với đề thi hơn .,0,1,test,bài tập nên sát với đề thi hơn,Tiêu cực,Chương trình,8
chỉ cần cho bài tập rồi làm nộp .,2,1,test,chỉ cần cho bài tập rồi làm nộp,Trung lập,Chương trình,8
"nội dung môn học cần tập trung vào các vấn đề chính , tránh dàn trải theo giáo trình .",0,1,test,nội dung môn học cần tập trung vào các vấn đề chính tránh dàn trải theo giáo trình,Tiêu cực,Chương trình,18
giải đáp thắc mắc về bài tập cho sinh viên qua email nhiệt tình và nhanh chóng .,1,1,test,giải đáp thắc mắc về bài tập cho sinh viên qua email nhiệt tình và nhanh chóng,Tích cực,Chương trình,17
cần tăng cường lớp thực hành .,0,1,test,cần tăng cường lớp thực hành,Tiêu cực,Chương trình,6
bài tập và hướng dẫn giải bài tập trên lớp .,2,1,test,bài tập và hướng dẫn giải bài tập trên lớp,Trung lập,Chương trình,10
"kiến thức học ít nhưng thi quá nhiều , khó .",0,1,test,kiến thức học ít nhưng thi quá nhiều khó,Tiêu cực,Chương trình,9
thông báo nghỉ hơi chậm .,0,1,test,thông báo nghỉ hơi chậm,Tiêu cực,Chương trình,5
"cập nhật kiến thức , chương trình đào tạo thực tế ví dụ doubledot việt nam đang bắt đầu chuyển sang giai đoạn ipv6 thì chương trình cũng phải cập nhật theo .",0,1,test,cập nhật kiến thức chương trình đào tạo thực tế ví dụ doubledot việt nam đang bắt đầu chuyển sang giai đoạn ipv6 thì chương trình cũng phải cập nhật theo,Tiêu cực,Chương trình,31
nên sử dụng slide tiếng việt .,0,1,test,nên sử dụng slide tiếng việt,Tiêu cực,Chương trình,6
bài giảng rất dễ hiểu .,1,1,test,bài giảng rất dễ hiểu,Tích cực,Chương trình,5
"môn học hay , giảng viên truyền đạt tốt .",1,1,test,môn học hay giảng viên truyền đạt tốt,Tích cực,Chương trình,8
phân bổ thời gian không hợp lý lắm trong từng phần chương trình học .,0,1,test,phân bổ thời gian không hợp lý lắm trong từng phần chương trình học,Tiêu cực,Chương trình,14
"bổ sung nhiều bài tập , hướng dẫn thảo luận tại lớp .",0,1,test,bổ sung nhiều bài tập hướng dẫn thảo luận tại lớp,Tiêu cực,Chương trình,11
"môn học cần thêm những hình ảnh , video liên quan đến môn học .",0,1,test,môn học cần thêm những hình ảnh video liên quan đến môn học,Tiêu cực,Chương trình,13
lý thuyết quá nhiều làm nhiễu thông tin .,0,1,test,lý thuyết quá nhiều làm nhiễu thông tin,Tiêu cực,Chương trình,8
em đóng góp cũng chỉ mong để sau này các lớp xử lý ngôn ngữ tự nhiên đông hơn và nhiều sinh viên chọn hơn .,1,1,test,em đóng góp cũng chỉ mong để sau này các lớp xử lý ngôn ngữ tự nhiên đông hơn và nhiều sinh viên chọn hơn,Tích cực,Chương trình,25
"không hài lòng đề thi cuối kỳ vì đề thi 60% là kiến thức không dạy trong lớp với lại đề thi chủ yếu tập trung bên kiến thức về mạng máy tính chứ không liên quan gì đến đúng môn học hệ điều hành linux , cảm thấy thất vọng , vì đối với khoa mạng thì những kiến thức về mạng thuộc nằm lòng còn đối với các khoa khác thì những kiến thức đó rất mới mẻ .",0,1,test,không hài lòng đề thi cuối kỳ vì đề thi 60 là kiến thức không dạy trong lớp với lại đề thi chủ yếu tập trung bên kiến thức về mạng máy tính chứ không liên quan gì đến đúng môn học hệ điều hành linux cảm thấy thất vọng vì đối với khoa mạng thì những kiến thức về mạng thuộc nằm lòng còn đối với các khoa khác thì những kiến thức đó rất mới mẻ,Tiêu cực,Chương trình,78
"cô thường xuyên bổ trợ kiến thức cho sinh viên về các kỹ năng nghe , nói đọc viết .",1,1,test,cô thường xuyên bổ trợ kiến thức cho sinh viên về các kỹ năng nghe nói đọc viết,Tích cực,Chương trình,18
nên có những tài liệu chủ yếu để sinh viên có thể dễ dàng tham khảo hơn .,0,1,test,nên có những tài liệu chủ yếu để sinh viên có thể dễ dàng tham khảo hơn,Tiêu cực,Chương trình,17
yêu cầu cao .,0,1,test,yêu cầu cao,Tiêu cực,Chương trình,3
giáo trình không được đầy đủ thông tin .,0,1,test,giáo trình không được đầy đủ thông tin,Tiêu cực,Chương trình,8
em chả hiểu gì về môn này .,0,1,test,em chả hiểu gì về môn này,Tiêu cực,Chương trình,7
cập nhật giáo trình mới nhất phù hợp hơn .,0,1,test,cập nhật giáo trình mới nhất phù hợp hơn,Tiêu cực,Chương trình,9
kiến thức chuyên môn và nội dung dạy .,2,1,test,kiến thức chuyên môn và nội dung dạy,Trung lập,Chương trình,8
"em nghĩ trường nên ưu tiên cho hệ chất lượng cao tụi em được học giờ giấc thoải mái hơn nếu vì lý do buổi sáng hết phòng thì cũng nên ưu tiên phòng cho tụi em theo như trường đã cam kết , theo em buổi chiều chỉ nên học 3 tiết , những môn nào học 4 tiết như anh văn hay 2 tiết như kỹ năng nghề nghiệp thì nên chuyển lên học buổi sáng .",0,1,test,em nghĩ trường nên ưu tiên cho hệ chất lượng cao tụi em được học giờ giấc thoải mái hơn nếu vì lý do buổi sáng hết phòng thì cũng nên ưu tiên phòng cho tụi em theo như trường đã cam kết theo em buổi chiều chỉ nên học 3 tiết những môn nào học 4 tiết như anh văn hay 2 tiết như kỹ năng nghề nghiệp thì nên chuyển lên học buổi sáng,Tiêu cực,Chương trình,76
nhiều bài tập rèn luyện tư duy .,1,1,test,nhiều bài tập rèn luyện tư duy,Tích cực,Chương trình,7
cho bài tập từ dễ tới khó .,2,1,test,cho bài tập từ dễ tới khó,Trung lập,Chương trình,7
cho bài tập hợp lý giúp tiếp cận kiến thức theo nhiều hướng .,1,1,test,cho bài tập hợp lý giúp tiếp cận kiến thức theo nhiều hướng,Tích cực,Chương trình,13
"học thực hành , kiến thức thì nhiều , mà thời gian học chỉ có hai tiết , em mong nhà trường tăng tiết thực hành lên thành 3 tiết cho một tuần ạ .",0,1,test,học thực hành kiến thức thì nhiều mà thời gian học chỉ có hai tiết em mong nhà trường tăng tiết thực hành lên thành 3 tiết cho một tuần ạ,Tiêu cực,Chương trình,31
nên tăng thêm số bài làm thực tế ví dụ như bấm cáp đã được học .,0,1,test,nên tăng thêm số bài làm thực tế ví dụ như bấm cáp đã được học,Tiêu cực,Chương trình,16
cần tập trung vào thực hành .,0,1,test,cần tập trung vào thực hành,Tiêu cực,Chương trình,6
"nhiều bài khá dài và khó , 1 tuần làm 1 lần sẽ không đủ để cân bằng với các môn khác .",0,1,test,nhiều bài khá dài và khó 1 tuần làm 1 lần sẽ không đủ để cân bằng với các môn khác,Tiêu cực,Chương trình,21
nên cho những đề tài đồ án hấp dẫn người làm hơn .,0,1,test,nên cho những đề tài đồ án hấp dẫn người làm hơn,Tiêu cực,Chương trình,12
bài thực hành sinh động luyện được kỹ năng làm việc nhóm .,1,1,test,bài thực hành sinh động luyện được kỹ năng làm việc nhóm,Tích cực,Chương trình,12
nên cho thực hành nhiều hơn .,1,1,test,nên cho thực hành nhiều hơn,Tích cực,Chương trình,6
"nên cho sinh viên tham gia làm các đề tài thực tế , có sự hướng dẫn của giáo viên .",0,1,test,nên cho sinh viên tham gia làm các đề tài thực tế có sự hướng dẫn của giáo viên,Tiêu cực,Chương trình,19
cần có một vài project nhỏ .,0,1,test,cần có một vài project nhỏ,Tiêu cực,Chương trình,6
khó hiểu .,0,1,test,khó hiểu,Tiêu cực,Chương trình,2
"bài tập thầy cho quá khó , nhưng không sao đề ra như vậy mới nâng cao trình độ của tụi em .",1,1,test,bài tập thầy cho quá khó nhưng không sao đề ra như vậy mới nâng cao trình độ của tụi em,Tích cực,Chương trình,21
"bỏ phần thuyết trình giữa kỳ đi , chẳng ai để ý cái đó cả !",0,1,test,bỏ phần thuyết trình giữa kỳ đi chẳng ai để ý cái đó cả,Tiêu cực,Chương trình,14
môn học rất thú vị .,1,1,test,môn học rất thú vị,Tích cực,Chương trình,5
cần áp dụng các trò chơi để giúp giảng dạy đỡ nhàm chán .,0,1,test,cần áp dụng các trò chơi để giúp giảng dạy đỡ nhàm chán,Tiêu cực,Chương trình,13
"bài tập ví dụ nhiều , dễ tiếp thu .",1,1,test,bài tập ví dụ nhiều dễ tiếp thu,Tích cực,Chương trình,8
số buổi học trên thời khóa biểu là 5 buổi nhưng lại chỉ thực hành có 3 buổi 2 buổi nghỉ liên tiếp không có thời gian thực hành nhiều .,0,1,test,số buổi học trên thời khóa biểu là 5 buổi nhưng lại chỉ thực hành có 3 buổi 2 buổi nghỉ liên tiếp không có thời gian thực hành nhiều,Tiêu cực,Chương trình,30
"bài giảng trình bày theo từng chương còn lủng củng , cần có thêm một số nguồn tài liệu khác tham khảo thêm .",0,1,test,bài giảng trình bày theo từng chương còn lủng củng cần có thêm một số nguồn tài liệu khác tham khảo thêm,Tiêu cực,Chương trình,22
slide cần đầy đủ hơn nữa .,0,1,test,slide cần đầy đủ hơn nữa,Tiêu cực,Chương trình,6
"thực hành là hình thức giúp sinh viên học tập chủ yếu , cần có sự hướng dẫn cụ thể cho sinh viên .",0,1,test,thực hành là hình thức giúp sinh viên học tập chủ yếu cần có sự hướng dẫn cụ thể cho sinh viên,Tiêu cực,Chương trình,22
"hình thức đánh giá môn học theo em là chưa hợp lý vì môn học này đánh giá qua quá nhiều hình thức doubledot thi giữa kỳ , thi cuối kỳ , thực hành , đồ án môn học .",0,1,test,hình thức đánh giá môn học theo em là chưa hợp lý vì môn học này đánh giá qua quá nhiều hình thức doubledot thi giữa kỳ thi cuối kỳ thực hành đồ án môn học,Tiêu cực,Chương trình,36
"chất lượng môn tốt , em không ý kiến .",1,1,test,chất lượng môn tốt em không ý kiến,Tích cực,Chương trình,8
odoo quá khó .,0,1,test,odoo quá khó,Tiêu cực,Chương trình,3
các hoạt động chưa vui .,0,1,test,các hoạt động chưa vui,Tiêu cực,Chương trình,5
không biết gì sau khi học môn này .,0,1,test,không biết gì sau khi học môn này,Tiêu cực,Chương trình,8
tài liệu tìm kiếm còn hạn chế .,0,1,test,tài liệu tìm kiếm còn hạn chế,Tiêu cực,Chương trình,7
cần có một bộ giáo trình cụ thể cải thiện chất lượng của lớp thực hành .,0,1,test,cần có một bộ giáo trình cụ thể cải thiện chất lượng của lớp thực hành,Tiêu cực,Chương trình,16
môn học chỉ nên có một giảng viên đứng lớp để đảm bảo tính liên tục cho bài học .,0,1,test,môn học chỉ nên có một giảng viên đứng lớp để đảm bảo tính liên tục cho bài học,Tiêu cực,Chương trình,19
"cũng như bao đứa sinh viên khác bước vào phòng báo cáo đồ án , tôi cảm thấy rất hồi hộp và lo sợ bởi lẽ đồ án lần này tôi không thật sự code 100% , tôi tham khảo nó từ internet và thay đổi một vài thứ để hoàn chỉnh và chờ đến ngày báo cáo .",0,1,test,cũng như bao đứa sinh viên khác bước vào phòng báo cáo đồ án tôi cảm thấy rất hồi hộp và lo sợ bởi lẽ đồ án lần này tôi không thật sự code 100 tôi tham khảo nó từ internet và thay đổi một vài thứ để hoàn chỉnh và chờ đến ngày báo cáo,Tiêu cực,Chương trình,56
nội dung môn học hoàn toàn không giống với phần mô tả vắn tắt nội dung môn học .,0,1,test,nội dung môn học hoàn toàn không giống với phần mô tả vắn tắt nội dung môn học,Tiêu cực,Chương trình,18
"cần có một phương pháp giảng khác , chúng em là sinh viên chứ không phải là những người đi làm .",0,1,test,cần có một phương pháp giảng khác chúng em là sinh viên chứ không phải là những người đi làm,Tiêu cực,Chương trình,20
có thể kết hợp môn này với môn toán nhằm giúp sinh viên có thể mới vào trường dễ nhận thấy cách tính các độ phức tạp .,0,1,test,có thể kết hợp môn này với môn toán nhằm giúp sinh viên có thể mới vào trường dễ nhận thấy cách tính các độ phức tạp,Tiêu cực,Chương trình,27
thực tiễn tốt .,1,1,test,thực tiễn tốt,Tích cực,Chương trình,3
cần cải thiện chương trình dạy học .,0,1,test,cần cải thiện chương trình dạy học,Tiêu cực,Chương trình,7
thêm bài tập minh họa trong thực hành .,0,1,test,thêm bài tập minh họa trong thực hành,Tiêu cực,Chương trình,8
cứ theo tiến độ của môn học .,2,1,test,cứ theo tiến độ của môn học,Trung lập,Chương trình,7
môn công nghệ web và ứng dụng có 2 tín chỉ lý thuyết .,2,1,test,môn công nghệ web và ứng dụng có 2 tín chỉ lý thuyết,Trung lập,Chương trình,13
"môn cơ chế mã độc là môn rất hay , rất cần thiết .",1,1,test,môn cơ chế mã độc là môn rất hay rất cần thiết,Tích cực,Chương trình,12
"những ví dụ thực tiễn của giáo viên còn ít , môn học lý thuyết nhiều .",0,1,test,những ví dụ thực tiễn của giáo viên còn ít môn học lý thuyết nhiều,Tiêu cực,Chương trình,15
tạo cho sinh viên khả năng suy luận trong môn học .,1,1,test,tạo cho sinh viên khả năng suy luận trong môn học,Tích cực,Chương trình,11
phần thực hành không liên quan tới lý thuyết .,0,1,test,phần thực hành không liên quan tới lý thuyết,Tiêu cực,Chương trình,9
"nên cung cấp nhiều tài liệu học tập cho sinh viên , nhà trường cần thay đổi cách giảng dạy thực hành để sinh viên cảm thấy thích thú và học tập được nhiều khi đến lớp thực hành .",0,1,test,nên cung cấp nhiều tài liệu học tập cho sinh viên nhà trường cần thay đổi cách giảng dạy thực hành để sinh viên cảm thấy thích thú và học tập được nhiều khi đến lớp thực hành,Tiêu cực,Chương trình,38
"phần thực hành khá nặng , chạy trước lý thuyết .",0,1,test,phần thực hành khá nặng chạy trước lý thuyết,Tiêu cực,Chương trình,9
nội dung .,2,1,test,nội dung,Trung lập,Chương trình,2
thêm tài liệu thực tế .,0,1,test,thêm tài liệu thực tế,Tiêu cực,Chương trình,5
chỉ toàn đọc slide lý thuyết chứ không thật sự giảng dạy và không dạy phần bài tập cho sinh viên .,0,1,test,chỉ toàn đọc slide lý thuyết chứ không thật sự giảng dạy và không dạy phần bài tập cho sinh viên,Tiêu cực,Chương trình,21
nên tăng cường thời gian tiếp xúc các thiết bị thực tế .,0,1,test,nên tăng cường thời gian tiếp xúc các thiết bị thực tế,Tiêu cực,Chương trình,12
thống nhất hình thức thi thực hành giữa các lớp với nhau .,0,1,test,thống nhất hình thức thi thực hành giữa các lớp với nhau,Tiêu cực,Chương trình,12
cần sửa đổi lịch học thực hành nếu có thể 1 tuần 1 lần cho sinh viên .,0,1,test,cần sửa đổi lịch học thực hành nếu có thể 1 tuần 1 lần cho sinh viên,Tiêu cực,Chương trình,17
môn học tạo cho sinh viên quá nhiều sự mơ hồ .,0,1,test,môn học tạo cho sinh viên quá nhiều sự mơ hồ,Tiêu cực,Chương trình,11
"thưa , em hoàn toàn hài lòng với chất lượng các buổi học của thầy và những kiến thức thầy mang lại thực sự bổ ích và phong phú .",1,1,test,thưa em hoàn toàn hài lòng với chất lượng các buổi học của thầy và những kiến thức thầy mang lại thực sự bổ ích và phong phú,Tích cực,Chương trình,28
môn nào làm đồ án nên bỏ phần kiểm tra lý thuyết cuối kỳ .,0,1,test,môn nào làm đồ án nên bỏ phần kiểm tra lý thuyết cuối kỳ,Tiêu cực,Chương trình,14
kiến thức hơi ít .,0,1,test,kiến thức hơi ít,Tiêu cực,Chương trình,4
cần thêm một số dạng bài tập ạ .,0,1,test,cần thêm một số dạng bài tập ạ,Tiêu cực,Chương trình,8
chi tiết .,2,1,test,chi tiết,Trung lập,Chương trình,2
đồng nhất một giáo trình giảng dạy .,0,1,test,đồng nhất một giáo trình giảng dạy,Tiêu cực,Chương trình,7
cần sát với thực tế hơn .,0,1,test,cần sát với thực tế hơn,Tiêu cực,Chương trình,6
"cần có một định hướng rõ trong mỗi bài thực hành , tức là khi học xong thực hành thì có thể áp dụng làm một sản phẩm thực tế được .",0,1,test,cần có một định hướng rõ trong mỗi bài thực hành tức là khi học xong thực hành thì có thể áp dụng làm một sản phẩm thực tế được,Tiêu cực,Chương trình,30
nên có ngoại khóa .,0,1,test,nên có ngoại khóa,Tiêu cực,Chương trình,4
mỗi dạng bài thì thầy ghi ra 3 câu bài tập là ổn rồi .,2,1,test,mỗi dạng bài thì thầy ghi ra 3 câu bài tập là ổn rồi,Trung lập,Chương trình,14
các kiến thức về môn này nói chung thì em rất thích nhưng khi bắt đầu lớp học thì không giống như em nghĩ .,0,1,test,các kiến thức về môn này nói chung thì em rất thích nhưng khi bắt đầu lớp học thì không giống như em nghĩ,Tiêu cực,Chương trình,24
chỉ hướng dẫn sử dụng access không hướng dẫn sử dụng database sql .,0,1,test,chỉ hướng dẫn sử dụng access không hướng dẫn sử dụng database sql,Tiêu cực,Chương trình,13
trong bài thi có phần không được học trong chương trình học của môn học .,0,1,test,trong bài thi có phần không được học trong chương trình học của môn học,Tiêu cực,Chương trình,15
"cần dạy lý thuyết trong phòng máy để đc thử nghiệm những gì vừa học ngay sau đó , vì học lý thuyết suôn rất chán , không tiếp thu được gì , thực hành thì hầu như không liên quan tới lý thuyết .",0,1,test,cần dạy lý thuyết trong phòng máy để đc thử nghiệm những gì vừa học ngay sau đó vì học lý thuyết suôn rất chán không tiếp thu được gì thực hành thì hầu như không liên quan tới lý thuyết,Tiêu cực,Chương trình,41
cần có nhiều ví dụ .,0,1,test,cần có nhiều ví dụ,Tiêu cực,Chương trình,5
"cần nhiều đề thi để sinh viên có thế ôn luyện , làm quen với cấu trúc đề thi !",0,1,test,cần nhiều đề thi để sinh viên có thế ôn luyện làm quen với cấu trúc đề thi,Tiêu cực,Chương trình,18
"một số chỗ khó hiểu , nhưng nếu chăm chỉ tự học thì sẽ khắc phục được .",2,1,test,một số chỗ khó hiểu nhưng nếu chăm chỉ tự học thì sẽ khắc phục được,Trung lập,Chương trình,16
em mong nhà trường xem lại bài thi thi đầu vào môn anh văn của nhà trường .,0,1,test,em mong nhà trường xem lại bài thi thi đầu vào môn anh văn của nhà trường,Tiêu cực,Chương trình,17
"bài tập thầy đưa ra cho lớp hơi khó , nhưng quá đó giúp chúng em rèn luyện tư duy thuật toán .",0,1,test,bài tập thầy đưa ra cho lớp hơi khó nhưng quá đó giúp chúng em rèn luyện tư duy thuật toán,Tiêu cực,Chương trình,21
phân bổ lịch thực hành cho hợp lý .,0,1,test,phân bổ lịch thực hành cho hợp lý,Tiêu cực,Chương trình,8
cập nhật thêm những cấu trúc lập trình mới !,0,1,test,cập nhật thêm những cấu trúc lập trình mới,Tiêu cực,Chương trình,9
trao đổi trên hệ thống website môn học .,1,1,test,trao đổi trên hệ thống website môn học,Tích cực,Chương trình,8
lab nhiều nhưng chưa rõ ràng .,0,1,test,lab nhiều nhưng chưa rõ ràng,Tiêu cực,Chương trình,6
"nội dung , kiến thức khá chung chung .",0,1,test,nội dung kiến thức khá chung chung,Tiêu cực,Chương trình,7
lý thuyết và môn thực hành không song song thực hành thường trước lý thuyết .,0,1,test,lý thuyết và môn thực hành không song song thực hành thường trước lý thuyết,Tiêu cực,Chương trình,15
"nên có giáo trình cụ thể để sinh viên dễ dàng tiếp thu , mở rộng kiến thức .",0,1,test,nên có giáo trình cụ thể để sinh viên dễ dàng tiếp thu mở rộng kiến thức,Tiêu cực,Chương trình,17
thay đổi phương pháp dạy học để sinh viên dễ tiếp thu kiến thức hơn .,0,1,test,thay đổi phương pháp dạy học để sinh viên dễ tiếp thu kiến thức hơn,Tiêu cực,Chương trình,15
sinh viên học xong có thể làm bài kiểm tra tốt nhưng đa số không thể giao tiếp cơ bản bằng tiếng anh .,0,1,test,sinh viên học xong có thể làm bài kiểm tra tốt nhưng đa số không thể giao tiếp cơ bản bằng tiếng anh,Tiêu cực,Chương trình,23
thiết nghĩ nhà trường cần đặt chuẩn tiếng anh đầu vào cho lớp chất lượng cao cao hơn nữa để lớp có thể thực sự học bằng tiếng anh .,0,1,test,thiết nghĩ nhà trường cần đặt chuẩn tiếng anh đầu vào cho lớp chất lượng cao cao hơn nữa để lớp có thể thực sự học bằng tiếng anh,Tiêu cực,Chương trình,29
chất lượng môn học tốt .,1,1,test,chất lượng môn học tốt,Tích cực,Chương trình,5
"mục đích của môn học , có liên quan gì dến những môn học trước và sau này .",0,1,test,mục đích của môn học có liên quan gì dến những môn học trước và sau này,Tiêu cực,Chương trình,17
cần có giáo trình chi tiết về môn học cho sinh viên dễ nắm bắt .,1,1,test,cần có giáo trình chi tiết về môn học cho sinh viên dễ nắm bắt,Tích cực,Chương trình,15
chỉ có 1 điểm em không hài lòng đó là đề thi cuối kỳ vô cùng dài .,0,1,test,chỉ có 1 điểm em không hài lòng đó là đề thi cuối kỳ vô cùng dài,Tiêu cực,Chương trình,17
kiến thức hay và sự tận tâm của giảng viên .,1,1,test,kiến thức hay và sự tận tâm của giảng viên,Tích cực,Chương trình,10
"đồ án cũng rất mơ hồ , không thực tế .",0,1,test,đồ án cũng rất mơ hồ không thực tế,Tiêu cực,Chương trình,9
"môn học này nên thường xuyên cập nhật mới , phù hợp với lại thực tế .",0,1,test,môn học này nên thường xuyên cập nhật mới phù hợp với lại thực tế,Tiêu cực,Chương trình,15
đề cương đầy đủ chi tiết .,1,1,test,đề cương đầy đủ chi tiết,Tích cực,Chương trình,6
môn lập trình trên thiết bị di động nên lấy điểm đồ án thay cho thi cuối kỳ luôn chứ không nên thi cuối kỳ như hiện nay .,0,1,test,môn lập trình trên thiết bị di động nên lấy điểm đồ án thay cho thi cuối kỳ luôn chứ không nên thi cuối kỳ như hiện nay,Tiêu cực,Chương trình,28
thay vì đưa bài ra rồi bảo các bạn nộp kết quả .,2,1,test,thay vì đưa bài ra rồi bảo các bạn nộp kết quả,Trung lập,Chương trình,12
"cần có những tiết ngoại khóa như giao lưu tiếng anh giữa các lớp , thực hành giao tiếp ngoài xã hội .",0,1,test,cần có những tiết ngoại khóa như giao lưu tiếng anh giữa các lớp thực hành giao tiếp ngoài xã hội,Tiêu cực,Chương trình,21
cung cấp cho sinh viên những kiến thức tổng quát về môn học .,1,1,test,cung cấp cho sinh viên những kiến thức tổng quát về môn học,Tích cực,Chương trình,13
"môn học này mặc dù phòng đào tạo cho sinh viên đăng ký nhưng em không thấy sắp xếp lịch học , phòng học .",0,1,test,môn học này mặc dù phòng đào tạo cho sinh viên đăng ký nhưng em không thấy sắp xếp lịch học phòng học,Tiêu cực,Chương trình,23
một số thông tin quan trọng của môn học hoặc một số thay đổi của môn học cần thông báo đến sinh viên qua một số kênh như website môn học hoặc cổng thông tin đào tạo hoặc forum .,0,1,test,một số thông tin quan trọng của môn học hoặc một số thay đổi của môn học cần thông báo đến sinh viên qua một số kênh như website môn học hoặc cổng thông tin đào tạo hoặc forum,Tiêu cực,Chương trình,39
tài liệu cực kỳ dễ hiểu .,1,1,test,tài liệu cực kỳ dễ hiểu,Tích cực,Chương trình,6
môn học cần vận dụng tối đa giữa lý thuyết và thực hành .,0,1,test,môn học cần vận dụng tối đa giữa lý thuyết và thực hành,Tiêu cực,Chương trình,13
cứ theo tiến độ của chương trình môn học .,2,1,test,cứ theo tiến độ của chương trình môn học,Trung lập,Chương trình,9
"nên có những buổi học với giảng viên nước ngoài để có môi trường thực hành giao tiếp một cách thực tế , được xem cách người người bản xứ phát âm thì sẽ tốt hơn rất nhiều .",0,1,test,nên có những buổi học với giảng viên nước ngoài để có môi trường thực hành giao tiếp một cách thực tế được xem cách người người bản xứ phát âm thì sẽ tốt hơn rất nhiều,Tiêu cực,Chương trình,37
"môn này hay , tuy nhiên thời gian học quá ít , sinh viên vận dụng chưa được nhiều trong thực tế .",0,1,test,môn này hay tuy nhiên thời gian học quá ít sinh viên vận dụng chưa được nhiều trong thực tế,Tiêu cực,Chương trình,20
rèn luyện nhiều khả năng nói tiếng anh cho sinh viên .,1,1,test,rèn luyện nhiều khả năng nói tiếng anh cho sinh viên,Tích cực,Chương trình,11
chương trình của trường mình ngày càng không sát thực tiễn .,0,1,test,chương trình của trường mình ngày càng không sát thực tiễn,Tiêu cực,Chương trình,11
phải rõ ràng hơn về phần bài tập moodle ví dụ như điểm số .,0,1,test,phải rõ ràng hơn về phần bài tập moodle ví dụ như điểm số,Tiêu cực,Chương trình,14
em không hiểu sao chương trình chất lượng cao mà lại cho bọn em học phòng kém hiệu quả như vậy .,0,1,test,em không hiểu sao chương trình chất lượng cao mà lại cho bọn em học phòng kém hiệu quả như vậy,Tiêu cực,Chương trình,21
đề nghị là cho sinh viên tuần nào cũng học hoặc sắp xếp như thế nào để sinh viên không phải bị mất bài vì lý do học cách tuần trong khi đó bài mới thì liên tục em cảm ơn .,0,1,test,đề nghị là cho sinh viên tuần nào cũng học hoặc sắp xếp như thế nào để sinh viên không phải bị mất bài vì lý do học cách tuần trong khi đó bài mới thì liên tục em cảm ơn,Tiêu cực,Chương trình,41
"chương trình học còn khá nặng vả thời gian có hạn , khó để bắt kịp .",0,1,test,chương trình học còn khá nặng vả thời gian có hạn khó để bắt kịp,Tiêu cực,Chương trình,15
còn điều không thích nhất vẫn giống cái kia thôi .,0,1,test,còn điều không thích nhất vẫn giống cái kia thôi,Tiêu cực,Chương trình,10
môn học có quá nhiều kiến thức chuyên sâu và yêu cầu quá cao với một trường không thuộc khối kinh tế như công nghệ thông tin .,0,1,test,môn học có quá nhiều kiến thức chuyên sâu và yêu cầu quá cao với một trường không thuộc khối kinh tế như công nghệ thông tin,Tiêu cực,Chương trình,27
dạy kỹ các phần quan trọng .,2,1,test,dạy kỹ các phần quan trọng,Trung lập,Chương trình,6
"bài tập đầy đủ , hiệu quả .",1,1,test,bài tập đầy đủ hiệu quả,Tích cực,Chương trình,6
"nên có một số bài thực hành về source code luôn , bỏ mấy bài lý thuyết linh tinh đi .",0,1,test,nên có một số bài thực hành về source code luôn bỏ mấy bài lý thuyết linh tinh đi,Tiêu cực,Chương trình,19
"nhìn chung em hài lòng về môn học này , nên em không có ý kiến khác .",1,1,test,nhìn chung em hài lòng về môn học này nên em không có ý kiến khác,Tích cực,Chương trình,16
cho bài tập làm nhiều hơn điểm danh lấy điểm 5 - 10% cho bài kiểm tra trên lớp nhiều hơn .,0,1,test,cho bài tập làm nhiều hơn điểm danh lấy điểm 5 10 cho bài kiểm tra trên lớp nhiều hơn,Tiêu cực,Chương trình,20
"đề cương vắn tắt , nên cụ thể hơn .",0,1,test,đề cương vắn tắt nên cụ thể hơn,Tiêu cực,Chương trình,8
"em nghĩ thầy nên bổ sung hình vẽ vào slide bài giảng , hoặc ít nhất trong lúc giảng thầy rời ghế và vẽ lên bảng cho sinh viên dễ hình dung .",0,1,test,em nghĩ thầy nên bổ sung hình vẽ vào slide bài giảng hoặc ít nhất trong lúc giảng thầy rời ghế và vẽ lên bảng cho sinh viên dễ hình dung,Tiêu cực,Chương trình,31
"nếu muốn anh văn trở thành ngôn ngữ thứ hai thì cần phải sử dụng tiếng anh liên tục để nó thắm vào sương tủy , nhưng trường vẫn quá tập trung vào cách dạy theo kiểu phổ thông tức là học chỉ lấy điểm số nên tôi muốn nhà trường hãy tạo một phương pháp là học anh văn là vì giao tiếp chứ đừng vì những bài kiểm tra hay điểm số .",0,1,test,nếu muốn anh văn trở thành ngôn ngữ thứ hai thì cần phải sử dụng tiếng anh liên tục để nó thắm vào sương tủy nhưng trường vẫn quá tập trung vào cách dạy theo kiểu phổ thông tức là học chỉ lấy điểm số nên tôi muốn nhà trường hãy tạo một phương pháp là học anh văn là vì giao tiếp chứ đừng vì những bài kiểm tra hay điểm số,Tiêu cực,Chương trình,73
nên giảm tiết và tăng ngày dạy .,0,1,test,nên giảm tiết và tăng ngày dạy,Tiêu cực,Chương trình,7
"cho làm các bài kiểm tra cuối giờ , giúp chúng em phải tập trung nghe bài .",1,1,test,cho làm các bài kiểm tra cuối giờ giúp chúng em phải tập trung nghe bài,Tích cực,Chương trình,16
ít bài tập để rèn luyện kỹ năng .,0,1,test,ít bài tập để rèn luyện kỹ năng,Tiêu cực,Chương trình,8
cần tăng cường các bài tập làm thêm .,0,1,test,cần tăng cường các bài tập làm thêm,Tiêu cực,Chương trình,8
"nên giảm số lượng sinh viên trên một lớp để giảng viên hỗ trợ tốt hơn cho sinh viên , môn học này cần giao tiếp nhiều giữa giảng viên và sinh viên , thời lượng môn học nên tăng lên .",0,1,test,nên giảm số lượng sinh viên trên một lớp để giảng viên hỗ trợ tốt hơn cho sinh viên môn học này cần giao tiếp nhiều giữa giảng viên và sinh viên thời lượng môn học nên tăng lên,Tiêu cực,Chương trình,39
nâng cao kiến thức .,1,1,test,nâng cao kiến thức,Tích cực,Chương trình,4
"cần thêm các tiết speaking đối thoại , thực hành , cho các đề tài làm việc nhóm , thi nói , thuyết trình .",0,1,test,cần thêm các tiết speaking đối thoại thực hành cho các đề tài làm việc nhóm thi nói thuyết trình,Tiêu cực,Chương trình,20
"thay vào đó nên dạy những nội dung liên quan hơn về ngành ta như cách cài đặt hệ điều hành lớp em có bạn không cài được hệ điều hành nữa , dạy thêm các kinh nghiệm khi phỏng vấn xin việc , xin học bổng , xin thực tập .",0,1,test,thay vào đó nên dạy những nội dung liên quan hơn về ngành ta như cách cài đặt hệ điều hành lớp em có bạn không cài được hệ điều hành nữa dạy thêm các kinh nghiệm khi phỏng vấn xin việc xin học bổng xin thực tập,Tiêu cực,Chương trình,48
nên có thêm bài tập về nhà .,0,1,test,nên có thêm bài tập về nhà,Tiêu cực,Chương trình,7
cô rất tận tình trong việc củng cố kiến thức .,1,1,test,cô rất tận tình trong việc củng cố kiến thức,Tích cực,Chương trình,10
có thêm nhiều tài liệu thực hành hơn .,0,1,test,có thêm nhiều tài liệu thực hành hơn,Tiêu cực,Chương trình,8
em học được nhiều thứ từ môn này ạ colonlove .,1,1,test,em học được nhiều thứ từ môn này ạ colonlove,Tích cực,Chương trình,10
"đề thi giữa kỳ là lý thuyết , nhưng đề bài hầu như y chang đề cương cho , không có chút khác biệt , kể cả câu bài tập cũng cho y chang , kể cả những con số , như vậy người nào chỉ cần học thuộc lòng là xong , mong thầy fraction cô thay thế phương pháp kiểm tra , như chuyển sang trắc nghiệm chẳng hạn .",0,1,test,đề thi giữa kỳ là lý thuyết nhưng đề bài hầu như y chang đề cương cho không có chút khác biệt kể cả câu bài tập cũng cho y chang kể cả những con số như vậy người nào chỉ cần học thuộc lòng là xong mong thầy fraction cô thay thế phương pháp kiểm tra như chuyển sang trắc nghiệm chẳng hạn,Tiêu cực,Chương trình,64
dẫn đến việc tiếp thu kiến thức và làm bài tập rất khó .,0,1,test,dẫn đến việc tiếp thu kiến thức và làm bài tập rất khó,Tiêu cực,Chương trình,13
cần cập nhật giáo trình giảng dạy slide đang giảng dạy là từ năm 2000 .,0,1,test,cần cập nhật giáo trình giảng dạy slide đang giảng dạy là từ năm 2000,Tiêu cực,Chương trình,15
em rất hài lòng với môn học này .,1,1,test,em rất hài lòng với môn học này,Tích cực,Chương trình,8
cần cập nhật giáo trình cho sinh viên .,0,1,test,cần cập nhật giáo trình cho sinh viên,Tiêu cực,Chương trình,8
"theo em , chất lượng học ở trung tâm itp rất tốt nhưng chương trình em học nó lại ngắn hơn so với chương trình thì rất ít xấp xỉ 1 - 3 so với học bên ngoài đồng nghĩa với việc phải học một buổi chỉ được 2 tiếng rưỡi mà có khi em phải học 3 chương nên rất khó tiếp thu .",0,1,test,theo em chất lượng học ở trung tâm itp rất tốt nhưng chương trình em học nó lại ngắn hơn so với chương trình thì rất ít xấp xỉ 1 3 so với học bên ngoài đồng nghĩa với việc phải học một buổi chỉ được 2 tiếng rưỡi mà có khi em phải học 3 chương nên rất khó tiếp thu,Tiêu cực,Chương trình,62
nếu mà học như vậy thì sinh viên ngồi ở nhà lên mạng làm bài cũng được .,0,1,test,nếu mà học như vậy thì sinh viên ngồi ở nhà lên mạng làm bài cũng được,Tiêu cực,Chương trình,17
những tiết thực hành rất bổ ích ạ .,1,1,test,những tiết thực hành rất bổ ích ạ,Tích cực,Chương trình,8
"cô nhiệt tình , dạy có tâm .",1,1,test,cô nhiệt tình dạy có tâm,Tích cực,Chương trình,6
em nghĩ sơ đồ của đề thi ( câu tự luân ) nên dịch ra tiếng việt .,0,1,test,em nghĩ sơ đồ của đề thi câu tự luân nên dịch ra tiếng việt,Tiêu cực,Chương trình,15
không công bằng trong điểm số giữa học sinh 2 lớp .,0,1,test,không công bằng trong điểm số giữa học sinh 2 lớp,Tiêu cực,Chương trình,11
định hướng từ sớm về cách tiếp cận đồ án đối với sinh viên .,0,1,test,định hướng từ sớm về cách tiếp cận đồ án đối với sinh viên,Tiêu cực,Chương trình,14
lớp học sôi động .,1,1,test,lớp học sôi động,Tích cực,Chương trình,4
đến lớp đúng giờ !,1,1,test,đến lớp đúng giờ,Tích cực,Chương trình,4
bài tập thực hành giúp sinh viên nâng cao mạnh kỹ năng lập trình .,1,1,test,bài tập thực hành giúp sinh viên nâng cao mạnh kỹ năng lập trình,Tích cực,Chương trình,14
"thực hành viết một chương trình hoàn thiện ngay từ buổi thứ 2 nhưng lý thuyết sau khi thi giữa kỳ 2 - 3 tuần mới học tới nên em đề nghị có sự điều chỉnh để thực hành sau khi đã học lý thuyết ở các môn học sau , không nên giữ chương trình đào tạo không hiệu quả như vậy trong nhiều năm và những năm tới .",0,1,test,thực hành viết một chương trình hoàn thiện ngay từ buổi thứ 2 nhưng lý thuyết sau khi thi giữa kỳ 2 3 tuần mới học tới nên em đề nghị có sự điều chỉnh để thực hành sau khi đã học lý thuyết ở các môn học sau không nên giữ chương trình đào tạo không hiệu quả như vậy trong nhiều năm và những năm tới,Tiêu cực,Chương trình,68
cần phân thành hai môn java cơ bản và java nâng cao .,0,1,test,cần phân thành hai môn java cơ bản và java nâng cao,Tiêu cực,Chương trình,12
"nên giới thiệu những kỹ năng cần khi làm trong mảng nào đó ví dụ doubledot làm web thì cần biết php , html , cs , hay làm hệ thống nhúng cần biết c , vdotv .",0,1,test,nên giới thiệu những kỹ năng cần khi làm trong mảng nào đó ví dụ doubledot làm web thì cần biết php html cs hay làm hệ thống nhúng cần biết c vdotv,Tiêu cực,Chương trình,33
"cập nhật chương trình học , cần có bộ slide hay giáo trình tiếng việt riêng cho môn học .",0,1,test,cập nhật chương trình học cần có bộ slide hay giáo trình tiếng việt riêng cho môn học,Tiêu cực,Chương trình,18
đề nghị giảm tải đối với môn học này !,0,1,test,đề nghị giảm tải đối với môn học này,Tiêu cực,Chương trình,9
nên bổ sung làm bài tập online .,0,1,test,nên bổ sung làm bài tập online,Tiêu cực,Chương trình,7
"dạ , cho em hỏi là trường mình là tạo sao không dùng ngôn ngữ c thay cho assembly .",2,1,test,dạ cho em hỏi là trường mình là tạo sao không dùng ngôn ngữ c thay cho assembly,Trung lập,Chương trình,18
tài liệu đầy đủ kiến thức .,1,1,test,tài liệu đầy đủ kiến thức,Tích cực,Chương trình,6
nên tăng cường kỹ năng nghe và nói .,0,1,test,nên tăng cường kỹ năng nghe và nói,Tiêu cực,Chương trình,8
"cần tăng số buổi học thực hành , 3 buổi là tương đối ít , không đủ để giảng viên truyền đạt hết nội dung thực hành .",0,1,test,cần tăng số buổi học thực hành 3 buổi là tương đối ít không đủ để giảng viên truyền đạt hết nội dung thực hành,Tiêu cực,Chương trình,25
"giảm bớt mớ lý thuyết lằng nhằng mà khó hiểu , tăng cường bài tập cũng như ví dụ nhưng giảng viên phải sửa cho sinh viên biết vấn đề .",0,1,test,giảm bớt mớ lý thuyết lằng nhằng mà khó hiểu tăng cường bài tập cũng như ví dụ nhưng giảng viên phải sửa cho sinh viên biết vấn đề,Tiêu cực,Chương trình,29
môn học này chất lượng bình thường .,2,1,test,môn học này chất lượng bình thường,Trung lập,Chương trình,7
môn này là môn em hài lòng nhất từ trước tới giờ .,1,1,test,môn này là môn em hài lòng nhất từ trước tới giờ,Tích cực,Chương trình,12
nên khuyến khích kỹ năng nghe nói .,0,1,test,nên khuyến khích kỹ năng nghe nói,Tiêu cực,Chương trình,7
đi học rất ít nên rất mất công người đi dậy .,2,1,test,đi học rất ít nên rất mất công người đi dậy,Trung lập,Chương trình,11
kiến thức được khơi thông quá nhiều .,0,1,test,kiến thức được khơi thông quá nhiều,Tiêu cực,Chương trình,7
nội dung thực hành rất hợp lý .,1,1,test,nội dung thực hành rất hợp lý,Tích cực,Chương trình,7
nội dung thực hành cũng không rõ ràng và giảng viên cũng không rõ về thực hành .,0,1,test,nội dung thực hành cũng không rõ ràng và giảng viên cũng không rõ về thực hành,Tiêu cực,Chương trình,17
"ngoài ra , môn này khi đánh giá đồ án cuối kỳ thì chỉ nên đánh giá vào cách trình bày file báo cáo , cách báo cáo , cách thuyết trình .",0,1,test,ngoài ra môn này khi đánh giá đồ án cuối kỳ thì chỉ nên đánh giá vào cách trình bày file báo cáo cách báo cáo cách thuyết trình,Tiêu cực,Chương trình,29
đối với môn anh văn tránh sa đà vào chỉ luyện tập kỹ năng về đọc và viết mà nên thực hành kỹ năng nghe nói nhiều hơn và hiệu quả hơn .,0,1,test,đối với môn anh văn tránh sa đà vào chỉ luyện tập kỹ năng về đọc và viết mà nên thực hành kỹ năng nghe nói nhiều hơn và hiệu quả hơn,Tiêu cực,Chương trình,32
"tạo ra một môi trường năng động , giúp đỡ nhiều cho sinh viên trong kỹ năng học tập và làm việc cũng như cách cư xử trong cuộc sống .",1,1,test,tạo ra một môi trường năng động giúp đỡ nhiều cho sinh viên trong kỹ năng học tập và làm việc cũng như cách cư xử trong cuộc sống,Tích cực,Chương trình,29
cho sinh viên thực hành một đề bài quản lý thông tin trên nhiều ngôn ngữ do sinh viên tự chọn để sinh viên thấy được mối liên quan của môn học với những môn khác cũng như với thực tế .,0,1,test,cho sinh viên thực hành một đề bài quản lý thông tin trên nhiều ngôn ngữ do sinh viên tự chọn để sinh viên thấy được mối liên quan của môn học với những môn khác cũng như với thực tế,Tiêu cực,Chương trình,41
phân bố thời gian khoảng 3 tiết .,2,1,test,phân bố thời gian khoảng 3 tiết,Trung lập,Chương trình,7
nếu có phần mềm minh họa cho các thuật toán thì sẽ tốt hơn .,0,1,test,nếu có phần mềm minh họa cho các thuật toán thì sẽ tốt hơn,Tiêu cực,Chương trình,14
đề thi thực hành quá khó .,0,1,test,đề thi thực hành quá khó,Tiêu cực,Chương trình,6
"môn thiết kế mạng cần cho sinh viên thực hành với những dự án thực tế đã có , giảm các trường hợp giả sử , giúp rút ngắn giai đoạn thích nghi công việc sau khi ra trường .",0,1,test,môn thiết kế mạng cần cho sinh viên thực hành với những dự án thực tế đã có giảm các trường hợp giả sử giúp rút ngắn giai đoạn thích nghi công việc sau khi ra trường,Tiêu cực,Chương trình,37
"em có học ở một trung tâm tiếng anh ở ngoài trường , thời lượng hợp lý , không nhiều không ít khoảng 2 - 3 tiết một buổi !",2,1,test,em có học ở một trung tâm tiếng anh ở ngoài trường thời lượng hợp lý không nhiều không ít khoảng 2 3 tiết một buổi,Trung lập,Chương trình,26
